account_id,report_date,age,employment_status,marital_status,dependents,region,internal_score,dpd,credit_utilization,macro_gdp_growth,macro_unemployment,macro_interest_rate,stage,pit_pd_12m,default_flag
1,2018-01-01,59,Employed,Married,3,West,522,51,0.11,3.21,6.78,2.88,2,0.1663,0
2,2018-01-02,49,Employed,Single,3,East,803,8,0.76,2.16,7.09,3.93,1,0.1081,0
3,2018-01-03,35,Unemployed,Single,4,South,510,34,1.17,1.19,4.64,3.5,2,0.17880000000000001,0
4,2018-01-04,63,Employed,Single,4,West,874,66,1.05,1.87,6.03,2.74,2,0.08795,0
5,2018-01-05,28,Employed,Widowed,2,North,561,94,1.46,4.59,2.1,2.46,3,0.11935,0
6,2018-01-06,41,Unemployed,Divorced,4,South,817,105,0.04,2.71,3.26,3.7,3,0.07995,0
7,2018-01-07,59,Unemployed,Single,4,East,547,6,0.39,0.3,5.76,2.59,1,0.18405000000000002,0
8,2018-01-08,39,Employed,Married,0,North,556,1,0.82,2.08,5.54,3.12,1,0.16290000000000002,0
9,2018-01-09,43,Employed,Married,1,South,362,24,0.93,1.4,3.58,3.75,1,0.20839999999999997,1
10,2018-01-10,31,Employed,Married,3,West,691,103,0.41,0.73,4.43,3.09,3,0.1371,0
11,2018-01-11,31,Unemployed,Single,4,East,839,75,1.24,2.48,5.53,3.01,2,0.08810000000000001,0
12,2018-01-12,44,Retired,Single,3,East,716,93,0.25,1.03,4.99,2.16,3,0.13065,0
13,2018-01-13,56,Employed,Married,4,South,352,117,0.0,3.55,4.66,3.5,3,0.19479999999999997,0
14,2018-01-14,60,Employed,Widowed,4,East,337,93,1.43,3.34,2.88,2.09,3,0.19174999999999998,1
15,2018-01-15,44,Unemployed,Married,2,North,607,92,0.59,1.27,5.53,3.68,3,0.1582,0
16,2018-01-16,23,Employed,Single,0,South,352,40,1.44,1.21,4.72,2.16,2,0.21849999999999997,1
17,2018-01-17,42,Employed,Single,1,North,751,74,0.42,2.67,8.26,2.59,2,0.12184999999999999,0
18,2018-01-18,22,Retired,Married,1,East,760,114,0.1,3.02,7.11,3.58,3,0.11035,0
19,2018-01-19,44,Employed,Married,2,East,785,51,1.16,1.75,5.2,3.72,2,0.10725,0
20,2018-01-20,64,Self-Employed,Married,2,East,436,86,1.25,2.98,2.09,3.05,2,0.16665,0
21,2018-01-21,50,Employed,Married,1,North,671,80,0.74,3.66,8.64,2.82,2,0.13385000000000002,0
22,2018-01-22,58,Employed,Single,1,East,555,76,0.11,2.33,6.23,3.08,2,0.1641,0
23,2018-01-23,22,Unemployed,Married,0,South,694,96,0.98,0.97,4.17,2.02,3,0.13265,0
24,2018-01-24,41,Employed,Married,4,West,336,64,0.27,2.79,6.33,3.55,2,0.21474999999999997,1
25,2018-01-25,53,Retired,Single,0,South,446,103,1.27,2.14,6.19,2.69,3,0.19305,0
26,2018-01-26,32,Self-Employed,Married,1,West,307,76,0.41,1.68,4.02,2.87,2,0.22155,0
27,2018-01-27,42,Employed,Single,4,East,550,37,1.27,2.75,3.6,3.04,2,0.14800000000000002,0
28,2018-01-28,64,Employed,Single,1,South,870,66,0.64,3.21,6.11,3.14,2,0.07595,0
29,2018-01-29,45,Employed,Single,0,North,746,79,0.89,2.19,6.61,3.22,2,0.11965,0
30,2018-01-30,69,Employed,Single,0,West,562,41,1.18,-0.28,5.48,3.61,2,0.18470000000000003,0
31,2018-01-31,47,Employed,Single,0,North,738,70,0.06,2.12,5.38,3.64,2,0.1162,0
32,2018-02-01,62,Employed,Married,4,West,558,53,1.23,2.23,7.03,2.98,2,0.16835,0
33,2018-02-02,48,Employed,Married,3,East,622,116,0.21,4.59,4.77,3.37,3,0.11745,1
34,2018-02-03,36,Unemployed,Married,3,South,829,66,0.54,2.13,0.67,3.44,2,0.0698,0
35,2018-02-04,35,Self-Employed,Single,1,West,600,77,0.71,1.83,5.8,2.13,2,0.1557,0
36,2018-02-05,67,Unemployed,Single,4,South,784,63,1.34,2.69,6.73,2.78,2,0.10575000000000001,0
37,2018-02-06,64,Employed,Married,2,West,391,79,0.03,1.7,5.71,2.55,2,0.20879999999999999,0
38,2018-02-07,23,Employed,Single,3,West,463,3,0.84,1.31,3.08,3.01,1,0.18155000000000002,0
39,2018-02-08,57,Self-Employed,Single,4,East,634,30,0.96,0.41,4.04,3.63,2,0.1526,1
40,2018-02-09,27,Employed,Divorced,4,West,614,12,0.47,1.4,4.79,3.39,1,0.15145,0
41,2018-02-10,41,Employed,Married,3,North,537,26,0.44,0.09,3.02,3.41,1,0.17495,1
42,2018-02-11,29,Unemployed,Divorced,4,West,382,58,0.74,2.28,4.14,2.8,2,0.19739999999999996,0
43,2018-02-12,59,Unemployed,Married,4,West,408,64,0.28,2.22,7.09,2.8,2,0.20625,0
44,2018-02-13,38,Employed,Single,3,West,477,63,0.7,2.7,3.51,2.7,2,0.1663,0
45,2018-02-14,24,Employed,Married,0,East,549,24,1.15,0.97,4.55,2.55,1,0.1708,0
46,2018-02-15,45,Unemployed,Single,1,South,866,36,1.27,0.56,6.07,3.29,2,0.10325000000000001,0
47,2018-02-16,34,Self-Employed,Married,2,South,390,113,0.58,4.06,2.59,2.73,3,0.16985,0
48,2018-02-17,29,Unemployed,Single,1,East,638,107,0.93,1.92,7.03,2.35,3,0.15144999999999997,0
49,2018-02-18,46,Unemployed,Married,0,North,468,74,0.0,2.7,4.07,3.14,2,0.17135,0
50,2018-02-19,22,Unemployed,Single,0,North,438,72,0.83,2.13,3.42,3.03,2,0.1813,0
51,2018-02-20,40,Employed,Divorced,4,East,816,70,1.46,2.74,7.08,3.15,2,0.099,1
52,2018-02-21,48,Employed,Divorced,1,South,877,13,0.47,2.23,6.31,3.72,1,0.085,0
53,2018-02-22,67,Self-Employed,Married,0,North,483,93,0.89,1.2,3.46,3.01,3,0.17955,0
54,2018-02-23,27,Self-Employed,Married,1,East,469,23,1.14,2.54,4.43,2.68,1,0.1745,0
55,2018-02-24,64,Unemployed,Married,0,South,661,66,0.91,2.3,5.43,2.68,2,0.13390000000000002,0
56,2018-02-25,28,Employed,Married,2,North,543,47,0.63,0.32,4.51,2.52,2,0.1786,0
57,2018-02-26,67,Employed,Married,0,North,437,102,0.23,2.29,6.93,2.62,3,0.19749999999999998,0
58,2018-02-27,55,Unemployed,Married,1,East,327,90,0.7,1.61,6.29,2.37,3,0.22859999999999997,0
59,2018-02-28,34,Unemployed,Married,4,South,818,64,0.44,1.33,0.5,3.06,2,0.0797,0
60,2018-03-01,37,Retired,Divorced,1,North,697,37,1.04,2.98,3.76,2.66,2,0.10975,0
61,2018-03-02,56,Unemployed,Married,3,East,632,89,0.66,1.93,4.19,3.06,2,0.13865,0
62,2018-03-03,60,Self-Employed,Married,1,North,616,69,1.27,1.96,4.29,2.82,2,0.14285,0
63,2018-03-04,24,Self-Employed,Married,2,South,862,58,0.29,2.09,5.67,2.95,2,0.08695,0
64,2018-03-05,22,Unemployed,Married,2,West,725,105,0.63,1.97,6.7,3.88,3,0.12755,0
65,2018-03-06,26,Self-Employed,Married,2,North,435,11,0.84,1.9,4.04,3.57,1,0.18744999999999998,1
66,2018-03-07,62,Self-Employed,Single,0,South,566,53,0.19,3.46,3.31,2.23,2,0.13545,0
67,2018-03-08,24,Employed,Married,2,North,406,50,0.88,1.32,4.51,2.7,2,0.20284999999999997,0
68,2018-03-09,49,Employed,Widowed,1,West,859,37,0.44,0.26,1.75,2.05,2,0.0864,0
69,2018-03-10,38,Unemployed,Married,4,West,437,45,0.34,2.04,6.05,2.8,2,0.1956,0
70,2018-03-11,46,Employed,Married,2,North,346,98,0.21,1.06,4.81,3.17,3,0.22194999999999998,0
71,2018-03-12,64,Employed,Single,1,East,667,9,0.52,0.9,4.38,3.54,1,0.14115,0
72,2018-03-13,54,Employed,Married,0,North,305,8,1.39,1.98,5.33,3.51,1,0.2256,0
73,2018-03-14,30,Employed,Married,0,South,822,86,0.05,2.27,3.62,3.16,2,0.0849,0
74,2018-03-15,56,Employed,Married,4,East,828,93,1.28,1.83,4.47,2.53,3,0.09204999999999999,0
75,2018-03-16,34,Employed,Single,4,South,571,51,0.6,1.54,3.98,3.42,2,0.15675,0
76,2018-03-17,51,Retired,Divorced,1,South,365,50,0.84,1.8,2.16,3.02,2,0.19655,0
77,2018-03-18,68,Employed,Married,4,East,719,21,0.77,1.95,4.99,3.09,1,0.1207,1
78,2018-03-19,35,Employed,Single,4,West,638,110,1.39,2.0,8.78,3.98,3,0.1594,1
79,2018-03-20,28,Employed,Single,0,South,797,72,1.16,0.21,5.04,2.53,2,0.11885,0
80,2018-03-21,34,Self-Employed,Single,1,North,768,82,1.48,2.87,3.84,4.04,2,0.0935,0
81,2018-03-22,43,Employed,Married,4,West,630,71,1.19,0.54,5.09,3.9,2,0.15755000000000002,0
82,2018-03-23,60,Unemployed,Single,1,West,430,117,0.44,1.33,3.36,3.03,3,0.19099999999999998,1
83,2018-03-24,41,Self-Employed,Single,2,East,829,67,1.44,0.45,4.1,3.1,2,0.10375000000000001,0
84,2018-03-25,36,Unemployed,Married,0,North,737,4,1.48,2.17,4.36,2.65,1,0.11085,0
85,2018-03-26,65,Employed,Single,0,North,542,82,0.18,1.29,4.17,3.1,2,0.16745,0
86,2018-03-27,38,Self-Employed,Single,0,West,762,109,1.35,1.82,4.56,3.05,3,0.10910000000000002,1
87,2018-03-28,67,Employed,Married,3,South,649,81,1.0,1.26,6.04,2.66,2,0.15034999999999998,1
88,2018-03-29,44,Retired,Married,1,South,316,28,1.38,0.95,4.39,2.64,1,0.22845,0
89,2018-03-30,46,Self-Employed,Married,2,North,765,82,1.37,-0.51,4.56,2.88,2,0.13165000000000002,0
90,2018-03-31,45,Employed,Married,4,West,662,5,1.34,1.41,2.12,3.0,1,0.126,0
91,2018-04-01,65,Employed,Married,2,West,509,68,1.33,0.79,3.02,2.14,2,0.17495,0
92,2018-04-02,61,Employed,Married,1,West,824,57,0.18,2.52,5.12,3.56,2,0.08940000000000001,0
93,2018-04-03,49,Self-Employed,Single,0,East,719,42,0.22,4.08,6.71,2.75,2,0.10800000000000001,0
94,2018-04-04,35,Employed,Single,3,North,432,119,0.18,3.83,4.72,2.85,3,0.17229999999999998,0
95,2018-04-05,65,Self-Employed,Married,1,North,313,68,0.14,1.92,4.89,3.09,2,0.22199999999999998,0
96,2018-04-06,21,Employed,Single,1,South,343,71,0.53,1.21,2.87,2.87,2,0.21149999999999997,0
97,2018-04-07,45,Self-Employed,Married,4,South,676,90,1.03,0.05,3.77,3.57,3,0.14435,0
98,2018-04-08,27,Unemployed,Married,2,North,594,36,0.53,1.58,5.36,2.86,2,0.1575,0
99,2018-04-09,29,Unemployed,Single,2,North,695,106,1.08,1.09,6.8,2.71,3,0.14434999999999998,0
100,2018-04-10,44,Unemployed,Single,4,South,403,57,1.23,1.26,5.3,3.31,2,0.20815,0
101,2018-04-11,21,Employed,Single,3,North,744,108,1.0,0.37,4.8,3.38,3,0.12930000000000003,0
102,2018-04-12,64,Employed,Married,0,South,361,101,0.7,2.7,5.39,4.25,3,0.20469999999999997,1
103,2018-04-13,28,Self-Employed,Married,0,North,864,36,0.44,2.51,3.48,2.05,2,0.0713,0
104,2018-04-14,44,Employed,Married,3,East,711,81,0.19,1.08,3.6,3.04,2,0.12445,0
105,2018-04-15,31,Employed,Single,4,East,620,25,0.74,2.86,4.65,3.34,1,0.13465,0
106,2018-04-16,37,Employed,Married,1,West,430,41,1.08,2.06,3.27,2.55,2,0.18325,0
107,2018-04-17,28,Employed,Divorced,2,North,498,15,0.82,2.53,6.05,3.7,1,0.17545,1
108,2018-04-18,55,Employed,Single,1,South,335,21,1.08,2.77,6.41,2.66,1,0.21559999999999999,0
109,2018-04-19,55,Unemployed,Married,2,North,515,109,0.5,2.36,4.59,3.06,3,0.16560000000000002,1
110,2018-04-20,53,Employed,Widowed,1,North,885,22,0.1,1.18,6.13,3.54,1,0.09260000000000002,0
111,2018-04-21,25,Self-Employed,Single,4,West,605,46,1.16,3.05,7.23,2.45,2,0.1494,0
112,2018-04-22,62,Employed,Married,4,South,866,66,0.33,2.77,5.6,2.93,2,0.07879999999999998,0
113,2018-04-23,59,Self-Employed,Single,3,North,311,2,0.92,2.79,6.35,3.38,1,0.2211,0
114,2018-04-24,61,Employed,Married,1,South,382,11,1.21,0.67,4.89,3.08,1,0.21724999999999997,1
115,2018-04-25,48,Unemployed,Single,1,North,331,22,0.21,0.53,6.35,3.33,1,0.23869999999999997,1
116,2018-04-26,27,Unemployed,Widowed,3,West,707,110,0.9,3.51,4.81,3.4,3,0.10719999999999999,1
117,2018-04-27,29,Employed,Married,3,South,385,10,1.03,1.36,3.95,2.74,1,0.20489999999999997,0
118,2018-04-28,28,Retired,Married,4,North,710,105,1.12,2.25,6.04,3.81,3,0.12519999999999998,0
119,2018-04-29,32,Retired,Married,4,East,862,51,0.22,3.21,5.33,2.58,2,0.07405,0
120,2018-04-30,54,Unemployed,Married,1,South,555,110,1.24,3.63,6.17,3.68,3,0.1508,0
121,2018-05-01,53,Unemployed,Married,4,West,540,49,0.14,2.57,3.89,3.18,2,0.15375,0
122,2018-05-02,68,Employed,Divorced,4,East,751,56,0.78,1.48,5.48,2.69,2,0.11985,0
123,2018-05-03,43,Self-Employed,Widowed,1,South,300,63,0.67,1.71,6.41,2.57,2,0.23495,0
124,2018-05-04,44,Employed,Married,3,South,581,45,0.33,2.37,4.33,3.14,2,0.1477,0
125,2018-05-05,57,Employed,Divorced,1,South,898,28,0.45,2.17,6.2,2.89,1,0.0798,0
126,2018-05-06,55,Retired,Married,0,South,813,69,0.25,1.28,7.36,3.24,2,0.11574999999999999,0
127,2018-05-07,64,Employed,Married,1,North,418,45,0.64,-0.65,4.12,2.89,2,0.2176,0
128,2018-05-08,60,Unemployed,Married,0,North,804,15,0.05,1.26,5.4,3.04,1,0.1084,0
129,2018-05-09,42,Unemployed,Single,1,South,379,97,1.33,1.79,7.63,3.26,3,0.22049999999999997,0
130,2018-05-10,47,Unemployed,Single,0,West,518,50,0.25,1.99,2.85,2.97,2,0.15985,0
131,2018-05-11,55,Retired,Single,0,North,816,100,1.33,3.71,5.61,2.87,3,0.08195000000000001,0
132,2018-05-12,21,Employed,Married,1,South,765,10,1.3,3.07,6.04,3.18,1,0.10325000000000001,0
133,2018-05-13,55,Employed,Single,4,South,817,10,0.68,1.54,5.03,2.82,1,0.1005,0
134,2018-05-14,57,Employed,Married,2,West,801,62,0.75,2.5,8.36,3.34,2,0.11155,0
135,2018-05-15,67,Employed,Widowed,4,West,357,52,0.45,-0.66,5.74,3.23,2,0.24105000000000001,0
136,2018-05-16,34,Employed,Single,0,West,636,88,1.5,3.23,7.02,3.35,2,0.1388,0
137,2018-05-17,23,Employed,Married,1,East,809,57,1.01,1.5,6.25,3.35,2,0.109,0
138,2018-05-18,21,Unemployed,Single,1,South,725,18,1.43,2.19,7.24,2.88,1,0.12805,0
139,2018-05-19,25,Self-Employed,Single,1,West,859,31,0.62,2.03,5.26,2.0,2,0.08625000000000001,0
140,2018-05-20,46,Employed,Married,1,South,669,49,1.32,3.03,3.04,2.92,2,0.11265,0
141,2018-05-21,34,Self-Employed,Married,2,North,710,71,0.67,1.65,5.82,3.12,2,0.1301,0
142,2018-05-22,59,Employed,Married,3,South,731,54,1.3,2.82,2.47,2.94,2,0.09640000000000001,0
143,2018-05-23,47,Employed,Single,0,South,495,75,0.2,2.36,4.5,2.64,2,0.17015000000000002,0
144,2018-05-24,29,Unemployed,Married,2,East,676,40,0.96,2.12,4.3,3.62,2,0.1263,0
145,2018-05-25,35,Self-Employed,Single,4,North,664,98,1.02,1.89,4.42,2.6,3,0.1322,0
146,2018-05-26,35,Unemployed,Single,3,North,704,69,0.98,1.49,6.9,2.66,2,0.1386,0
147,2018-05-27,46,Employed,Single,3,East,791,20,0.67,1.83,4.96,2.78,1,0.10375,0
148,2018-05-28,62,Unemployed,Single,1,West,365,116,1.03,1.62,8.08,2.85,3,0.22794999999999999,0
149,2018-05-29,33,Self-Employed,Single,2,West,690,25,0.36,2.42,4.9,2.71,1,0.12279999999999999,0
150,2018-05-30,52,Self-Employed,Single,4,South,382,119,0.89,0.87,1.79,2.99,3,0.19974999999999998,0
151,2018-05-31,59,Self-Employed,Widowed,1,East,780,0,0.83,2.07,4.11,3.05,1,0.09985000000000001,0
152,2018-06-01,69,Unemployed,Single,1,West,528,80,0.48,3.52,6.28,2.52,2,0.1592,0
153,2018-06-02,52,Self-Employed,Single,0,North,524,98,1.17,1.56,2.98,2.44,3,0.1633,0
154,2018-06-03,24,Self-Employed,Single,3,East,412,26,0.12,2.44,4.47,3.36,1,0.18994999999999998,0
155,2018-06-04,50,Retired,Married,4,West,484,49,0.26,-0.32,6.22,2.98,2,0.20829999999999999,0
156,2018-06-05,57,Unemployed,Single,3,North,811,113,0.71,0.42,4.53,3.5,3,0.11069999999999999,0
157,2018-06-06,43,Employed,Divorced,2,East,472,65,1.34,1.87,4.17,3.32,2,0.17915,0
158,2018-06-07,59,Unemployed,Widowed,0,South,822,99,0.86,1.92,6.88,2.85,3,0.10469999999999999,0
159,2018-06-08,65,Employed,Single,1,South,504,64,1.26,2.04,4.66,3.22,2,0.1719,1
160,2018-06-09,35,Employed,Married,0,North,837,9,0.78,4.19,3.44,3.37,1,0.06105,0
161,2018-06-10,63,Self-Employed,Single,1,West,618,94,1.18,1.42,6.25,2.6,3,0.15755,0
162,2018-06-11,49,Retired,Married,0,West,458,36,0.49,2.08,6.71,2.23,2,0.19325,0
163,2018-06-12,56,Retired,Married,1,East,577,68,1.22,1.28,5.27,2.52,2,0.1643,0
164,2018-06-13,33,Employed,Single,3,North,447,40,0.6,2.74,4.13,3.29,2,0.1765,0
165,2018-06-14,52,Employed,Single,3,West,382,45,0.84,0.85,3.67,3.86,2,0.20934999999999998,0
166,2018-06-15,27,Employed,Married,3,South,718,116,0.26,1.3,4.17,2.98,3,0.12335000000000002,0
167,2018-06-16,42,Retired,Married,3,North,837,76,1.38,1.1,3.11,3.64,2,0.0903,0
168,2018-06-17,48,Retired,Single,0,South,882,44,1.05,2.82,4.26,3.46,2,0.06760000000000001,0
169,2018-06-18,22,Self-Employed,Married,1,North,848,87,1.29,2.13,5.82,2.65,2,0.09080000000000002,0
170,2018-06-19,62,Unemployed,Married,3,East,691,26,0.31,2.28,6.11,2.97,1,0.13,0
171,2018-06-20,65,Unemployed,Divorced,0,West,432,64,0.1,1.81,5.04,3.32,2,0.1941,1
172,2018-06-21,26,Self-Employed,Single,1,West,541,112,0.51,3.21,5.57,2.41,3,0.15550000000000003,0
173,2018-06-22,48,Employed,Married,0,West,750,83,0.78,1.85,4.65,3.42,2,0.11224999999999999,0
174,2018-06-23,48,Employed,Married,3,South,499,7,1.2,3.97,3.9,3.54,1,0.15005,0
175,2018-06-24,64,Self-Employed,Single,2,West,416,66,0.6,3.27,4.49,3.41,2,0.18075,0
176,2018-06-25,64,Self-Employed,Married,0,North,518,48,0.4,0.52,6.69,2.94,2,0.19375,1
177,2018-06-26,40,Employed,Married,3,South,604,95,0.56,2.64,1.59,3.24,3,0.12555,0
178,2018-06-27,50,Retired,Divorced,4,East,542,107,1.06,3.27,3.28,3.49,3,0.1432,0
179,2018-06-28,31,Employed,Single,1,South,591,88,0.5,1.59,4.29,2.26,2,0.1528,0
180,2018-06-29,48,Employed,Married,3,East,600,88,1.47,2.41,3.33,1.8,2,0.13755,0
181,2018-06-30,45,Self-Employed,Single,4,South,687,113,0.26,0.52,5.66,3.26,3,0.14635,0
182,2018-07-01,59,Self-Employed,Widowed,0,West,887,13,1.13,1.0,2.7,2.7,1,0.07675000000000001,0
183,2018-07-02,53,Self-Employed,Single,0,East,508,61,0.88,1.75,6.81,3.09,2,0.18455,0
184,2018-07-03,21,Employed,Widowed,4,West,613,42,0.35,0.65,7.93,3.1,2,0.1749,1
185,2018-07-04,47,Employed,Divorced,4,South,325,26,1.13,2.06,5.37,3.61,1,0.21999999999999997,0
186,2018-07-05,33,Self-Employed,Single,1,East,378,111,0.67,2.65,4.07,3.09,3,0.19435,0
187,2018-07-06,61,Self-Employed,Married,0,North,427,95,1.02,1.08,6.39,3.27,3,0.20939999999999998,1
188,2018-07-07,23,Employed,Widowed,4,North,712,26,0.99,0.66,4.58,3.23,1,0.13330000000000003,0
189,2018-07-08,59,Unemployed,Single,2,South,436,67,0.17,0.42,3.72,3.4,2,0.20039999999999997,1
190,2018-07-09,26,Employed,Married,2,East,633,113,1.26,3.21,5.08,2.72,3,0.13005,0
191,2018-07-10,28,Self-Employed,Married,4,North,847,102,1.02,0.26,2.63,3.15,3,0.0938,0
192,2018-07-11,47,Unemployed,Single,1,West,687,74,1.17,2.3,3.89,1.83,2,0.1197,0
193,2018-07-12,29,Employed,Single,0,West,870,111,0.67,3.31,3.85,2.68,3,0.06365,0
194,2018-07-13,57,Employed,Single,2,South,529,47,0.29,1.02,4.86,3.51,2,0.17685,1
195,2018-07-14,53,Unemployed,Single,4,West,720,66,0.49,1.16,2.62,2.34,2,0.1165,0
196,2018-07-15,62,Self-Employed,Married,4,West,423,24,1.35,2.18,3.61,2.39,1,0.1855,0
197,2018-07-16,64,Self-Employed,Single,3,West,387,63,1.41,2.24,4.23,3.33,2,0.197,0
198,2018-07-17,44,Unemployed,Divorced,4,North,440,118,0.72,1.5,5.71,2.69,3,0.19855,0
199,2018-07-18,35,Unemployed,Married,1,East,350,23,0.45,1.7,5.0,3.63,1,0.21549999999999997,0
200,2018-07-19,52,Retired,Single,2,South,866,8,1.1,2.09,7.45,3.04,1,0.09485,0
201,2018-07-20,52,Employed,Married,3,East,704,7,1.15,1.6,3.64,3.76,1,0.1212,0
202,2018-07-21,44,Employed,Married,2,East,636,102,1.22,1.63,6.32,3.85,3,0.15130000000000002,0
203,2018-07-22,61,Employed,Widowed,2,East,665,94,0.05,3.94,6.32,3.64,3,0.12095,1
204,2018-07-23,69,Employed,Single,1,North,557,58,0.01,3.01,5.27,2.74,2,0.152,0
205,2018-07-24,69,Self-Employed,Single,4,West,687,16,0.54,3.09,5.21,2.44,1,0.1184,0
206,2018-07-25,32,Employed,Divorced,1,South,344,42,0.23,1.66,5.4,3.64,2,0.21939999999999998,0
207,2018-07-26,59,Retired,Divorced,4,East,568,94,1.21,0.28,3.59,2.99,3,0.16815000000000002,0
208,2018-07-27,22,Self-Employed,Married,3,West,610,67,0.8,4.48,6.44,3.1,2,0.1299,1
209,2018-07-28,23,Self-Employed,Married,1,North,577,3,1.24,1.38,5.11,3.57,1,0.1625,0
210,2018-07-29,69,Employed,Single,1,East,774,100,0.27,2.31,3.2,2.44,3,0.09440000000000001,0
211,2018-07-30,57,Employed,Married,0,West,866,7,0.94,2.78,6.79,3.29,1,0.08465,1
212,2018-07-31,69,Employed,Single,1,North,444,41,0.87,1.42,4.84,2.75,2,0.19399999999999998,0
213,2018-08-01,37,Employed,Single,0,West,534,48,0.51,2.9,5.08,3.4,2,0.1579,0
214,2018-08-02,69,Employed,Married,4,South,435,5,0.78,2.01,1.23,3.19,1,0.17229999999999998,0
215,2018-08-03,22,Self-Employed,Single,4,West,744,72,0.88,1.74,4.88,3.44,2,0.116,0
216,2018-08-04,22,Unemployed,Married,4,West,652,41,1.33,1.42,6.9,2.79,2,0.15230000000000002,0
217,2018-08-05,48,Unemployed,Divorced,0,South,693,71,0.08,1.0,4.06,2.65,2,0.13205,0
218,2018-08-06,43,Self-Employed,Single,4,South,574,31,1.24,0.14,3.07,3.0,2,0.16544999999999999,0
219,2018-08-07,57,Employed,Widowed,2,West,683,14,1.47,4.81,5.68,2.71,1,0.10455,0
220,2018-08-08,52,Unemployed,Widowed,1,South,622,81,1.1,3.46,2.39,2.69,2,0.11685,1
221,2018-08-09,53,Unemployed,Married,0,West,482,86,1.11,2.1,5.9,2.65,2,0.183,0
222,2018-08-10,21,Employed,Single,4,East,872,68,0.33,3.56,4.69,3.32,2,0.06485,0
223,2018-08-11,39,Unemployed,Single,2,West,739,113,0.78,3.43,5.12,3.98,3,0.10155,0
224,2018-08-12,22,Employed,Married,1,North,362,26,1.06,2.6,8.55,3.4,1,0.22124999999999997,0
225,2018-08-13,64,Unemployed,Single,1,South,333,96,0.9,1.66,5.38,3.35,3,0.22204999999999997,0
226,2018-08-14,46,Retired,Single,4,East,776,65,0.58,3.07,2.99,3.34,2,0.08525,0
227,2018-08-15,52,Employed,Widowed,2,South,386,105,1.41,2.91,5.17,2.54,3,0.19524999999999998,1
228,2018-08-16,26,Unemployed,Single,0,South,509,101,0.77,2.79,6.11,3.35,3,0.1704,0
229,2018-08-17,52,Self-Employed,Married,4,South,761,58,1.45,1.66,1.97,2.1,2,0.098,0
230,2018-08-18,24,Retired,Single,1,North,380,27,0.85,2.38,4.98,3.19,1,0.2011,1
231,2018-08-19,31,Employed,Married,1,North,621,23,1.19,2.27,2.4,3.37,1,0.12905,1
232,2018-08-20,37,Unemployed,Divorced,1,West,714,50,1.11,1.62,5.04,3.41,2,0.1255,0
233,2018-08-21,58,Employed,Single,4,North,489,20,0.99,2.37,7.32,3.33,1,0.18565,0
234,2018-08-22,44,Employed,Single,3,South,532,30,0.02,3.25,4.35,2.38,2,0.15125,0
235,2018-08-23,25,Employed,Married,3,East,691,74,0.12,3.53,5.12,2.68,2,0.11255,0
236,2018-08-24,54,Retired,Married,3,East,468,49,0.87,2.5,5.42,3.59,2,0.1801,0
237,2018-08-25,26,Unemployed,Married,2,East,742,91,1.37,1.83,5.51,3.18,3,0.11875,1
238,2018-08-26,42,Unemployed,Single,4,South,467,111,0.9,2.85,5.22,3.16,3,0.17585,0
239,2018-08-27,31,Retired,Single,1,North,530,39,0.35,1.13,1.99,2.73,2,0.16115000000000002,0
240,2018-08-28,68,Employed,Widowed,2,East,449,67,0.48,1.62,5.28,2.45,2,0.19295,0
241,2018-08-29,36,Employed,Divorced,3,South,849,106,0.93,3.28,4.05,2.63,3,0.07020000000000001,0
242,2018-08-30,53,Employed,Married,0,South,685,105,0.9,3.87,3.29,2.31,3,0.10149999999999999,0
243,2018-08-31,29,Employed,Married,2,East,680,15,1.43,3.14,5.3,3.28,1,0.1201,1
244,2018-09-01,26,Employed,Married,2,East,574,75,0.79,1.92,5.21,1.53,2,0.15835000000000002,0
245,2018-09-02,36,Employed,Married,4,West,361,85,0.53,-0.19,2.34,2.64,2,0.21835,0
246,2018-09-03,49,Employed,Single,2,West,766,98,0.79,2.78,4.4,3.99,3,0.09770000000000001,0
247,2018-09-04,23,Employed,Married,4,South,827,106,1.18,2.52,7.01,2.89,3,0.0981,0
248,2018-09-05,40,Employed,Married,0,West,449,62,0.81,2.55,3.11,2.61,2,0.1728,0
249,2018-09-06,56,Employed,Single,1,West,441,55,0.49,0.57,5.25,4.12,2,0.20529999999999998,1
250,2018-09-07,39,Retired,Married,1,East,415,79,0.51,1.67,3.19,2.8,2,0.1905,0
251,2018-09-08,46,Unemployed,Married,3,West,364,23,1.14,3.87,7.46,3.99,1,0.20259999999999997,1
252,2018-09-09,23,Retired,Married,3,South,728,98,0.1,0.98,6.05,2.86,3,0.13345,0
253,2018-09-10,39,Employed,Married,0,East,609,27,0.41,2.58,3.76,3.46,1,0.13575,1
254,2018-09-11,40,Employed,Divorced,1,West,729,105,0.23,1.34,5.32,4.15,3,0.12595,1
255,2018-09-12,52,Unemployed,Single,3,West,460,92,1.42,2.51,2.94,3.07,3,0.16959999999999997,0
256,2018-09-13,27,Employed,Married,2,West,605,84,0.14,1.8,2.28,2.83,2,0.13715,0
257,2018-09-14,61,Employed,Married,4,North,660,111,1.14,3.21,4.86,3.36,3,0.1222,0
258,2018-09-15,53,Employed,Married,3,West,577,88,0.95,2.04,3.86,2.51,2,0.14965,0
259,2018-09-16,60,Employed,Single,0,West,595,102,0.95,2.99,5.3,3.63,3,0.14285,0
260,2018-09-17,59,Employed,Single,1,South,850,30,1.15,4.11,2.49,2.68,2,0.053849999999999995,0
261,2018-09-18,38,Employed,Divorced,0,West,468,14,0.6,2.99,4.17,2.23,1,0.16895,0
262,2018-09-19,60,Self-Employed,Married,4,North,758,110,0.6,2.58,7.3,2.95,3,0.1162,0
263,2018-09-20,21,Employed,Divorced,4,East,879,41,0.43,3.16,7.15,2.78,2,0.07940000000000001,0
264,2018-09-21,31,Employed,Married,0,West,306,98,0.9,2.56,7.51,1.77,3,0.23045,1
265,2018-09-22,48,Unemployed,Married,3,West,896,101,1.39,1.39,8.39,3.01,3,0.09905000000000001,0
266,2018-09-23,45,Employed,Married,3,South,431,49,1.39,1.15,4.39,2.46,2,0.1977,0
267,2018-09-24,43,Employed,Married,1,West,887,85,1.05,2.69,0.83,2.78,2,0.050499999999999996,0
268,2018-09-25,51,Unemployed,Single,1,West,646,4,1.36,1.37,6.66,2.45,1,0.1531,0
269,2018-09-26,50,Employed,Married,2,West,895,47,1.45,1.28,3.33,3.33,2,0.0751,0
270,2018-09-27,62,Employed,Married,2,West,552,12,1.19,1.81,8.09,2.99,1,0.17935,0
271,2018-09-28,55,Employed,Single,1,East,709,31,0.61,0.27,5.12,2.27,2,0.14065,0
272,2018-09-29,27,Employed,Single,2,South,842,66,0.72,1.35,7.45,3.71,2,0.10825000000000001,0
273,2018-09-30,36,Self-Employed,Single,0,East,654,78,1.4,1.26,4.77,3.16,2,0.14275,0
274,2018-10-01,46,Unemployed,Divorced,3,North,863,118,1.01,4.46,3.98,2.75,3,0.05455,0
275,2018-10-02,68,Employed,Single,2,West,667,90,1.23,2.75,6.09,2.62,3,0.13119999999999998,1
276,2018-10-03,69,Self-Employed,Married,2,North,883,115,0.17,1.58,5.73,2.97,3,0.08710000000000001,0
277,2018-10-04,22,Employed,Married,0,East,810,90,0.29,1.23,3.28,2.37,3,0.09659999999999999,0
278,2018-10-05,21,Employed,Married,4,North,832,29,0.52,-0.44,4.95,3.66,1,0.11615,0
279,2018-10-06,68,Self-Employed,Married,1,West,827,5,0.28,0.54,4.14,3.57,1,0.10355,0
280,2018-10-07,32,Employed,Single,0,North,827,24,1.36,0.34,5.31,2.84,1,0.1114,0
281,2018-10-08,25,Employed,Married,4,East,701,27,0.33,1.02,4.95,2.81,1,0.13429999999999997,0
282,2018-10-09,57,Employed,Married,0,West,474,61,0.84,1.99,5.2,2.56,2,0.18259999999999998,0
283,2018-10-10,52,Employed,Married,3,South,377,21,0.13,1.81,5.02,3.14,1,0.20775,0
284,2018-10-11,29,Employed,Single,0,East,739,67,0.23,1.11,4.47,3.14,2,0.1215,0
285,2018-10-12,61,Unemployed,Divorced,0,West,848,14,0.37,1.95,5.54,3.36,1,0.0912,0
286,2018-10-13,55,Employed,Married,3,South,531,25,1.47,0.57,3.86,3.15,1,0.17585,0
287,2018-10-14,39,Employed,Divorced,1,North,699,62,1.2,2.44,7.47,2.56,2,0.13319999999999999,0
288,2018-10-15,68,Employed,Married,4,North,512,17,1.01,2.76,4.98,2.64,1,0.1643,0
289,2018-10-16,36,Unemployed,Married,2,North,492,72,1.37,2.49,6.26,3.07,2,0.1784,1
290,2018-10-17,23,Self-Employed,Divorced,1,West,871,62,1.43,3.09,4.2,2.65,2,0.06735000000000001,0
291,2018-10-18,40,Self-Employed,Divorced,0,North,566,61,0.68,0.48,4.36,3.69,2,0.17049999999999998,0
292,2018-10-19,44,Unemployed,Married,2,North,425,115,0.49,2.04,6.38,2.99,3,0.20024999999999998,0
293,2018-10-20,53,Unemployed,Single,3,South,681,67,0.47,1.05,6.14,2.28,2,0.14495,0
294,2018-10-21,44,Employed,Single,1,South,843,47,0.05,0.85,4.82,2.95,2,0.09985000000000001,1
295,2018-10-22,31,Employed,Single,4,South,801,49,0.42,0.59,2.32,2.9,2,0.10045,1
296,2018-10-23,69,Unemployed,Single,1,West,702,62,0.53,4.48,4.21,3.68,2,0.09575,0
297,2018-10-24,28,Retired,Single,1,East,560,68,0.06,2.91,4.87,3.02,2,0.15025,0
298,2018-10-25,56,Unemployed,Divorced,2,North,686,108,1.32,3.62,3.98,3.3,3,0.10719999999999999,0
299,2018-10-26,58,Employed,Single,3,North,711,5,1.27,2.35,3.09,2.93,1,0.1092,0
300,2018-10-27,60,Employed,Married,3,West,645,57,0.38,1.17,6.28,3.51,2,0.15345000000000003,0
301,2018-10-28,40,Employed,Single,1,North,393,117,1.2,2.67,4.73,3.66,3,0.19369999999999998,0
302,2018-10-29,55,Unemployed,Single,3,West,627,50,1.19,4.34,7.71,2.54,2,0.13340000000000002,0
303,2018-10-30,68,Employed,Single,2,West,399,11,0.5,2.52,4.75,2.71,1,0.1938,0
304,2018-10-31,45,Employed,Single,2,West,760,94,1.05,1.89,5.27,2.89,3,0.11245,0
305,2018-11-01,55,Unemployed,Married,4,East,614,46,0.43,2.27,4.12,3.46,2,0.1394,0
306,2018-11-02,45,Employed,Divorced,3,West,324,8,0.11,3.12,7.27,2.68,1,0.21914999999999998,0
307,2018-11-03,49,Unemployed,Single,4,East,793,6,0.76,1.98,4.55,1.89,1,0.0997,0
308,2018-11-04,38,Employed,Married,0,East,652,28,0.66,1.88,4.7,3.4,1,0.13670000000000002,0
309,2018-11-05,66,Employed,Married,2,North,416,77,0.21,1.32,3.57,2.61,2,0.19565,0
310,2018-11-06,38,Employed,Divorced,1,South,498,50,0.74,2.35,5.57,2.83,2,0.17485,0
311,2018-11-07,22,Unemployed,Married,2,East,578,83,1.42,0.73,4.51,2.81,2,0.16575,0
312,2018-11-08,55,Employed,Married,0,East,881,111,1.1,1.62,3.55,1.96,3,0.0763,0
313,2018-11-09,36,Employed,Married,1,South,378,54,1.11,1.87,4.93,2.41,2,0.20645,0
314,2018-11-10,61,Retired,Married,3,East,723,95,1.14,0.94,6.09,3.43,3,0.1353,0
315,2018-11-11,56,Employed,Single,3,South,653,58,1.12,1.98,7.47,2.98,2,0.1493,1
316,2018-11-12,53,Self-Employed,Married,2,North,825,55,0.03,2.95,5.35,3.48,2,0.086,0
317,2018-11-13,24,Self-Employed,Divorced,1,West,840,21,1.39,3.45,4.17,3.81,1,0.07135,0
318,2018-11-14,53,Employed,Married,1,South,776,99,1.25,1.76,5.69,2.18,3,0.11185,0
319,2018-11-15,34,Self-Employed,Married,4,West,309,107,0.41,1.54,4.79,2.83,3,0.22629999999999997,0
320,2018-11-16,41,Employed,Married,0,South,858,17,0.83,1.74,5.08,2.94,1,0.08850000000000001,0
321,2018-11-17,68,Self-Employed,Single,3,West,802,57,0.92,2.63,5.0,3.76,2,0.0932,0
322,2018-11-18,40,Employed,Married,2,North,559,39,0.2,1.38,5.69,2.46,2,0.16990000000000002,0
323,2018-11-19,28,Self-Employed,Married,1,East,823,112,0.38,1.37,5.89,3.16,3,0.10500000000000001,0
324,2018-11-20,27,Employed,Married,3,North,895,88,0.03,2.27,4.93,3.64,2,0.07320000000000002,0
325,2018-11-21,23,Self-Employed,Married,2,East,305,30,1.3,2.52,10.28,3.45,2,0.24495,0
326,2018-11-22,37,Employed,Divorced,3,West,334,55,0.04,2.2,6.38,3.26,2,0.22139999999999999,0
327,2018-11-23,53,Employed,Single,2,West,474,34,0.48,2.12,1.88,2.64,2,0.1647,0
328,2018-11-24,68,Employed,Married,3,East,741,25,0.12,1.52,4.48,3.54,1,0.11695,0
329,2018-11-25,32,Employed,Married,4,South,876,67,1.17,2.02,4.97,2.2,2,0.08065,0
330,2018-11-26,42,Unemployed,Married,0,North,446,105,1.39,-0.38,5.91,3.25,3,0.21685000000000001,0
331,2018-11-27,42,Employed,Single,3,South,868,111,0.84,3.55,7.75,2.13,3,0.08125,0
332,2018-11-28,66,Retired,Married,0,West,492,83,0.21,2.16,3.92,3.89,2,0.17,0
333,2018-11-29,50,Retired,Divorced,3,North,312,33,0.84,4.1,6.73,2.43,2,0.20965,0
334,2018-11-30,58,Self-Employed,Married,1,North,829,75,1.16,3.29,5.31,2.77,2,0.0814,0
335,2018-12-01,58,Employed,Divorced,4,South,545,15,1.08,1.18,5.49,3.83,1,0.1744,1
336,2018-12-02,65,Employed,Widowed,4,East,413,41,1.11,1.64,6.79,3.22,2,0.20929999999999999,1
337,2018-12-03,28,Unemployed,Single,0,East,532,4,0.42,0.9,2.5,2.64,1,0.16549999999999998,0
338,2018-12-04,47,Employed,Single,1,North,621,60,0.11,1.33,5.8,3.06,2,0.15545000000000003,0
339,2018-12-05,47,Employed,Widowed,2,East,837,43,0.22,0.44,7.48,3.15,2,0.11875000000000002,0
340,2018-12-06,54,Self-Employed,Widowed,4,West,425,34,1.43,1.08,3.41,3.21,2,0.19499999999999998,0
341,2018-12-07,41,Unemployed,Single,1,South,612,107,0.92,0.96,5.0,2.89,3,0.15739999999999998,0
342,2018-12-08,50,Unemployed,Single,1,South,810,90,1.09,2.88,6.02,2.84,3,0.0938,0
343,2018-12-09,53,Employed,Single,0,South,783,0,1.35,0.38,2.06,3.34,1,0.10575000000000001,0
344,2018-12-10,48,Self-Employed,Widowed,1,North,580,97,1.28,4.23,5.5,2.87,3,0.13520000000000001,0
345,2018-12-11,67,Employed,Single,1,North,582,42,0.33,1.68,4.61,2.46,2,0.15575,0
346,2018-12-12,53,Employed,Married,2,East,691,31,0.09,3.35,7.1,2.84,2,0.12425,0
347,2018-12-13,25,Unemployed,Married,0,South,822,107,1.39,1.04,3.89,2.99,3,0.09855,0
348,2018-12-14,68,Employed,Single,0,West,681,102,1.47,2.78,4.94,3.17,3,0.12165000000000001,0
349,2018-12-15,39,Employed,Married,1,West,515,62,0.85,0.53,3.79,3.1,2,0.1799,0
350,2018-12-16,24,Employed,Single,2,South,841,32,1.33,0.53,4.82,2.34,2,0.10355000000000002,0
351,2018-12-17,55,Unemployed,Divorced,3,North,415,94,0.35,3.09,3.92,3.25,3,0.17995,0
352,2018-12-18,69,Unemployed,Single,4,North,808,76,0.17,1.88,4.42,2.9,2,0.0963,0
353,2018-12-19,37,Self-Employed,Married,0,North,799,108,0.75,1.8,3.28,2.72,3,0.09365,0
354,2018-12-20,64,Unemployed,Married,2,West,570,65,1.22,1.0,3.96,3.47,2,0.16230000000000003,0
355,2018-12-21,48,Employed,Single,2,South,739,29,0.98,1.13,3.87,2.64,1,0.1183,0
356,2018-12-22,50,Employed,Single,1,West,590,9,0.96,0.4,4.31,3.89,1,0.16505,0
357,2018-12-23,49,Employed,Married,4,South,338,22,0.03,1.48,4.83,3.84,1,0.21984999999999996,0
358,2018-12-24,66,Employed,Single,0,West,323,96,0.48,2.26,0.64,3.5,3,0.19485,1
359,2018-12-25,26,Employed,Married,3,West,342,38,1.41,2.08,5.21,2.66,2,0.21475,0
360,2018-12-26,55,Retired,Married,1,East,469,44,0.2,2.09,6.86,3.29,2,0.19115000000000001,1
361,2018-12-27,61,Employed,Married,0,West,639,119,1.09,-0.05,6.13,3.13,3,0.1664,0
362,2018-12-28,57,Employed,Married,0,South,468,28,1.14,2.2,3.7,2.64,1,0.1745,1
363,2018-12-29,44,Employed,Married,2,West,837,29,1.1,1.68,6.53,3.53,1,0.10160000000000001,0
364,2018-12-30,49,Employed,Married,4,East,771,33,1.48,1.21,3.79,3.0,2,0.1091,0
365,2018-12-31,69,Retired,Married,3,East,442,51,0.61,0.76,5.44,1.77,2,0.20409999999999998,0
366,2019-01-01,66,Employed,Single,4,South,400,102,1.02,2.66,1.38,3.74,3,0.17529999999999998,0
367,2019-01-02,51,Employed,Single,2,East,874,80,0.29,-0.13,5.91,3.75,2,0.10735,0
368,2019-01-03,55,Unemployed,Married,3,East,774,21,0.6,0.77,5.01,2.97,1,0.11885000000000001,0
369,2019-01-04,53,Employed,Married,3,North,610,4,0.74,2.15,5.21,3.31,1,0.14705000000000001,0
370,2019-01-05,41,Employed,Married,1,South,883,10,0.32,1.49,5.03,3.17,1,0.0845,0
371,2019-01-06,52,Employed,Single,3,East,359,85,1.36,2.38,7.8,2.76,2,0.22044999999999998,0
372,2019-01-07,43,Self-Employed,Married,0,East,328,31,1.07,2.1,6.31,4.33,2,0.22354999999999997,0
373,2019-01-08,53,Retired,Single,4,East,830,23,0.43,1.32,6.07,2.69,1,0.10464999999999999,0
374,2019-01-09,23,Unemployed,Single,4,South,372,10,0.2,0.31,5.83,3.03,1,0.22805,0
375,2019-01-10,38,Employed,Married,1,North,693,10,0.43,2.75,8.01,2.44,1,0.13429999999999997,0
376,2019-01-11,45,Unemployed,Single,3,West,693,16,0.93,1.83,4.62,3.43,1,0.12655,0
377,2019-01-12,62,Employed,Married,2,North,780,31,1.24,0.68,2.92,3.35,2,0.1078,0
378,2019-01-13,51,Employed,Single,0,South,772,82,0.75,-0.1,7.58,3.43,2,0.14090000000000003,0
379,2019-01-14,23,Employed,Married,1,South,612,26,0.15,2.33,4.29,2.39,1,0.14015,0
380,2019-01-15,60,Employed,Married,3,South,737,31,0.37,1.36,5.74,3.14,2,0.12585000000000002,1
381,2019-01-16,66,Employed,Single,2,West,623,60,0.52,0.85,5.78,3.2,2,0.15965000000000001,0
382,2019-01-17,44,Self-Employed,Single,3,South,386,24,0.95,3.18,3.9,2.34,1,0.1862,0
383,2019-01-18,52,Retired,Divorced,1,North,658,63,0.37,0.13,2.88,3.2,2,0.1436,0
384,2019-01-19,67,Employed,Married,2,East,496,63,0.35,1.75,6.6,2.68,2,0.1865,1
385,2019-01-20,42,Employed,Married,2,East,684,27,0.43,2.72,6.9,2.85,1,0.1313,0
386,2019-01-21,43,Employed,Single,2,South,417,39,0.89,2.49,5.95,3.29,2,0.1956,0
387,2019-01-22,22,Employed,Married,2,South,797,115,0.74,0.7,5.6,3.1,3,0.11674999999999999,0
388,2019-01-23,47,Self-Employed,Married,3,West,761,90,1.26,3.32,2.9,2.63,3,0.08605,0
389,2019-01-24,62,Employed,Married,2,East,795,13,1.05,3.42,4.5,2.43,1,0.08455,0
390,2019-01-25,22,Unemployed,Married,3,West,893,41,1.0,3.02,6.82,2.92,2,0.07565000000000001,1
391,2019-01-26,46,Employed,Single,2,West,546,38,0.23,1.13,3.83,3.11,2,0.16635,0
392,2019-01-27,37,Employed,Single,2,West,533,1,0.08,1.77,5.2,3.01,1,0.17005,0
393,2019-01-28,60,Employed,Married,1,West,716,80,0.76,3.26,5.69,2.94,2,0.11185,0
394,2019-01-29,53,Employed,Divorced,3,North,766,0,0.11,2.44,5.77,2.88,1,0.10794999999999999,1
395,2019-01-30,29,Employed,Single,3,South,781,108,0.55,1.36,3.46,3.72,3,0.10345,0
396,2019-01-31,63,Unemployed,Married,4,South,664,31,0.04,1.79,4.82,3.09,2,0.13520000000000001,0
397,2019-02-01,68,Employed,Single,1,West,452,82,0.27,0.48,6.27,3.1,2,0.20855,0
398,2019-02-02,59,Self-Employed,Single,3,West,571,63,0.17,3.15,7.79,2.89,2,0.1597,0
399,2019-02-03,49,Employed,Single,1,North,691,77,1.2,1.9,4.68,2.79,2,0.12664999999999998,0
400,2019-02-04,62,Employed,Single,1,West,846,30,0.52,3.74,5.62,3.94,2,0.07420000000000002,0
401,2019-02-05,46,Employed,Married,1,North,729,57,0.12,0.17,3.26,3.28,2,0.12735,0
402,2019-02-06,55,Unemployed,Married,0,North,488,81,0.4,1.03,4.64,3.39,2,0.1859,0
403,2019-02-07,45,Employed,Single,3,West,551,115,1.02,1.95,4.25,2.6,3,0.159,1
404,2019-02-08,44,Unemployed,Single,1,South,694,77,1.12,4.26,7.91,3.49,2,0.11845,0
405,2019-02-09,33,Employed,Married,0,North,518,110,0.18,2.08,6.1,2.5,3,0.17520000000000002,0
406,2019-02-10,27,Unemployed,Single,0,South,893,13,1.17,1.24,5.14,3.17,1,0.08505000000000001,0
407,2019-02-11,56,Employed,Married,2,South,489,87,0.56,2.02,2.14,3.06,2,0.16325,0
408,2019-02-12,65,Self-Employed,Single,2,North,533,68,1.02,1.32,5.46,3.66,2,0.17585,0
409,2019-02-13,40,Self-Employed,Married,3,East,531,15,1.01,2.95,5.48,2.75,1,0.16015000000000001,0
410,2019-02-14,21,Retired,Single,2,North,657,68,1.19,2.86,4.66,3.28,2,0.12545,0
411,2019-02-15,28,Employed,Single,3,East,777,53,1.05,3.61,5.07,3.2,2,0.09,0
412,2019-02-16,66,Employed,Single,0,North,874,12,0.06,0.36,7.7,2.62,1,0.1114,1
413,2019-02-17,36,Employed,Single,0,North,728,79,0.78,0.19,6.42,3.27,2,0.1432,0
414,2019-02-18,34,Unemployed,Married,3,South,536,78,0.25,1.77,3.67,2.93,2,0.16165000000000002,0
415,2019-02-19,32,Employed,Married,2,South,332,30,1.45,2.82,7.93,2.98,2,0.22344999999999998,0
416,2019-02-20,43,Unemployed,Single,2,West,512,68,0.38,3.02,3.81,2.82,2,0.15585,0
417,2019-02-21,35,Employed,Single,3,South,871,20,0.63,2.24,7.42,3.03,1,0.09195,0
418,2019-02-22,48,Employed,Married,4,South,678,29,0.3,2.81,3.91,3.02,1,0.11695,0
419,2019-02-23,54,Employed,Married,2,South,301,22,0.2,3.51,4.77,3.26,1,0.2085,0
420,2019-02-24,22,Retired,Widowed,1,South,749,37,0.9,1.21,1.83,3.16,2,0.1048,0
421,2019-02-25,52,Self-Employed,Married,2,West,868,28,0.74,3.47,5.79,3.44,1,0.07225,0
422,2019-02-26,43,Retired,Married,4,South,726,76,0.56,3.5,2.06,3.41,2,0.0888,0
423,2019-02-27,42,Employed,Married,0,East,578,31,0.13,1.45,5.31,3.75,2,0.16254999999999997,0
424,2019-02-28,45,Self-Employed,Divorced,0,East,513,111,1.1,1.05,4.35,3.34,3,0.17800000000000002,0
425,2019-03-01,42,Self-Employed,Married,0,West,584,61,0.01,2.76,4.36,3.07,2,0.1432,0
426,2019-03-02,42,Employed,Single,2,South,842,105,0.69,3.99,5.59,3.57,3,0.07255,1
427,2019-03-03,69,Unemployed,Single,0,East,573,90,0.95,1.16,6.23,3.06,3,0.1713,1
428,2019-03-04,62,Retired,Single,4,North,310,97,0.65,3.92,6.96,3.14,3,0.21309999999999998,0
429,2019-03-05,26,Unemployed,Married,4,East,346,44,0.19,1.04,3.25,1.74,2,0.21434999999999998,0
430,2019-03-06,35,Unemployed,Married,2,South,814,48,1.17,1.78,4.53,2.55,2,0.09635,0
431,2019-03-07,63,Employed,Married,1,East,737,32,0.49,0.87,4.93,3.35,2,0.12669999999999998,0
432,2019-03-08,57,Employed,Single,2,North,883,3,0.2,2.43,5.9,3.67,1,0.07945,0
433,2019-03-09,53,Retired,Married,0,East,726,17,0.83,2.14,5.87,3.27,1,0.12145,0
434,2019-03-10,28,Employed,Married,2,South,731,69,0.03,2.05,3.73,3.3,2,0.1104,0
435,2019-03-11,64,Unemployed,Single,4,North,429,63,0.49,1.37,6.8,3.34,2,0.20804999999999998,0
436,2019-03-12,64,Unemployed,Married,2,West,321,27,1.13,1.57,5.62,3.02,1,0.22715,1
437,2019-03-13,25,Self-Employed,Married,2,North,688,107,1.37,1.93,7.68,2.53,3,0.1421,0
438,2019-03-14,59,Retired,Divorced,1,East,434,57,0.89,1.74,5.48,3.32,2,0.1965,0
439,2019-03-15,24,Employed,Married,4,West,831,90,0.33,1.96,2.0,2.38,3,0.07765000000000001,0
440,2019-03-16,26,Employed,Married,3,North,519,89,0.33,0.5,3.76,3.25,2,0.17905000000000001,0
441,2019-03-17,65,Employed,Married,3,North,632,55,0.91,-0.15,4.76,3.71,2,0.1623,0
442,2019-03-18,52,Employed,Divorced,4,North,429,19,0.61,2.35,3.73,3.14,1,0.18289999999999998,0
443,2019-03-19,50,Employed,Married,3,South,331,76,0.27,2.38,3.68,3.26,2,0.20684999999999998,0
444,2019-03-20,67,Employed,Single,0,West,724,91,1.18,2.23,7.86,3.54,3,0.131,0
445,2019-03-21,55,Unemployed,Married,3,West,597,33,0.3,2.53,3.13,2.93,2,0.1361,0
446,2019-03-22,60,Retired,Single,0,North,803,112,0.48,1.55,4.21,3.75,3,0.0998,0
447,2019-03-23,36,Employed,Single,4,West,656,86,0.09,1.65,5.1,3.51,2,0.14,0
448,2019-03-24,33,Employed,Divorced,3,East,754,9,1.05,1.52,3.03,3.07,1,0.10644999999999999,1
449,2019-03-25,62,Retired,Married,3,East,700,114,0.41,0.19,4.76,1.9,3,0.1419,1
450,2019-03-26,50,Employed,Married,0,North,858,93,0.35,2.57,1.45,2.95,3,0.06205,0
451,2019-03-27,39,Employed,Single,0,East,754,21,0.46,2.79,4.17,2.94,1,0.09945,1
452,2019-03-28,37,Employed,Single,2,North,333,4,1.31,2.93,3.32,3.16,1,0.19904999999999998,0
453,2019-03-29,39,Self-Employed,Single,1,East,547,116,0.78,1.69,4.54,3.73,3,0.16405000000000003,0
454,2019-03-30,48,Employed,Single,3,North,341,43,0.24,1.28,4.92,3.51,2,0.22154999999999997,0
455,2019-03-31,46,Retired,Married,1,North,422,113,1.16,1.53,7.02,3.11,3,0.20929999999999999,0
456,2019-04-01,57,Employed,Single,1,West,326,8,0.31,1.48,4.08,2.87,1,0.2191,0
457,2019-04-02,46,Employed,Married,3,West,761,42,0.62,-0.0,8.21,2.08,2,0.1458,0
458,2019-04-03,43,Employed,Single,0,North,870,3,0.85,2.3,5.32,3.38,1,0.0811,0
459,2019-04-04,29,Employed,Widowed,2,West,446,41,0.88,2.84,3.59,3.18,2,0.17305,0
460,2019-04-05,32,Self-Employed,Single,4,West,795,64,0.1,2.22,5.2,3.51,2,0.10005,0
461,2019-04-06,21,Unemployed,Single,3,South,785,97,1.26,2.02,6.85,3.19,3,0.1128,0
462,2019-04-07,21,Unemployed,Single,3,East,759,40,0.72,1.37,3.4,2.72,2,0.10854999999999998,0
463,2019-04-08,67,Self-Employed,Married,4,West,427,63,1.48,2.76,7.91,3.25,2,0.2002,0
464,2019-04-09,54,Retired,Married,1,North,675,54,1.08,1.91,5.8,3.17,2,0.13615,0
465,2019-04-10,52,Unemployed,Married,2,South,382,89,1.49,0.78,3.28,3.51,2,0.20809999999999995,1
466,2019-04-11,68,Unemployed,Married,1,South,834,17,0.68,3.32,4.22,2.87,1,0.07440000000000001,0
467,2019-04-12,45,Employed,Single,4,West,822,15,0.21,2.65,4.38,2.7,1,0.0849,0
468,2019-04-13,60,Employed,Married,4,North,402,86,1.09,3.65,6.66,3.1,2,0.1913,0
469,2019-04-14,65,Employed,Married,2,North,818,45,1.17,3.16,3.23,2.99,2,0.07505,0
470,2019-04-15,21,Self-Employed,Single,4,North,661,35,1.28,1.38,7.31,2.75,2,0.15250000000000002,1
471,2019-04-16,36,Employed,Single,4,North,555,89,0.45,1.71,6.71,2.74,2,0.17270000000000002,0
472,2019-04-17,59,Employed,Single,2,North,546,65,0.77,3.01,7.5,3.64,2,0.1659,0
473,2019-04-18,25,Unemployed,Single,3,East,491,43,1.29,0.82,5.09,2.99,2,0.1895,0
474,2019-04-19,42,Unemployed,Married,1,North,834,115,1.3,3.66,6.85,3.59,3,0.08415,0
475,2019-04-20,49,Retired,Single,3,North,613,4,0.04,2.33,4.64,4.09,1,0.14165,0
476,2019-04-21,23,Employed,Single,3,East,575,28,1.01,2.83,6.53,2.92,1,0.1556,0
477,2019-04-22,32,Self-Employed,Single,1,West,672,3,0.9,2.32,5.13,2.68,1,0.12945,0
478,2019-04-23,46,Employed,Widowed,3,South,743,110,0.13,2.05,7.7,2.53,3,0.12725,0
479,2019-04-24,36,Employed,Divorced,2,East,494,98,1.4,1.71,5.4,3.58,3,0.1814,0
480,2019-04-25,57,Employed,Single,1,South,557,85,0.67,1.85,3.73,2.97,2,0.1559,1
481,2019-04-26,42,Employed,Single,0,South,881,48,1.01,-0.67,7.27,3.09,2,0.11779999999999999,0
482,2019-04-27,49,Employed,Single,3,East,659,71,1.32,2.56,5.31,2.87,2,0.13119999999999998,0
483,2019-04-28,34,Unemployed,Married,4,North,847,107,0.2,4.18,4.2,2.99,3,0.062450000000000006,0
484,2019-04-29,48,Employed,Single,1,South,407,84,1.28,1.17,4.12,4.36,2,0.20215,0
485,2019-04-30,25,Unemployed,Married,0,North,323,7,1.09,0.53,3.66,2.73,1,0.22724999999999998,0
486,2019-05-01,67,Employed,Married,4,West,764,51,1.26,3.57,2.85,2.03,2,0.08255,0
487,2019-05-02,69,Employed,Divorced,0,East,321,115,0.74,2.38,4.37,3.01,3,0.2128,0
488,2019-05-03,50,Employed,Single,3,South,801,68,0.05,2.9,5.31,2.78,2,0.0923,0
489,2019-05-04,66,Employed,Married,4,North,800,20,1.01,2.5,4.43,3.39,1,0.09215,0
490,2019-05-05,25,Self-Employed,Married,3,South,892,26,0.56,1.07,-0.67,3.04,1,0.05795,0
491,2019-05-06,32,Employed,Single,4,West,706,37,0.6,2.91,2.69,3.61,2,0.10285,0
492,2019-05-07,36,Employed,Single,1,West,629,4,0.66,1.51,6.41,2.02,1,0.1547,0
493,2019-05-08,46,Employed,Single,2,South,585,84,0.74,1.17,4.83,3.33,2,0.1612,0
494,2019-05-09,46,Employed,Single,2,East,446,60,0.99,2.64,2.44,3.73,2,0.1693,0
495,2019-05-10,68,Retired,Single,0,West,683,7,1.09,2.17,4.47,2.84,1,0.1249,0
496,2019-05-11,41,Employed,Married,4,North,310,85,1.17,2.41,5.19,2.84,2,0.21935,1
497,2019-05-12,59,Unemployed,Married,3,West,575,17,1.01,2.38,6.43,2.82,1,0.1596,0
498,2019-05-13,56,Self-Employed,Divorced,1,North,867,3,1.21,2.83,3.97,2.77,1,0.0698,0
499,2019-05-14,53,Retired,Single,1,South,602,3,0.18,3.3,5.95,3.59,1,0.14125000000000001,0
500,2019-05-15,50,Unemployed,Widowed,1,North,503,36,1.26,2.21,4.97,2.58,2,0.17200000000000001,1
501,2019-05-16,57,Self-Employed,Single,2,South,644,14,0.58,3.44,4.44,3.35,1,0.12180000000000002,0
502,2019-05-17,43,Self-Employed,Married,3,West,565,37,0.79,3.13,6.31,2.28,2,0.154,1
503,2019-05-18,30,Unemployed,Single,1,East,321,26,0.65,2.74,3.58,2.41,1,0.20525,0
504,2019-05-19,25,Employed,Single,1,West,835,84,0.71,1.43,6.42,3.09,2,0.10405,0
505,2019-05-20,56,Employed,Divorced,0,West,395,47,0.43,2.98,3.29,2.5,2,0.1829,1
506,2019-05-21,54,Employed,Single,4,West,744,45,0.25,2.43,4.14,2.48,2,0.1054,1
507,2019-05-22,51,Unemployed,Married,4,West,562,45,0.16,0.66,4.42,3.63,2,0.17,0
508,2019-05-23,30,Unemployed,Married,4,East,883,47,0.68,0.82,4.83,3.27,2,0.0902,0
509,2019-05-24,39,Employed,Married,0,West,682,58,0.19,0.79,1.18,3.05,2,0.1225,0
510,2019-05-25,52,Self-Employed,Married,2,North,849,117,0.37,0.81,5.16,3.34,3,0.10045000000000001,0
511,2019-05-26,21,Employed,Married,0,East,691,119,0.2,0.9,2.26,2.32,3,0.12455,0
512,2019-05-27,25,Employed,Single,1,East,839,3,0.16,2.84,5.25,2.55,1,0.08310000000000001,0
513,2019-05-28,65,Retired,Married,3,North,391,74,1.32,2.08,5.41,3.14,2,0.2035,0
514,2019-05-29,24,Employed,Divorced,1,South,865,18,1.01,2.88,6.46,2.29,1,0.08225,0
515,2019-05-30,36,Employed,Single,1,West,458,56,1.39,0.88,3.0,2.31,2,0.1867,0
516,2019-05-31,44,Self-Employed,Single,3,East,527,18,0.97,0.46,5.34,2.85,1,0.18535000000000001,0
517,2019-06-01,36,Unemployed,Married,4,West,772,90,1.27,1.14,4.93,3.11,3,0.11525000000000002,0
518,2019-06-02,22,Employed,Married,0,West,671,103,0.83,2.69,4.15,2.9,3,0.1211,0
519,2019-06-03,69,Self-Employed,Married,2,North,675,41,0.69,2.75,3.39,2.56,2,0.1157,0
520,2019-06-04,48,Employed,Single,1,North,852,91,0.79,1.77,5.12,2.58,3,0.08990000000000001,0
521,2019-06-05,52,Employed,Married,1,North,336,4,0.48,2.32,7.01,2.89,1,0.22285,1
522,2019-06-06,47,Employed,Single,2,West,336,47,0.99,1.49,4.64,3.39,2,0.21929999999999997,0
523,2019-06-07,40,Self-Employed,Married,0,East,400,24,1.35,1.27,6.88,3.77,1,0.2167,0
524,2019-06-08,44,Employed,Married,1,East,842,66,1.17,2.4,6.72,3.05,2,0.0941,0
525,2019-06-09,32,Retired,Single,2,South,489,25,0.69,2.66,1.79,2.05,1,0.15510000000000002,1
526,2019-06-10,55,Unemployed,Married,1,West,811,73,1.43,3.79,3.71,3.45,2,0.0729,0
527,2019-06-11,53,Retired,Widowed,4,South,389,87,1.48,1.0,4.18,3.34,2,0.20865,0
528,2019-06-12,53,Employed,Married,4,South,305,61,0.74,0.88,6.99,2.73,2,0.2449,1
529,2019-06-13,63,Retired,Married,1,South,438,92,1.3,1.5,4.97,2.91,3,0.19535,0
530,2019-06-14,57,Employed,Married,1,South,394,108,0.01,2.61,6.94,3.73,3,0.2051,0
531,2019-06-15,32,Employed,Married,4,South,685,6,0.1,4.01,4.8,3.8,1,0.10765,0
532,2019-06-16,23,Employed,Single,1,West,422,43,0.03,2.14,6.98,2.61,2,0.20299999999999999,1
533,2019-06-17,21,Employed,Single,0,North,584,86,1.16,1.14,5.68,4.12,2,0.16599999999999998,0
534,2019-06-18,53,Self-Employed,Single,0,South,665,109,0.12,0.86,4.86,3.24,3,0.14445000000000002,0
535,2019-06-19,60,Employed,Married,3,East,789,26,0.03,1.42,6.76,4.27,1,0.11735,1
536,2019-06-20,30,Employed,Married,0,West,624,41,0.22,2.23,4.24,2.34,2,0.13790000000000002,0
537,2019-06-21,63,Self-Employed,Single,1,South,706,72,0.46,2.71,8.03,2.75,2,0.13155,0
538,2019-06-22,64,Employed,Married,1,East,818,107,0.7,2.22,2.81,1.93,3,0.08234999999999999,0
539,2019-06-23,49,Self-Employed,Married,2,South,376,55,0.1,1.28,4.35,2.91,2,0.20994999999999997,0
540,2019-06-24,33,Employed,Married,0,North,533,2,0.75,0.69,5.15,3.42,1,0.1806,0
541,2019-06-25,32,Unemployed,Single,4,West,885,12,0.37,2.66,3.89,3.93,1,0.06659999999999999,0
542,2019-06-26,51,Unemployed,Married,4,North,783,69,0.41,1.45,5.59,2.65,2,0.1127,0
543,2019-06-27,66,Employed,Single,3,East,763,58,1.23,1.53,4.82,3.18,2,0.11304999999999998,1
544,2019-06-28,22,Employed,Single,2,South,570,37,1.48,0.99,5.49,2.86,2,0.17005,0
545,2019-06-29,55,Employed,Widowed,4,North,766,84,0.7,0.45,3.67,3.36,2,0.11735,0
546,2019-06-30,43,Unemployed,Single,3,North,768,82,0.48,3.64,3.48,2.94,2,0.084,0
547,2019-07-01,37,Employed,Single,0,South,846,88,1.4,1.34,4.96,2.87,2,0.09490000000000001,0
548,2019-07-02,46,Employed,Divorced,2,West,569,102,0.75,0.04,6.09,2.13,3,0.18280000000000002,0
549,2019-07-03,28,Employed,Single,2,East,677,67,1.1,2.16,7.77,3.15,2,0.143,0
550,2019-07-04,49,Employed,Married,1,West,476,85,0.62,1.85,2.26,3.74,2,0.1688,0
551,2019-07-05,46,Employed,Single,0,East,573,68,0.3,0.13,4.7,2.37,2,0.17395,0
552,2019-07-06,30,Unemployed,Single,2,East,326,0,0.98,3.14,5.66,3.46,1,0.21039999999999998,0
553,2019-07-07,46,Employed,Single,3,North,875,49,1.0,2.66,5.55,3.05,2,0.0774,0
554,2019-07-08,54,Employed,Single,4,South,359,80,0.69,2.84,3.17,1.97,2,0.19269999999999998,0
555,2019-07-09,61,Unemployed,Married,0,West,516,72,0.4,2.27,3.91,2.83,2,0.16285,0
556,2019-07-10,27,Unemployed,Married,0,North,569,8,1.25,0.7,4.98,2.87,1,0.17065,0
557,2019-07-11,24,Employed,Married,2,North,415,52,0.41,1.94,9.03,3.22,2,0.21699999999999997,0
558,2019-07-12,65,Employed,Divorced,2,North,544,87,0.99,1.52,6.41,3.28,2,0.17585,0
559,2019-07-13,31,Employed,Single,2,West,384,9,0.58,1.35,5.53,3.07,1,0.21315,0
560,2019-07-14,49,Retired,Married,3,North,898,83,0.71,3.64,0.96,3.35,2,0.038900000000000004,0
561,2019-07-15,56,Employed,Married,1,South,749,80,0.32,1.01,3.02,2.55,2,0.11275,0
562,2019-07-16,45,Retired,Divorced,2,North,835,76,0.97,1.54,3.16,2.91,2,0.08665,0
563,2019-07-17,41,Self-Employed,Single,1,North,388,28,0.34,2.04,5.54,2.93,1,0.20529999999999998,0
564,2019-07-18,56,Employed,Married,1,East,848,35,0.73,2.39,4.8,3.59,2,0.08310000000000001,0
565,2019-07-19,30,Employed,Divorced,0,North,806,86,0.49,3.69,4.05,2.08,2,0.07685,1
566,2019-07-20,57,Employed,Single,4,West,707,26,1.45,1.84,5.5,3.3,1,0.12735,0
567,2019-07-21,29,Employed,Divorced,4,West,570,17,1.47,2.29,2.73,3.75,1,0.14325000000000002,0
568,2019-07-22,44,Employed,Single,3,South,823,17,1.13,0.8,3.78,3.06,1,0.10015,0
569,2019-07-23,55,Self-Employed,Married,3,West,793,117,1.48,2.58,4.9,4.66,3,0.09545000000000001,0
570,2019-07-24,69,Retired,Divorced,4,West,747,8,0.17,3.94,7.8,2.76,1,0.10785,0
571,2019-07-25,55,Self-Employed,Married,4,North,842,66,1.49,1.57,6.34,2.93,2,0.10049999999999999,0
572,2019-07-26,68,Unemployed,Married,0,South,649,6,0.16,2.8,5.65,2.72,1,0.133,0
573,2019-07-27,56,Employed,Single,0,West,627,57,0.62,0.59,4.4,2.89,2,0.15435000000000001,0
574,2019-07-28,38,Employed,Divorced,4,South,585,78,0.36,1.65,4.97,3.31,2,0.15710000000000002,0
575,2019-07-29,69,Employed,Married,2,South,334,29,1.43,1.71,6.82,2.82,1,0.22849999999999998,1
576,2019-07-30,59,Self-Employed,Single,2,East,832,72,0.95,2.35,7.74,2.59,2,0.10220000000000001,1
577,2019-07-31,52,Retired,Married,0,East,787,60,0.9,1.86,4.64,2.2,2,0.10285000000000001,0
578,2019-08-01,44,Self-Employed,Married,1,North,786,104,1.5,3.13,5.68,2.92,3,0.0956,0
579,2019-08-02,43,Employed,Single,4,West,444,90,0.92,1.49,6.37,2.99,3,0.20094999999999996,0
580,2019-08-03,52,Employed,Single,3,North,823,99,0.97,2.73,5.61,2.85,3,0.09000000000000001,0
581,2019-08-04,57,Self-Employed,Single,2,North,445,81,0.07,2.16,3.04,4.11,2,0.17734999999999998,1
582,2019-08-05,32,Employed,Married,1,South,802,94,1.29,0.92,3.88,3.32,3,0.10470000000000002,0
583,2019-08-06,69,Unemployed,Married,2,South,826,16,1.46,-0.23,6.11,2.73,1,0.12135000000000001,0
584,2019-08-07,33,Unemployed,Married,1,South,571,117,1.44,2.15,4.15,3.36,3,0.15150000000000002,0
585,2019-08-08,43,Self-Employed,Married,4,North,833,52,0.33,1.32,7.69,3.41,2,0.11199999999999999,0
586,2019-08-09,45,Employed,Divorced,4,West,394,5,0.34,2.28,4.54,3.0,1,0.1964,1
587,2019-08-10,55,Employed,Married,4,North,746,38,0.55,0.74,3.0,2.79,2,0.1161,0
588,2019-08-11,61,Employed,Single,0,North,714,24,0.47,2.53,6.55,2.51,1,0.12395,0
589,2019-08-12,50,Employed,Married,1,North,556,41,0.46,3.57,4.46,3.69,2,0.1426,0
590,2019-08-13,37,Employed,Married,3,East,561,41,0.91,1.76,4.58,2.92,2,0.16005,1
591,2019-08-14,69,Self-Employed,Married,3,East,386,58,1.21,0.0,6.3,2.9,2,0.22999999999999998,0
592,2019-08-15,40,Self-Employed,Married,4,West,735,101,1.41,1.94,3.51,3.56,3,0.1094,0
593,2019-08-16,68,Employed,Single,3,East,869,37,0.1,1.29,5.12,3.02,2,0.09045,0
594,2019-08-17,45,Employed,Divorced,2,North,407,30,0.42,1.05,3.18,4.23,2,0.19865,1
595,2019-08-18,42,Employed,Single,1,East,318,114,0.38,1.79,5.11,2.74,3,0.22315,0
596,2019-08-19,33,Employed,Married,1,East,664,28,0.54,3.0,2.54,2.81,1,0.1117,0
597,2019-08-20,39,Unemployed,Single,1,North,678,103,0.64,1.42,3.74,2.65,3,0.13,0
598,2019-08-21,69,Employed,Divorced,2,West,459,8,0.58,2.7,6.35,2.58,1,0.185,1
599,2019-08-22,56,Employed,Single,0,East,399,0,1.43,1.78,6.95,3.2,1,0.2122,1
600,2019-08-23,32,Employed,Single,2,North,564,79,0.66,1.91,3.67,3.35,2,0.15325,0
601,2019-08-24,61,Unemployed,Single,1,North,348,101,0.83,3.09,3.66,2.81,3,0.19540000000000002,0
602,2019-08-25,39,Self-Employed,Single,1,North,714,86,1.12,1.72,5.15,3.02,2,0.12505,1
603,2019-08-26,32,Employed,Single,1,South,358,71,1.09,2.77,3.79,3.11,2,0.19674999999999998,0
604,2019-08-27,29,Employed,Married,3,North,482,46,0.87,1.77,6.41,3.65,2,0.18885000000000002,1
605,2019-08-28,27,Unemployed,Married,0,East,746,75,1.29,2.56,2.91,2.7,2,0.09745000000000001,0
606,2019-08-29,48,Retired,Single,2,East,600,9,0.94,1.73,4.06,3.09,1,0.14800000000000002,0
607,2019-08-30,34,Employed,Single,1,North,854,15,1.31,2.17,7.72,3.22,1,0.0984,0
608,2019-08-31,51,Unemployed,Married,4,South,653,46,0.45,2.26,5.57,3.2,2,0.137,0
609,2019-09-01,39,Retired,Married,0,South,512,42,0.2,2.68,5.88,3.04,2,0.1696,0
610,2019-09-02,67,Retired,Married,4,South,488,23,1.23,2.48,4.71,3.51,1,0.17175,0
611,2019-09-03,36,Self-Employed,Married,0,East,646,102,0.57,1.16,2.81,2.65,3,0.13595000000000002,0
612,2019-09-04,25,Self-Employed,Single,1,South,436,7,0.98,3.82,7.32,2.91,1,0.18439999999999998,0
613,2019-09-05,55,Employed,Single,0,West,329,74,1.11,2.03,5.29,2.7,2,0.21889999999999998,0
614,2019-09-06,32,Unemployed,Single,0,West,445,104,0.49,2.92,6.42,2.67,3,0.18664999999999998,0
615,2019-09-07,45,Employed,Married,1,South,767,25,0.76,-0.39,4.59,3.06,1,0.1301,0
616,2019-09-08,41,Self-Employed,Widowed,4,West,802,6,1.34,2.8,4.96,3.5,1,0.0913,0
617,2019-09-09,56,Employed,Married,4,North,490,78,1.32,2.77,4.4,2.61,2,0.1668,0
618,2019-09-10,43,Unemployed,Single,3,South,770,14,1.12,2.23,5.31,3.46,1,0.10675000000000001,0
619,2019-09-11,36,Unemployed,Single,4,South,644,47,1.14,-0.26,4.29,2.83,2,0.15805000000000002,0
620,2019-09-12,59,Employed,Single,4,South,300,2,1.35,1.28,3.71,2.52,1,0.22574999999999998,1
621,2019-09-13,65,Unemployed,Married,0,North,409,15,1.1,0.98,4.7,2.67,1,0.20645,0
622,2019-09-14,62,Employed,Single,3,North,363,78,0.51,3.16,5.79,3.48,2,0.2016,0
623,2019-09-15,59,Unemployed,Divorced,1,South,352,88,0.18,0.8,6.75,2.48,2,0.23274999999999998,0
624,2019-09-16,34,Employed,Single,1,East,561,96,0.63,2.55,2.98,4.0,3,0.14415,1
625,2019-09-17,51,Employed,Divorced,2,East,828,13,0.13,1.71,6.33,3.07,1,0.10255,0
626,2019-09-18,25,Retired,Married,3,West,601,87,0.17,3.08,3.95,2.15,2,0.1337,1
627,2019-09-19,55,Employed,Married,0,North,533,117,1.43,2.23,3.49,2.48,3,0.1569,0
628,2019-09-20,43,Unemployed,Married,2,West,372,74,1.01,1.35,3.57,3.41,2,0.20635,0
629,2019-09-21,49,Employed,Married,2,West,656,2,1.28,1.23,8.91,2.27,1,0.16325,1
630,2019-09-22,63,Employed,Married,1,South,783,72,0.96,1.56,6.12,3.33,2,0.11424999999999999,0
631,2019-09-23,31,Employed,Married,4,East,305,69,0.63,-1.09,3.27,2.42,2,0.246,0
632,2019-09-24,38,Self-Employed,Married,0,West,436,30,0.04,3.77,4.17,3.18,2,0.16915,1
633,2019-09-25,67,Employed,Widowed,3,South,703,118,1.43,3.31,2.96,3.66,3,0.10094999999999998,0
634,2019-09-26,32,Employed,Married,2,North,854,79,0.11,2.07,3.01,3.19,2,0.07585,0
635,2019-09-27,29,Employed,Married,0,West,869,74,0.92,2.94,2.96,3.43,2,0.06315,1
636,2019-09-28,30,Employed,Divorced,1,East,505,113,0.15,1.96,3.44,3.36,3,0.16635,0
637,2019-09-29,64,Retired,Single,2,North,709,16,0.43,2.44,6.15,2.43,1,0.12410000000000002,0
638,2019-09-30,37,Retired,Single,2,South,335,48,0.28,2.99,6.6,2.39,2,0.21434999999999998,0
639,2019-10-01,58,Employed,Married,1,North,529,2,0.83,1.76,3.62,2.12,1,0.16325,0
640,2019-10-02,27,Unemployed,Married,1,West,526,82,1.33,2.77,4.38,3.15,2,0.15769999999999998,0
641,2019-10-03,66,Employed,Married,1,North,561,87,0.95,0.2,6.26,2.95,2,0.18405,0
642,2019-10-04,33,Self-Employed,Married,0,North,430,54,1.0,2.21,5.05,2.5,2,0.19065,1
643,2019-10-05,60,Unemployed,Married,0,North,876,110,1.36,1.99,5.52,3.17,3,0.0837,1
644,2019-10-06,62,Retired,Married,0,East,747,105,1.12,1.66,4.22,3.8,3,0.11275,0
645,2019-10-07,29,Employed,Single,4,West,485,71,1.3,1.79,7.3,3.35,2,0.19235,0
646,2019-10-08,47,Unemployed,Married,2,South,485,112,0.62,1.76,7.58,3.69,3,0.19405,0
647,2019-10-09,22,Employed,Married,0,East,573,99,1.3,3.11,6.08,2.81,3,0.15105000000000002,0
648,2019-10-10,25,Retired,Single,4,West,651,39,0.97,1.94,4.1,3.09,2,0.13335,0
649,2019-10-11,49,Employed,Married,2,South,712,65,0.2,4.82,3.02,3.16,2,0.0839,0
650,2019-10-12,57,Self-Employed,Married,0,South,450,86,0.06,1.06,7.62,3.42,2,0.21,1
651,2019-10-13,58,Self-Employed,Single,1,South,683,39,0.37,2.55,5.49,2.23,2,0.1262,0
652,2019-10-14,39,Self-Employed,Single,3,West,335,29,0.57,2.89,5.18,3.75,1,0.20825,0
653,2019-10-15,28,Employed,Widowed,0,South,625,24,1.26,1.61,6.07,3.12,1,0.153,0
654,2019-10-16,68,Retired,Single,3,South,764,6,1.11,0.79,5.04,3.65,1,0.1213,0
655,2019-10-17,65,Employed,Single,0,East,765,91,1.43,1.55,4.6,3.53,3,0.11125,1
656,2019-10-18,21,Self-Employed,Single,1,South,394,104,0.84,0.68,8.32,1.93,3,0.2313,1
657,2019-10-19,42,Employed,Married,3,North,433,49,1.12,1.18,6.77,3.17,2,0.20879999999999999,0
658,2019-10-20,37,Employed,Married,4,East,461,80,0.41,2.39,7.49,3.25,2,0.1933,0
659,2019-10-21,27,Employed,Married,1,East,855,95,1.02,4.59,7.37,2.89,3,0.07220000000000001,0
660,2019-10-22,45,Employed,Single,3,West,599,0,1.06,3.74,2.03,3.0,1,0.118,0
661,2019-10-23,65,Employed,Divorced,3,South,655,90,1.27,1.39,6.25,2.56,3,0.1486,0
662,2019-10-24,24,Employed,Single,1,North,539,43,0.8,2.95,5.75,2.92,2,0.1595,1
663,2019-10-25,56,Employed,Single,1,North,863,99,0.97,1.64,4.08,2.83,3,0.08325,0
664,2019-10-26,26,Unemployed,Married,1,South,885,48,0.3,1.13,9.41,2.74,2,0.10950000000000001,0
665,2019-10-27,51,Unemployed,Single,2,South,466,6,1.11,1.92,5.23,2.82,1,0.18545,1
666,2019-10-28,39,Employed,Divorced,4,West,439,119,1.26,-0.19,4.23,1.82,3,0.20829999999999999,1
667,2019-10-29,64,Employed,Divorced,0,North,438,2,0.89,0.32,4.79,2.74,1,0.20625,1
668,2019-10-30,59,Employed,Single,3,East,534,93,0.17,2.91,5.93,2.55,3,0.16205,0
669,2019-10-31,47,Employed,Divorced,0,West,302,0,0.47,3.36,5.67,2.58,1,0.21425,0
670,2019-11-01,30,Self-Employed,Married,1,West,555,50,0.71,-0.49,4.21,2.31,2,0.18220000000000003,0
671,2019-11-02,46,Self-Employed,Divorced,4,East,670,97,1.02,3.46,6.26,2.88,3,0.1242,0
672,2019-11-03,39,Employed,Single,4,West,577,37,0.48,3.16,5.05,2.56,2,0.1444,0
673,2019-11-04,59,Employed,Married,2,South,815,42,1.26,1.65,4.62,2.55,2,0.09785,0
674,2019-11-05,23,Employed,Single,1,East,511,54,0.56,2.45,4.69,3.06,2,0.16620000000000001,1
675,2019-11-06,65,Unemployed,Married,3,East,515,56,0.06,3.82,3.25,3.81,2,0.1443,1
676,2019-11-07,33,Retired,Single,2,North,569,52,1.19,3.23,3.55,3.07,2,0.1382,0
677,2019-11-08,48,Employed,Married,1,East,775,99,0.97,2.49,3.42,3.54,3,0.09345,0
678,2019-11-09,40,Employed,Single,2,West,827,32,1.2,1.37,1.43,2.95,2,0.0817,0
679,2019-11-10,48,Unemployed,Single,0,North,363,106,0.52,1.59,5.51,4.24,3,0.21589999999999998,0
680,2019-11-11,28,Retired,Married,1,West,759,79,0.03,2.7,3.47,2.44,2,0.09559999999999999,0
681,2019-11-12,61,Employed,Divorced,3,South,315,61,0.11,2.54,4.38,2.0,2,0.21275,0
682,2019-11-13,59,Employed,Married,3,South,863,101,0.17,3.16,4.55,3.45,3,0.07039999999999999,1
683,2019-11-14,21,Employed,Divorced,1,North,318,10,1.21,0.56,3.52,3.37,1,0.22749999999999998,1
684,2019-11-15,23,Self-Employed,Single,2,North,624,71,0.45,2.44,4.45,2.1,2,0.13685000000000003,0
685,2019-11-16,33,Employed,Married,4,West,392,51,1.5,2.72,5.12,2.93,2,0.1954,0
686,2019-11-17,48,Employed,Married,1,South,316,0,1.14,1.76,3.96,3.9,1,0.21819999999999998,0
687,2019-11-18,69,Self-Employed,Single,3,North,787,13,0.9,4.38,3.63,3.45,1,0.0726,0
688,2019-11-19,45,Employed,Married,0,South,393,93,1.48,1.14,4.09,2.23,3,0.20579999999999998,0
689,2019-11-20,53,Unemployed,Married,3,South,309,84,0.47,1.94,6.43,1.99,2,0.23049999999999998,0
690,2019-11-21,58,Employed,Married,4,South,827,20,0.25,2.73,4.15,3.81,1,0.0817,0
691,2019-11-22,26,Employed,Married,3,West,788,33,1.11,2.86,5.25,2.58,2,0.09565000000000001,0
692,2019-11-23,64,Self-Employed,Married,4,West,443,101,0.42,1.75,4.25,3.48,3,0.188,0
693,2019-11-24,65,Employed,Single,1,South,853,89,1.44,1.75,4.84,3.36,2,0.08845,0
694,2019-11-25,52,Retired,Single,3,South,814,104,1.48,2.7,6.27,2.99,3,0.09585,0
695,2019-11-26,65,Employed,Married,2,South,769,13,1.39,2.46,3.65,2.63,1,0.09639999999999999,0
696,2019-11-27,67,Employed,Single,2,East,676,117,1.42,2.09,8.34,3.75,3,0.14679999999999999,0
697,2019-11-28,41,Unemployed,Single,3,East,793,39,0.92,0.14,5.54,1.88,2,0.12305,0
698,2019-11-29,36,Employed,Married,3,West,783,34,1.04,2.15,5.31,3.55,2,0.1043,0
699,2019-11-30,41,Retired,Married,0,South,751,41,0.14,3.62,3.43,2.84,2,0.0882,0
700,2019-12-01,31,Employed,Single,3,East,835,81,1.14,2.59,5.98,2.62,2,0.09025000000000001,0
701,2019-12-02,57,Employed,Married,0,North,374,19,0.3,1.22,7.5,2.94,1,0.2268,0
702,2019-12-03,56,Employed,Married,0,North,339,59,1.26,0.54,3.87,3.56,2,0.2242,0
703,2019-12-04,55,Employed,Single,0,South,601,8,1.44,2.96,3.49,2.38,1,0.1326,0
704,2019-12-05,39,Unemployed,Married,0,East,851,104,0.32,1.54,5.07,3.17,3,0.0922,0
705,2019-12-06,40,Unemployed,Married,1,North,361,114,0.12,3.34,3.48,3.3,3,0.18874999999999997,0
706,2019-12-07,38,Employed,Married,2,West,802,108,0.73,3.31,4.32,2.9,3,0.083,0
707,2019-12-08,67,Employed,Married,0,North,544,32,1.19,1.85,6.25,2.45,2,0.17175,1
708,2019-12-09,61,Unemployed,Single,2,West,317,48,1.16,2.33,7.65,2.59,2,0.23069999999999996,0
709,2019-12-10,69,Retired,Married,0,North,697,67,1.05,2.45,6.32,3.89,2,0.12785,0
710,2019-12-11,34,Employed,Single,2,North,893,3,1.23,0.8,3.71,3.47,1,0.0823,0
711,2019-12-12,35,Employed,Divorced,3,East,488,47,0.26,3.71,4.59,3.3,2,0.15885,0
712,2019-12-13,51,Employed,Married,3,North,403,15,0.98,2.5,4.48,4.06,1,0.19165,0
713,2019-12-14,21,Unemployed,Married,2,North,643,46,0.91,2.15,5.15,2.61,2,0.1385,1
714,2019-12-15,23,Employed,Single,0,West,670,25,0.23,2.99,6.33,2.99,1,0.12925,0
715,2019-12-16,36,Employed,Single,1,West,332,69,0.62,2.31,3.8,3.02,2,0.20789999999999997,1
716,2019-12-17,43,Unemployed,Single,2,North,673,36,1.28,0.91,8.28,3.62,2,0.15905,1
717,2019-12-18,31,Employed,Married,4,South,477,21,1.46,1.19,3.44,2.18,1,0.18105,0
718,2019-12-19,32,Employed,Single,1,North,311,105,1.0,-0.15,3.75,3.04,3,0.2375,0
719,2019-12-20,30,Employed,Married,4,North,755,102,1.38,2.07,3.8,3.0,3,0.10455,0
720,2019-12-21,52,Employed,Single,2,East,548,6,0.2,2.55,8.69,3.41,1,0.17595,0
721,2019-12-22,36,Employed,Widowed,0,North,747,41,1.46,1.81,7.45,2.78,2,0.1274,1
722,2019-12-23,28,Employed,Single,4,North,869,29,0.05,0.84,3.78,3.61,1,0.08825,0
723,2019-12-24,58,Employed,Divorced,2,West,303,73,0.79,1.5,4.31,3.2,2,0.22579999999999997,0
724,2019-12-25,32,Self-Employed,Divorced,1,West,535,78,0.44,1.63,4.86,2.61,2,0.16925,0
725,2019-12-26,44,Unemployed,Married,0,West,472,5,1.22,2.87,4.28,3.29,1,0.16970000000000002,1
726,2019-12-27,48,Unemployed,Married,4,West,621,23,0.33,3.43,6.35,2.94,1,0.13720000000000002,0
727,2019-12-28,28,Employed,Married,2,North,670,65,0.02,-0.74,5.74,3.24,2,0.16360000000000002,0
728,2019-12-29,48,Employed,Married,0,South,847,39,0.62,1.92,5.3,2.41,2,0.09054999999999999,1
729,2019-12-30,56,Employed,Single,0,East,595,115,0.1,1.4,6.23,2.86,3,0.1634,1
730,2019-12-31,46,Employed,Single,3,East,699,14,0.44,1.74,5.66,3.51,1,0.13115000000000002,0
731,2020-01-01,28,Employed,Married,0,South,357,52,0.97,2.84,6.01,3.7,2,0.2074,0
732,2020-01-02,48,Self-Employed,Married,2,South,829,84,0.44,1.5,5.26,3.22,2,0.09905,0
733,2020-01-03,48,Employed,Married,1,East,847,81,0.37,2.68,7.58,2.88,2,0.09435,0
734,2020-01-04,57,Employed,Single,3,North,707,4,0.23,3.99,5.2,2.73,1,0.10435,0
735,2020-01-05,61,Employed,Single,2,East,812,88,0.2,1.55,4.78,2.65,2,0.10039999999999999,1
736,2020-01-06,56,Self-Employed,Single,2,South,363,35,0.79,1.78,6.2,2.65,2,0.21745,0
737,2020-01-07,47,Employed,Single,2,North,873,73,1.02,1.76,5.85,2.58,2,0.0884,0
738,2020-01-08,37,Self-Employed,Single,4,East,719,114,0.68,4.39,4.97,2.96,3,0.09620000000000001,0
739,2020-01-09,29,Employed,Single,4,North,445,45,0.19,1.5,2.54,2.71,2,0.18144999999999997,0
740,2020-01-10,53,Unemployed,Single,1,North,571,22,0.97,3.47,7.11,3.28,1,0.1531,0
741,2020-01-11,40,Unemployed,Married,2,South,316,87,0.84,1.96,6.86,3.18,2,0.2307,0
742,2020-01-12,33,Employed,Single,4,West,397,44,0.57,2.17,3.72,3.55,2,0.19265,0
743,2020-01-13,48,Employed,Married,4,East,751,9,0.5,2.83,5.62,3.28,1,0.10705,0
744,2020-01-14,68,Employed,Single,4,South,542,53,0.27,1.63,4.22,3.42,2,0.1643,0
745,2020-01-15,49,Employed,Divorced,1,East,778,69,0.22,2.98,5.79,2.59,2,0.09965,0
746,2020-01-16,33,Self-Employed,Married,1,West,500,76,0.51,1.72,6.67,3.24,2,0.18614999999999998,1
747,2020-01-17,66,Unemployed,Single,2,West,772,84,0.06,0.93,4.8,3.12,2,0.11670000000000001,0
748,2020-01-18,55,Self-Employed,Married,3,West,478,31,0.65,3.02,6.07,2.01,2,0.17565,0
749,2020-01-19,26,Unemployed,Single,2,West,807,42,0.9,2.61,2.89,2.97,2,0.0816,1
750,2020-01-20,38,Employed,Married,4,East,752,117,1.41,1.41,3.71,2.5,3,0.11145,0
751,2020-01-21,25,Employed,Single,4,North,569,14,0.94,3.15,6.35,2.24,1,0.153,0
752,2020-01-22,67,Unemployed,Widowed,0,North,533,65,0.94,1.02,4.04,2.84,2,0.17175,1
753,2020-01-23,45,Employed,Married,2,West,785,14,0.56,2.42,3.76,2.68,1,0.09335,0
754,2020-01-24,22,Self-Employed,Single,4,West,877,114,0.2,0.31,3.91,2.62,3,0.09219999999999999,0
755,2020-01-25,30,Employed,Married,4,North,637,80,0.67,1.61,3.38,2.28,2,0.13655,0
756,2020-01-26,50,Employed,Single,3,South,747,19,0.9,1.16,6.51,3.89,1,0.12919999999999998,1
757,2020-01-27,65,Retired,Married,0,West,883,49,1.09,0.74,6.62,2.38,2,0.09995000000000001,0
758,2020-01-28,25,Employed,Married,2,North,656,5,1.24,2.02,3.86,2.83,1,0.1301,0
759,2020-01-29,53,Retired,Married,1,South,348,78,0.38,2.33,3.34,3.34,2,0.2014,0
760,2020-01-30,21,Retired,Single,2,North,795,16,0.36,2.61,4.86,3.49,1,0.09445,0
761,2020-01-31,38,Unemployed,Married,2,South,645,119,0.85,2.0,3.24,2.45,3,0.12995,0
762,2020-02-01,52,Self-Employed,Married,3,East,592,25,0.85,2.43,6.06,2.89,1,0.15300000000000002,0
763,2020-02-02,67,Self-Employed,Single,2,South,449,21,0.33,0.88,5.02,3.28,1,0.19905,0
764,2020-02-03,69,Unemployed,Single,3,West,881,72,0.88,1.12,4.46,3.15,2,0.08585000000000001,0
765,2020-02-04,31,Employed,Single,3,South,844,63,0.52,1.98,6.53,3.19,2,0.09685,0
766,2020-02-05,41,Employed,Widowed,4,South,559,75,0.96,1.12,3.58,2.4,2,0.16195,0
767,2020-02-06,46,Self-Employed,Single,1,West,621,85,0.44,2.01,4.36,2.59,2,0.14145000000000002,0
768,2020-02-07,45,Employed,Married,3,East,376,57,0.89,1.35,3.2,2.92,2,0.20349999999999996,0
769,2020-02-08,42,Employed,Single,0,South,409,86,1.15,1.84,2.93,2.84,2,0.189,0
770,2020-02-09,47,Employed,Single,0,East,846,36,1.47,0.34,3.64,3.08,2,0.0983,0
771,2020-02-10,69,Self-Employed,Married,1,North,722,77,1.37,0.29,3.79,2.47,2,0.13055,0
772,2020-02-11,33,Unemployed,Widowed,3,North,693,87,0.76,1.28,3.65,3.49,2,0.12719999999999998,0
773,2020-02-12,53,Employed,Married,1,West,534,71,0.73,0.67,4.86,2.4,2,0.1791,0
774,2020-02-13,54,Retired,Married,4,East,629,89,0.66,-0.62,4.85,3.12,2,0.16820000000000002,0
775,2020-02-14,61,Self-Employed,Married,0,West,624,95,0.04,2.48,2.67,2.59,3,0.12755,0
776,2020-02-15,55,Unemployed,Single,2,West,450,27,0.25,2.97,6.2,2.87,1,0.18379999999999996,0
777,2020-02-16,21,Self-Employed,Single,0,South,845,95,0.09,2.88,2.73,2.26,3,0.06860000000000001,0
778,2020-02-17,41,Unemployed,Married,3,North,331,85,1.04,1.86,2.41,2.92,2,0.2057,1
779,2020-02-18,68,Employed,Widowed,1,West,571,48,0.62,1.84,6.55,3.33,2,0.16660000000000003,0
780,2020-02-19,26,Unemployed,Divorced,0,South,667,72,0.1,2.1,3.35,3.63,2,0.124,0
781,2020-02-20,48,Employed,Single,2,South,791,66,1.04,1.35,5.54,2.95,2,0.11145000000000001,0
782,2020-02-21,37,Unemployed,Single,2,East,615,88,0.97,0.16,4.12,2.39,2,0.16025,0
783,2020-02-22,25,Retired,Single,1,North,889,102,1.08,3.19,3.49,3.41,3,0.058300000000000005,0
784,2020-02-23,51,Employed,Divorced,1,East,887,75,0.9,2.01,3.22,3.17,2,0.06925,0
785,2020-02-24,25,Employed,Divorced,0,East,871,92,0.24,1.95,5.57,2.92,3,0.08560000000000001,0
786,2020-02-25,58,Unemployed,Married,3,West,896,66,0.09,1.68,3.6,2.73,2,0.0722,0
787,2020-02-26,23,Employed,Single,4,East,667,40,1.23,2.59,6.64,2.94,2,0.13555,0
788,2020-02-27,43,Unemployed,Married,2,West,379,45,0.32,1.88,2.72,3.01,2,0.19504999999999997,0
789,2020-02-28,57,Employed,Married,1,East,471,86,0.81,1.51,7.12,3.4,2,0.19774999999999998,0
790,2020-02-29,57,Employed,Single,4,South,557,86,0.73,1.66,1.88,2.58,2,0.14855000000000002,0
791,2020-03-01,30,Retired,Married,4,North,578,54,1.38,2.06,5.43,2.66,2,0.15704999999999997,0
792,2020-03-02,30,Self-Employed,Single,4,North,803,81,0.83,0.85,3.24,2.88,2,0.10195000000000001,0
793,2020-03-03,39,Unemployed,Single,3,North,857,10,0.87,3.41,2.61,2.32,1,0.0597,0
794,2020-03-04,37,Employed,Divorced,1,South,790,99,0.48,1.39,4.85,3.34,3,0.10785,0
795,2020-03-05,41,Self-Employed,Married,2,South,884,25,1.44,1.2,6.01,3.3,1,0.09204999999999999,0
796,2020-03-06,34,Self-Employed,Married,1,East,865,71,0.92,1.62,4.71,3.15,2,0.08609999999999998,0
797,2020-03-07,29,Self-Employed,Married,0,East,636,91,0.01,2.91,4.93,4.21,3,0.13155,0
798,2020-03-08,66,Self-Employed,Single,2,East,820,81,0.83,1.73,5.31,3.34,2,0.09925,0
799,2020-03-09,21,Self-Employed,Married,1,East,625,12,0.55,3.16,5.93,3.67,1,0.1368,0
800,2020-03-10,65,Employed,Married,2,North,471,35,0.05,1.67,7.47,3.03,2,0.19790000000000002,0
801,2020-03-11,33,Employed,Married,0,East,383,105,0.65,0.58,3.88,2.73,3,0.21284999999999998,0
802,2020-03-12,24,Unemployed,Married,2,South,823,103,1.16,1.17,5.72,2.28,3,0.10615,0
803,2020-03-13,21,Employed,Single,4,South,780,107,0.76,1.31,4.14,3.15,3,0.1076,0
804,2020-03-14,69,Self-Employed,Single,3,South,843,63,0.96,2.65,4.74,3.27,2,0.08145,0
805,2020-03-15,60,Employed,Married,0,West,717,50,0.96,1.54,6.02,3.46,2,0.13045,0
806,2020-03-16,52,Self-Employed,Single,2,West,638,75,1.01,0.82,5.27,2.75,2,0.15365,0
807,2020-03-17,54,Unemployed,Married,0,West,619,21,0.58,0.55,3.88,3.33,1,0.15415,0
808,2020-03-18,48,Employed,Single,4,East,603,59,0.56,0.17,5.16,2.35,2,0.16835,0
809,2020-03-19,51,Employed,Single,3,North,571,1,0.01,4.65,5.53,3.05,1,0.13340000000000002,1
810,2020-03-20,28,Employed,Single,0,North,413,55,0.23,1.25,5.95,3.28,2,0.209,0
811,2020-03-21,59,Self-Employed,Widowed,4,East,706,39,1.43,2.44,6.71,3.32,2,0.12764999999999999,1
812,2020-03-22,46,Unemployed,Single,4,East,325,27,1.26,0.79,7.69,3.41,1,0.2443,0
813,2020-03-23,54,Employed,Married,4,West,536,76,0.41,3.23,5.0,3.27,2,0.1537,1
814,2020-03-24,23,Unemployed,Married,2,South,609,96,0.6,1.14,3.35,3.06,3,0.1481,0
815,2020-03-25,32,Employed,Single,1,South,532,2,1.41,3.87,5.47,3.62,1,0.15064999999999998,1
816,2020-03-26,21,Employed,Married,0,West,848,62,0.38,3.97,2.99,2.97,2,0.05825,0
817,2020-03-27,64,Retired,Married,1,West,564,97,0.8,0.88,7.85,2.99,3,0.18445,1
818,2020-03-28,25,Employed,Married,4,North,312,22,0.03,3.24,4.16,3.79,1,0.20539999999999997,0
819,2020-03-29,50,Employed,Divorced,1,West,795,54,0.93,3.88,6.48,1.6,2,0.08985,0
820,2020-03-30,50,Employed,Single,4,South,615,31,1.4,0.4,5.47,3.29,2,0.16460000000000002,0
821,2020-03-31,37,Employed,Single,4,South,683,83,1.33,0.51,5.37,3.3,2,0.14600000000000002,0
822,2020-04-01,68,Employed,Divorced,3,East,615,27,0.75,-0.09,2.63,2.79,1,0.1553,0
823,2020-04-02,67,Employed,Single,3,North,555,7,0.97,1.06,3.82,3.01,1,0.16475,0
824,2020-04-03,43,Self-Employed,Married,1,East,740,2,0.85,0.99,4.41,2.99,1,0.12215000000000001,0
825,2020-04-04,35,Employed,Married,0,North,414,93,0.1,1.67,4.44,2.89,3,0.197,0
826,2020-04-05,57,Employed,Single,1,East,598,88,0.24,0.72,5.14,2.97,2,0.164,0
827,2020-04-06,41,Employed,Married,0,North,423,52,1.45,2.69,4.01,3.19,2,0.18239999999999998,0
828,2020-04-07,34,Employed,Single,1,West,555,93,0.38,2.03,5.74,2.7,3,0.16465000000000002,0
829,2020-04-08,22,Self-Employed,Single,2,South,346,28,0.58,2.42,4.86,3.0,1,0.20859999999999998,0
830,2020-04-09,31,Retired,Single,2,West,762,110,0.76,3.03,5.99,2.33,3,0.10415,0
831,2020-04-10,59,Employed,Married,0,North,649,93,1.47,2.26,2.77,2.69,3,0.12400000000000001,0
832,2020-04-11,58,Unemployed,Single,3,North,422,97,1.03,1.78,6.17,2.46,3,0.20255,0
833,2020-04-12,54,Self-Employed,Married,0,East,330,88,0.94,1.18,7.44,3.08,2,0.2379,0
834,2020-04-13,58,Self-Employed,Divorced,1,North,354,80,0.79,2.9,4.76,2.48,2,0.2013,0
835,2020-04-14,54,Employed,Married,4,West,452,58,1.05,2.27,6.81,2.3,2,0.19335,0
836,2020-04-15,38,Employed,Married,2,North,755,23,1.0,2.22,4.96,2.31,1,0.10885,1
837,2020-04-16,50,Employed,Married,4,North,585,37,1.35,1.39,4.37,2.48,2,0.1567,1
838,2020-04-17,35,Self-Employed,Single,2,East,335,27,0.81,2.3,5.32,3.52,1,0.21484999999999999,0
839,2020-04-18,47,Employed,Married,1,North,555,96,0.63,1.22,7.35,3.77,3,0.18080000000000002,0
840,2020-04-19,54,Retired,Married,2,East,477,61,1.21,2.31,7.23,2.83,2,0.18880000000000002,0
841,2020-04-20,58,Employed,Widowed,0,South,847,99,1.2,1.74,2.7,2.25,3,0.07935,0
842,2020-04-21,53,Employed,Divorced,4,East,553,50,0.25,2.72,3.46,2.85,2,0.14685,0
843,2020-04-22,44,Unemployed,Divorced,4,North,807,6,0.36,0.67,4.87,3.69,1,0.1109,0
844,2020-04-23,35,Employed,Divorced,1,South,320,22,1.44,2.05,3.94,3.11,1,0.2142,0
845,2020-04-24,50,Employed,Married,4,North,374,117,0.67,2.7,5.57,2.27,3,0.20235,1
846,2020-04-25,62,Self-Employed,Married,1,East,759,45,0.78,2.07,4.79,3.91,2,0.10849999999999999,1
847,2020-04-26,37,Retired,Divorced,3,West,477,89,0.47,0.58,4.32,2.82,2,0.19155,0
848,2020-04-27,25,Unemployed,Single,0,South,681,77,0.72,1.26,7.97,2.73,2,0.152,0
849,2020-04-28,49,Self-Employed,Widowed,2,West,336,105,1.12,3.27,6.17,3.59,3,0.20914999999999997,1
850,2020-04-29,24,Self-Employed,Married,2,West,419,27,0.72,1.93,6.07,3.14,1,0.20129999999999998,0
851,2020-04-30,30,Retired,Married,2,South,300,23,0.47,1.18,3.79,3.64,1,0.22715,1
852,2020-05-01,37,Employed,Married,3,West,610,6,0.14,3.25,4.94,2.93,1,0.13470000000000001,0
853,2020-05-02,30,Employed,Widowed,0,West,507,111,1.39,3.55,4.79,2.96,3,0.1567,0
854,2020-05-03,37,Employed,Single,4,West,453,99,1.31,0.82,5.14,2.76,3,0.19925,0
855,2020-05-04,40,Employed,Married,4,West,614,102,1.19,1.5,4.34,3.08,3,0.1482,1
856,2020-05-05,44,Self-Employed,Married,0,South,606,78,1.04,1.66,6.38,2.98,2,0.1588,0
857,2020-05-06,25,Self-Employed,Single,0,North,803,48,0.77,2.53,7.0,2.65,2,0.10395,0
858,2020-05-07,54,Self-Employed,Married,2,West,819,2,1.35,1.82,6.15,2.15,1,0.1028,0
859,2020-05-08,26,Employed,Married,4,South,396,111,1.19,2.12,4.85,3.24,3,0.19905,0
860,2020-05-09,22,Unemployed,Married,0,South,789,1,1.22,1.85,4.4,3.16,1,0.10125,0
861,2020-05-10,33,Employed,Single,4,South,306,6,0.46,4.2,6.62,2.87,1,0.20959999999999998,1
862,2020-05-11,63,Self-Employed,Married,0,South,311,79,0.64,2.57,5.49,3.47,2,0.219,0
863,2020-05-12,63,Self-Employed,Married,1,East,813,20,1.06,1.71,5.83,3.07,1,0.1038,0
864,2020-05-13,68,Employed,Married,2,North,648,8,0.56,1.72,5.46,3.22,1,0.1431,1
865,2020-05-14,31,Employed,Single,0,North,306,11,0.74,2.47,3.89,3.0,1,0.21325,0
866,2020-05-15,67,Employed,Widowed,3,West,799,92,0.97,1.04,7.35,2.21,3,0.12160000000000001,0
867,2020-05-16,43,Unemployed,Married,0,South,774,23,0.66,2.27,8.68,3.65,1,0.12220000000000002,0
868,2020-05-17,36,Retired,Married,1,East,823,32,1.19,2.16,4.35,3.19,2,0.08940000000000001,0
869,2020-05-18,51,Self-Employed,Married,3,South,356,77,0.17,1.14,4.94,2.34,2,0.2193,0
870,2020-05-19,31,Employed,Single,3,West,889,42,1.08,-0.31,4.43,2.77,2,0.098,0
871,2020-05-20,36,Employed,Married,0,North,885,81,0.22,0.26,4.01,3.29,2,0.0912,0
872,2020-05-21,28,Unemployed,Married,1,West,532,117,1.41,1.77,5.89,3.76,3,0.17375,1
873,2020-05-22,24,Unemployed,Married,3,West,329,4,0.47,2.91,4.13,3.14,1,0.20429999999999998,1
874,2020-05-23,60,Employed,Married,2,West,666,78,1.19,1.55,3.57,3.37,2,0.13085,0
875,2020-05-24,24,Employed,Married,2,West,355,70,0.78,2.87,5.67,3.82,2,0.20589999999999997,0
876,2020-05-25,45,Unemployed,Single,4,West,309,88,0.14,1.63,3.69,3.8,2,0.21989999999999998,0
877,2020-05-26,23,Employed,Married,4,West,446,13,0.87,0.95,4.08,3.13,1,0.19440000000000002,0
878,2020-05-27,52,Employed,Single,1,West,663,115,1.37,0.72,3.99,3.33,3,0.14200000000000002,0
879,2020-05-28,23,Employed,Single,3,North,898,103,0.24,1.07,5.69,2.51,3,0.08825000000000001,0
880,2020-05-29,47,Employed,Divorced,2,North,552,35,0.48,2.14,5.11,2.97,2,0.16115000000000002,1
881,2020-05-30,49,Unemployed,Married,2,South,552,34,0.66,1.95,2.2,3.2,2,0.14850000000000002,0
882,2020-05-31,52,Retired,Married,1,South,742,107,0.41,1.75,5.43,2.79,3,0.11915,0
883,2020-06-01,39,Self-Employed,Married,3,East,639,49,1.42,1.79,3.76,2.34,2,0.13615,0
884,2020-06-02,41,Employed,Divorced,1,East,815,87,0.57,3.11,7.31,2.98,2,0.0967,0
885,2020-06-03,25,Employed,Married,0,North,652,78,0.99,3.88,1.89,2.12,2,0.10265,0
886,2020-06-04,38,Employed,Married,2,North,622,10,0.34,1.26,5.56,3.76,1,0.1547,0
887,2020-06-05,48,Employed,Single,1,East,439,23,0.33,1.81,6.17,2.97,1,0.19799999999999998,0
888,2020-06-06,62,Self-Employed,Widowed,1,North,744,74,0.26,0.78,3.19,3.53,2,0.11715,0
889,2020-06-07,42,Employed,Married,0,East,394,43,0.65,1.99,4.58,2.56,2,0.1995,0
890,2020-06-08,41,Employed,Divorced,4,South,852,50,0.8,1.69,5.14,2.75,2,0.09080000000000002,0
891,2020-06-09,26,Employed,Single,2,North,719,16,0.02,2.21,4.77,3.29,1,0.11700000000000002,0
892,2020-06-10,21,Employed,Single,1,North,813,69,1.25,2.88,5.73,3.75,2,0.0916,0
893,2020-06-11,25,Employed,Single,2,East,449,84,0.77,0.79,5.24,3.09,2,0.20105,0
894,2020-06-12,61,Employed,Single,4,West,852,7,0.24,1.79,6.18,2.59,1,0.095,1
895,2020-06-13,32,Retired,Divorced,1,West,650,78,0.1,1.72,5.49,3.44,2,0.14275000000000002,0
896,2020-06-14,46,Employed,Single,0,South,415,117,0.09,2.16,5.16,2.46,3,0.19544999999999998,0
897,2020-06-15,66,Employed,Single,2,North,536,115,0.39,3.4,4.59,3.65,3,0.14995,0
898,2020-06-16,54,Unemployed,Single,0,North,569,95,0.75,1.35,5.37,3.53,3,0.1661,0
899,2020-06-17,69,Retired,Single,4,East,590,73,1.29,2.61,7.62,2.62,2,0.1595,0
900,2020-06-18,34,Self-Employed,Single,4,West,733,27,1.35,3.67,4.87,2.94,1,0.0994,0
901,2020-06-19,46,Unemployed,Married,2,West,308,78,1.25,1.15,3.09,2.74,2,0.22194999999999998,0
902,2020-06-20,65,Employed,Married,4,South,774,11,0.49,2.15,6.64,3.19,1,0.11320000000000001,0
903,2020-06-21,47,Employed,Single,3,West,821,42,0.46,2.14,8.11,3.23,2,0.1089,0
904,2020-06-22,29,Employed,Married,2,West,836,81,1.48,0.7,5.87,2.14,2,0.10835000000000002,0
905,2020-06-23,46,Self-Employed,Married,3,West,310,119,1.02,2.58,7.95,3.26,3,0.23145,0
906,2020-06-24,67,Self-Employed,Single,4,East,626,36,0.46,3.12,5.21,2.95,2,0.13335,0
907,2020-06-25,42,Employed,Married,2,West,894,107,0.49,1.33,9.42,2.39,3,0.1053,1
908,2020-06-26,67,Employed,Married,3,South,575,87,0.65,1.71,2.8,3.3,2,0.14815,0
909,2020-06-27,50,Self-Employed,Married,4,West,669,62,0.93,0.25,4.77,3.79,2,0.1491,0
910,2020-06-28,63,Employed,Married,1,South,789,100,1.35,3.05,5.9,3.06,3,0.09675,0
911,2020-06-29,68,Self-Employed,Single,1,East,644,117,0.3,2.87,3.85,3.7,3,0.12455000000000001,0
912,2020-06-30,37,Self-Employed,Widowed,0,East,667,92,0.13,1.04,6.77,3.41,3,0.1517,0
913,2020-07-01,46,Unemployed,Married,1,South,610,62,0.61,1.16,5.82,3.42,2,0.16,0
914,2020-07-02,56,Unemployed,Divorced,3,East,784,9,0.37,1.6,4.68,3.23,1,0.1064,1
915,2020-07-03,21,Unemployed,Single,1,North,314,77,0.86,3.29,5.64,2.89,2,0.2118,1
916,2020-07-04,28,Employed,Divorced,2,North,303,79,1.05,1.93,5.3,2.63,2,0.22644999999999998,0
917,2020-07-05,69,Unemployed,Married,2,North,675,36,0.47,2.15,5.97,4.54,2,0.1346,0
918,2020-07-06,55,Self-Employed,Married,2,North,668,10,1.03,2.15,4.65,3.09,1,0.12975,0
919,2020-07-07,35,Employed,Single,1,North,764,114,0.51,3.37,1.68,3.08,3,0.07869999999999999,0
920,2020-07-08,67,Employed,Married,1,East,832,89,0.95,1.63,6.3,3.54,2,0.10220000000000001,0
921,2020-07-09,42,Employed,Widowed,0,South,436,103,0.95,1.86,4.9,2.05,3,0.1919,0
922,2020-07-10,34,Employed,Married,4,East,662,18,0.42,3.17,3.82,3.29,1,0.1169,0
923,2020-07-11,46,Self-Employed,Married,0,West,515,51,0.95,3.16,4.44,3.67,2,0.15685000000000002,0
924,2020-07-12,48,Unemployed,Divorced,3,North,667,117,0.57,0.96,4.71,3.66,3,0.1422,0
925,2020-07-13,43,Employed,Married,2,North,416,17,0.5,0.05,2.77,3.29,1,0.20434999999999998,0
926,2020-07-14,34,Employed,Married,1,East,478,93,0.43,1.99,3.67,2.5,3,0.17395,0
927,2020-07-15,44,Retired,Married,4,West,545,31,0.52,2.65,4.83,3.45,2,0.15639999999999998,0
928,2020-07-16,22,Employed,Divorced,4,East,427,22,1.18,2.32,4.74,2.44,1,0.18874999999999997,1
929,2020-07-17,65,Employed,Single,1,South,657,116,0.37,1.39,3.6,3.75,3,0.13485,0
930,2020-07-18,46,Self-Employed,Married,0,North,377,11,1.02,3.86,3.07,3.39,1,0.1775,0
931,2020-07-19,34,Employed,Married,4,East,592,57,1.35,0.93,3.72,2.81,2,0.1563,0
932,2020-07-20,27,Employed,Married,0,South,381,76,0.53,0.64,5.45,3.54,2,0.22060000000000002,0
933,2020-07-21,23,Employed,Married,1,North,641,20,0.04,3.15,4.03,2.92,1,0.1234,0
934,2020-07-22,67,Employed,Divorced,0,North,637,20,0.04,1.58,6.31,3.05,1,0.15150000000000002,0
935,2020-07-23,43,Self-Employed,Divorced,2,North,877,92,0.21,3.7,6.74,3.36,3,0.07245,0
936,2020-07-24,66,Employed,Single,1,West,395,92,0.17,1.75,7.62,2.97,3,0.21685,1
937,2020-07-25,63,Employed,Married,1,East,444,113,1.12,1.61,5.94,2.89,3,0.1976,0
938,2020-07-26,67,Self-Employed,Single,4,North,876,90,0.44,2.5,5.63,2.69,3,0.07915,0
939,2020-07-27,65,Unemployed,Single,4,North,820,28,0.98,2.86,7.07,3.47,1,0.09675000000000002,0
940,2020-07-28,38,Employed,Married,4,South,696,78,0.06,4.16,3.17,3.02,2,0.09525,1
941,2020-07-29,58,Employed,Divorced,2,East,656,46,0.44,2.86,5.94,3.52,2,0.13210000000000002,1
942,2020-07-30,55,Self-Employed,Married,2,South,485,11,0.35,3.07,6.42,2.71,1,0.17515,0
943,2020-07-31,35,Employed,Single,3,East,842,57,0.42,1.42,4.98,2.51,2,0.0952,1
944,2020-08-01,45,Employed,Single,1,North,450,40,0.29,2.96,6.23,3.55,2,0.18405,0
945,2020-08-02,57,Self-Employed,Married,4,West,618,18,0.93,2.63,4.5,2.46,1,0.1367,1
946,2020-08-03,48,Unemployed,Married,1,South,358,11,0.99,1.42,5.06,2.72,1,0.21659999999999996,0
947,2020-08-04,30,Unemployed,Single,0,West,309,22,0.22,0.62,5.55,3.3,1,0.23929999999999998,0
948,2020-08-05,59,Self-Employed,Divorced,2,West,423,4,1.11,1.1,5.51,3.9,1,0.20579999999999998,0
949,2020-08-06,37,Unemployed,Divorced,3,West,655,25,0.38,1.48,2.92,3.18,1,0.13105,0
950,2020-08-07,59,Employed,Married,0,East,645,116,0.42,1.81,4.23,2.47,3,0.1368,0
951,2020-08-08,42,Self-Employed,Divorced,1,East,536,62,1.24,2.75,5.06,2.55,2,0.1588,0
952,2020-08-09,46,Employed,Single,2,West,632,51,1.35,2.95,5.59,3.0,2,0.13545,0
953,2020-08-10,64,Employed,Married,4,North,316,9,1.24,3.75,6.01,3.32,1,0.20854999999999999,1
954,2020-08-11,45,Unemployed,Married,0,North,723,85,0.22,2.43,5.04,2.53,2,0.11515,0
955,2020-08-12,37,Self-Employed,Single,2,West,623,38,1.5,0.55,6.66,2.55,2,0.16705,0
956,2020-08-13,33,Employed,Divorced,1,South,322,22,1.01,1.1,4.56,2.97,1,0.22629999999999997,1
957,2020-08-14,40,Retired,Married,1,South,758,10,0.77,1.77,6.29,3.35,1,0.11925,0
958,2020-08-15,45,Employed,Married,0,East,759,91,1.43,3.07,4.78,2.35,3,0.09845000000000001,0
959,2020-08-16,24,Employed,Single,0,South,820,94,1.23,2.62,3.62,1.82,3,0.0819,0
960,2020-08-17,30,Employed,Single,0,North,856,71,1.04,1.24,8.93,2.95,2,0.11325,0
961,2020-08-18,23,Unemployed,Single,3,West,720,116,1.26,0.89,5.75,4.36,3,0.13485000000000003,0
962,2020-08-19,61,Unemployed,Married,4,South,702,102,0.58,1.37,2.24,2.77,3,0.117,1
963,2020-08-20,65,Employed,Married,2,West,630,47,1.03,0.76,6.36,3.59,2,0.1617,1
964,2020-08-21,38,Self-Employed,Single,1,South,756,91,0.29,1.88,5.25,2.49,3,0.11345,0
965,2020-08-22,67,Employed,Married,1,East,782,15,1.48,2.44,6.3,3.06,1,0.1066,0
966,2020-08-23,56,Unemployed,Married,4,North,797,45,0.88,2.3,5.81,3.55,2,0.1018,0
967,2020-08-24,67,Employed,Married,0,East,326,46,1.22,1.52,3.85,2.93,2,0.21754999999999997,0
968,2020-08-25,42,Employed,Married,0,West,696,115,0.61,2.03,6.38,2.4,3,0.13260000000000002,0
969,2020-08-26,54,Retired,Divorced,1,North,487,94,1.14,0.69,4.01,3.03,3,0.1864,0
970,2020-08-27,67,Employed,Married,4,North,439,104,0.58,1.31,3.79,3.41,3,0.1911,0
971,2020-08-28,28,Employed,Married,1,East,820,47,0.89,2.31,4.5,3.99,2,0.08940000000000001,1
972,2020-08-29,60,Self-Employed,Single,0,South,391,79,1.17,4.25,3.44,2.33,2,0.17195,0
973,2020-08-30,69,Retired,Single,2,East,376,68,0.17,3.35,5.75,3.17,2,0.19624999999999998,0
974,2020-08-31,64,Employed,Single,0,West,543,98,0.54,0.69,8.13,2.58,3,0.193,0
975,2020-09-01,39,Employed,Married,2,South,387,116,0.82,2.84,3.34,3.08,3,0.18655,1
976,2020-09-02,62,Employed,Single,3,East,593,24,0.5,2.18,7.06,2.57,1,0.16025,0
977,2020-09-03,61,Employed,Single,4,East,394,76,0.46,2.2,4.1,2.67,2,0.195,0
978,2020-09-04,57,Employed,Married,3,South,552,92,0.42,4.55,4.11,3.81,3,0.13205,0
979,2020-09-05,26,Self-Employed,Single,0,South,850,90,0.34,1.51,3.29,3.03,3,0.08385000000000001,0
980,2020-09-06,46,Retired,Single,4,South,698,103,1.27,2.53,5.51,2.36,3,0.12275,0
981,2020-09-07,54,Employed,Single,0,East,353,80,1.39,2.77,3.01,2.92,2,0.19409999999999997,0
982,2020-09-08,65,Employed,Married,4,South,542,36,1.05,1.31,4.29,3.33,2,0.16785,0
983,2020-09-09,26,Employed,Single,4,South,409,101,0.04,-0.09,6.66,3.11,3,0.22694999999999999,0
984,2020-09-10,57,Employed,Married,0,South,520,62,1.18,0.67,7.35,3.23,2,0.19505,0
985,2020-09-11,53,Unemployed,Married,0,North,863,28,0.8,2.25,3.57,3.95,1,0.0746,0
986,2020-09-12,42,Employed,Married,4,West,461,57,1.14,2.9,4.54,3.49,2,0.17345000000000002,0
987,2020-09-13,41,Employed,Married,4,South,334,97,0.66,2.54,4.79,3.7,3,0.21005,0
988,2020-09-14,26,Self-Employed,Married,0,West,336,93,0.06,2.53,2.79,3.19,3,0.19965,0
989,2020-09-15,26,Employed,Single,0,South,669,30,1.02,2.33,4.14,3.44,2,0.12514999999999998,0
990,2020-09-16,68,Self-Employed,Single,1,South,476,85,0.67,1.17,4.05,2.66,2,0.18455,0
991,2020-09-17,24,Employed,Single,1,North,820,109,1.31,1.97,5.73,3.37,3,0.09895000000000001,0
992,2020-09-18,50,Unemployed,Single,1,North,574,88,1.11,2.63,5.37,3.78,2,0.15205000000000002,0
993,2020-09-19,31,Retired,Single,3,South,404,67,0.54,2.47,5.19,3.11,2,0.19524999999999998,0
994,2020-09-20,50,Self-Employed,Single,4,South,455,98,1.09,3.64,4.68,2.79,3,0.16825,0
995,2020-09-21,51,Retired,Married,2,South,635,40,0.74,1.42,6.97,3.67,2,0.15689999999999998,0
996,2020-09-22,44,Employed,Married,3,West,325,49,0.3,1.44,4.97,2.6,2,0.22419999999999998,0
997,2020-09-23,29,Employed,Single,4,South,595,43,0.63,1.3,6.49,4.15,2,0.16570000000000001,0
998,2020-09-24,23,Self-Employed,Married,2,West,836,8,0.33,-0.73,5.88,3.17,1,0.1227,0
999,2020-09-25,51,Self-Employed,Single,1,North,654,58,0.01,2.61,5.23,2.2,2,0.13155,0
1000,2020-09-26,60,Employed,Single,2,West,368,89,0.37,2.0,6.33,3.23,2,0.21465,0
1001,2020-09-27,57,Employed,Married,0,South,626,90,0.31,1.76,4.54,3.71,3,0.1436,0
1002,2020-09-28,56,Employed,Single,0,North,450,26,0.01,1.18,3.66,3.56,1,0.18899999999999997,0
1003,2020-09-29,44,Employed,Single,4,East,876,81,1.18,2.55,4.96,3.02,2,0.0753,0
1004,2020-09-30,51,Employed,Married,3,North,619,93,0.12,2.02,7.25,3.08,3,0.1563,0
1005,2020-10-01,26,Unemployed,Divorced,1,East,751,108,0.67,3.54,5.32,3.56,3,0.09845000000000001,1
1006,2020-10-02,22,Employed,Married,4,West,869,58,0.63,2.02,4.24,2.03,2,0.07875,0
1007,2020-10-03,40,Employed,Single,1,North,411,109,0.27,2.42,3.78,2.72,3,0.18695,0
1008,2020-10-04,48,Self-Employed,Married,0,North,761,94,1.45,3.57,2.72,2.65,3,0.08265,0
1009,2020-10-05,31,Self-Employed,Married,3,North,661,105,0.91,1.67,3.77,3.42,3,0.13190000000000002,0
1010,2020-10-06,24,Unemployed,Married,3,West,502,2,1.22,1.57,5.45,2.56,1,0.18105,0
1011,2020-10-07,35,Self-Employed,Married,0,South,786,92,0.74,3.43,4.64,2.65,3,0.0874,0
1012,2020-10-08,26,Employed,Married,2,West,779,6,1.08,0.44,5.33,2.78,1,0.12250000000000001,1
1013,2020-10-09,69,Unemployed,Single,3,North,303,81,1.45,1.74,3.63,2.59,2,0.22,0
1014,2020-10-10,50,Employed,Married,2,South,428,15,0.52,1.72,6.54,3.53,1,0.2035,0
1015,2020-10-11,58,Employed,Married,1,North,325,48,0.76,1.16,6.13,2.77,2,0.23279999999999998,0
1016,2020-10-12,22,Self-Employed,Married,3,North,326,31,0.77,2.53,4.16,3.27,2,0.209,0
1017,2020-10-13,35,Retired,Married,0,East,341,101,1.49,1.43,2.88,2.74,3,0.20984999999999998,0
1018,2020-10-14,31,Employed,Divorced,2,North,882,88,0.35,2.11,5.38,3.0,2,0.08030000000000001,0
1019,2020-10-15,28,Employed,Divorced,1,West,363,43,1.01,1.07,2.05,2.91,2,0.2038,1
1020,2020-10-16,46,Employed,Divorced,1,West,324,95,0.21,2.29,3.03,2.06,3,0.20625,0
1021,2020-10-17,65,Employed,Married,3,West,371,18,1.39,4.08,4.39,2.41,1,0.1834,0
1022,2020-10-18,64,Employed,Divorced,3,South,781,2,0.89,1.95,3.68,2.38,1,0.09865,0
1023,2020-10-19,25,Self-Employed,Single,4,East,567,59,1.29,1.99,6.94,3.55,2,0.16805000000000003,0
1024,2020-10-20,26,Employed,Single,4,East,394,34,1.34,0.81,4.51,3.64,2,0.21094999999999997,0
1025,2020-10-21,46,Retired,Married,3,North,694,113,0.84,2.84,5.73,2.75,3,0.12175,0
1026,2020-10-22,24,Unemployed,Married,4,North,663,28,1.02,1.91,1.73,3.22,1,0.1188,0
1027,2020-10-23,39,Self-Employed,Married,0,East,614,74,1.05,2.39,2.32,2.65,2,0.1292,0
1028,2020-10-24,40,Unemployed,Married,0,South,416,69,0.69,2.95,3.99,3.14,2,0.18145,0
1029,2020-10-25,53,Employed,Single,4,West,463,82,0.65,1.82,5.32,2.82,2,0.18765,0
1030,2020-10-26,40,Employed,Single,3,North,876,100,0.28,3.02,3.09,2.74,3,0.061250000000000006,0
1031,2020-10-27,69,Self-Employed,Married,0,East,605,44,0.58,3.09,5.54,3.3,2,0.14055,0
1032,2020-10-28,32,Unemployed,Single,1,South,499,26,1.49,2.34,7.02,3.16,1,0.18195,0
1033,2020-10-29,67,Unemployed,Single,3,West,479,68,0.4,2.2,3.82,2.63,2,0.17235,0
1034,2020-10-30,21,Employed,Single,2,North,657,89,1.14,2.03,4.98,3.86,2,0.13535000000000003,0
1035,2020-10-31,46,Retired,Single,2,West,551,34,0.09,2.56,4.59,3.92,2,0.15460000000000002,0
1036,2020-11-01,34,Employed,Married,3,West,598,18,0.7,2.52,4.36,3.06,1,0.1421,0
1037,2020-11-02,58,Unemployed,Single,4,East,729,16,0.09,0.57,5.48,3.3,1,0.13445000000000001,0
1038,2020-11-03,57,Retired,Married,0,East,303,117,0.71,1.33,5.01,4.17,3,0.23099999999999998,0
1039,2020-11-04,31,Employed,Single,0,West,553,34,0.04,2.96,4.73,3.3,2,0.15080000000000002,0
1040,2020-11-05,56,Unemployed,Married,3,West,878,110,0.92,2.25,5.21,2.32,3,0.07905000000000001,0
1041,2020-11-06,33,Employed,Single,1,North,866,112,0.88,1.78,6.29,3.02,3,0.09215000000000001,0
1042,2020-11-07,63,Employed,Married,4,South,395,76,1.2,3.76,5.91,2.83,2,0.18819999999999998,1
1043,2020-11-08,23,Employed,Married,1,South,466,77,0.87,2.81,2.37,2.78,2,0.16225,0
1044,2020-11-09,53,Self-Employed,Single,3,West,630,29,1.39,3.08,3.67,3.22,1,0.12505,0
1045,2020-11-10,26,Retired,Divorced,3,East,361,47,1.17,1.78,5.88,2.76,2,0.21635,0
1046,2020-11-11,30,Self-Employed,Married,1,South,473,56,0.2,2.39,8.87,3.42,2,0.1972,0
1047,2020-11-12,25,Employed,Married,2,West,552,106,0.4,1.92,4.02,2.69,3,0.15789999999999998,1
1048,2020-11-13,43,Unemployed,Single,3,East,760,16,0.04,0.96,2.75,2.45,1,0.10915,0
1049,2020-11-14,30,Retired,Divorced,4,North,514,100,0.58,2.2,8.42,3.63,3,0.1866,0
1050,2020-11-15,64,Employed,Married,1,South,538,116,0.76,1.94,6.9,2.86,3,0.17560000000000003,0
1051,2020-11-16,22,Retired,Single,2,North,714,14,1.42,1.93,6.8,3.4,1,0.1312,0
1052,2020-11-17,33,Employed,Single,1,East,425,81,0.78,2.99,5.17,2.53,2,0.18469999999999998,0
1053,2020-11-18,60,Unemployed,Married,2,West,552,111,1.17,1.89,4.92,2.91,3,0.1627,0
1054,2020-11-19,22,Employed,Married,2,North,496,13,0.4,2.07,4.79,3.33,1,0.17425,0
1055,2020-11-20,40,Employed,Married,4,West,712,13,0.23,2.12,6.14,2.61,1,0.1265,1
1056,2020-11-21,21,Employed,Married,3,South,755,44,1.22,2.5,6.88,3.23,2,0.11565,1
1057,2020-11-22,57,Self-Employed,Married,2,North,353,96,0.37,2.3,5.24,3.6,3,0.20994999999999997,0
1058,2020-11-23,29,Employed,Single,3,South,638,37,1.31,2.69,6.16,3.18,2,0.1394,0
1059,2020-11-24,37,Employed,Single,4,South,658,62,0.25,0.72,7.09,2.73,2,0.15875,0
1060,2020-11-25,29,Self-Employed,Married,3,South,450,118,1.28,2.14,6.41,2.69,3,0.19315,1
1061,2020-11-26,31,Retired,Widowed,0,South,399,74,1.16,1.89,5.87,2.62,2,0.2057,1
1062,2020-11-27,35,Employed,Single,2,South,533,10,0.92,0.68,3.92,2.56,1,0.17455,0
1063,2020-11-28,44,Employed,Married,4,East,843,47,1.28,0.56,4.02,3.41,2,0.09875,0
1064,2020-11-29,58,Employed,Married,1,North,361,119,0.5,1.37,2.41,2.53,3,0.20309999999999997,0
1065,2020-11-30,55,Employed,Married,4,West,495,25,0.25,1.35,5.58,2.85,1,0.18565,0
1066,2020-12-01,50,Unemployed,Married,2,West,841,66,0.24,1.76,5.17,3.09,2,0.093,0
1067,2020-12-02,51,Unemployed,Married,4,East,405,24,0.41,2.13,6.91,2.81,1,0.20700000000000002,0
1068,2020-12-03,69,Self-Employed,Single,1,West,594,80,0.67,2.49,5.68,2.66,2,0.15,0
1069,2020-12-04,25,Employed,Widowed,0,West,750,60,1.31,0.76,4.51,3.6,2,0.12244999999999999,0
1070,2020-12-05,64,Unemployed,Married,2,West,833,85,0.13,1.1,4.27,2.69,2,0.09709999999999999,0
1071,2020-12-06,34,Self-Employed,Divorced,2,North,455,92,1.37,1.13,5.52,3.09,3,0.19755,1
1072,2020-12-07,31,Unemployed,Married,4,West,705,109,1.39,1.88,5.38,2.74,3,0.12685000000000002,0
1073,2020-12-08,29,Self-Employed,Divorced,3,North,853,25,1.09,2.03,7.73,2.71,1,0.10010000000000001,0
1074,2020-12-09,54,Unemployed,Single,3,West,871,33,1.35,3.0,4.84,2.34,2,0.07145,0
1075,2020-12-10,32,Self-Employed,Single,1,West,674,89,1.15,1.08,5.73,3.01,2,0.14435,1
1076,2020-12-11,55,Employed,Divorced,0,North,888,8,0.79,2.78,7.45,2.35,1,0.08245,0
1077,2020-12-12,55,Retired,Single,0,East,754,39,0.9,0.52,4.78,3.14,2,0.1252,1
1078,2020-12-13,21,Employed,Single,4,West,501,74,0.94,2.02,4.5,2.85,2,0.17205,0
1079,2020-12-14,60,Self-Employed,Married,4,South,751,6,0.19,2.55,3.0,2.52,1,0.09675,0
1080,2020-12-15,42,Employed,Married,3,South,486,29,0.29,2.63,4.46,2.43,1,0.16949999999999998,0
1081,2020-12-16,49,Self-Employed,Single,0,East,667,117,0.79,3.69,5.57,1.85,3,0.1192,0
1082,2020-12-17,28,Self-Employed,Divorced,0,South,639,65,0.17,4.38,7.06,3.33,2,0.12675,0
1083,2020-12-18,31,Employed,Married,0,North,561,29,1.45,2.41,2.94,2.97,1,0.14535,0
1084,2020-12-19,61,Employed,Married,1,West,888,67,0.76,0.68,3.65,3.08,2,0.08445,0
1085,2020-12-20,57,Self-Employed,Married,1,West,842,57,0.57,5.81,2.17,3.25,2,0.037250000000000005,0
1086,2020-12-21,34,Unemployed,Married,4,West,850,54,0.24,3.14,7.7,3.79,2,0.0896,0
1087,2020-12-22,50,Employed,Single,3,West,605,13,0.62,3.03,5.24,2.52,1,0.13965,1
1088,2020-12-23,55,Employed,Single,2,South,464,76,0.45,1.57,4.35,2.69,2,0.18505,0
1089,2020-12-24,41,Self-Employed,Married,3,South,387,117,0.13,1.88,2.31,3.26,3,0.191,0
1090,2020-12-25,57,Employed,Married,1,South,499,88,1.45,1.17,5.0,3.37,2,0.18355,1
1091,2020-12-26,25,Employed,Married,1,North,570,76,0.4,2.67,4.39,3.03,2,0.14775,0
1092,2020-12-27,39,Employed,Married,4,South,350,76,1.04,1.54,2.31,1.99,2,0.20364999999999997,0
1093,2020-12-28,34,Employed,Married,2,South,788,36,0.14,2.72,4.57,1.89,2,0.09365000000000001,0
1094,2020-12-29,46,Employed,Married,0,West,497,43,1.37,1.26,6.84,2.96,2,0.19235,0
1095,2020-12-30,24,Employed,Single,2,South,322,5,0.89,2.95,4.61,3.54,1,0.20804999999999998,0
1096,2020-12-31,45,Employed,Single,2,East,522,25,0.99,2.28,6.76,3.72,1,0.1755,1
1097,2021-01-01,65,Employed,Divorced,2,East,520,117,1.17,3.27,7.34,2.15,3,0.16899999999999998,0
1098,2021-01-02,62,Employed,Single,4,West,565,13,0.91,4.11,4.6,3.23,1,0.13565,1
1099,2021-01-03,45,Employed,Single,1,South,372,7,0.11,2.28,4.87,3.22,1,0.20355,0
1100,2021-01-04,38,Employed,Married,0,East,376,23,0.64,3.37,5.75,2.73,1,0.19604999999999997,1
1101,2021-01-05,60,Unemployed,Married,2,East,843,85,0.39,3.37,6.53,3.07,2,0.0832,0
1102,2021-01-06,28,Employed,Divorced,0,North,734,103,0.73,1.98,7.13,2.88,3,0.12735000000000002,0
1103,2021-01-07,59,Employed,Single,2,West,364,38,0.61,2.26,7.28,2.43,2,0.2178,0
1104,2021-01-08,60,Employed,Single,1,East,656,48,1.24,2.27,3.9,2.69,2,0.12780000000000002,0
1105,2021-01-09,34,Employed,Single,0,East,317,84,0.37,1.56,7.18,4.01,2,0.23604999999999998,0
1106,2021-01-10,52,Self-Employed,Married,3,West,865,106,0.3,1.57,5.77,3.14,3,0.0919,0
1107,2021-01-11,58,Self-Employed,Single,1,South,874,62,1.44,3.22,4.22,2.39,2,0.0654,0
1108,2021-01-12,53,Unemployed,Married,0,West,735,25,1.42,1.29,3.28,2.44,1,0.11474999999999999,0
1109,2021-01-13,43,Self-Employed,Divorced,2,North,740,9,1.49,1.85,3.8,3.78,1,0.1105,0
1110,2021-01-14,35,Retired,Divorced,2,North,308,76,0.85,1.67,5.55,2.76,2,0.22904999999999998,1
1111,2021-01-15,53,Employed,Single,1,North,769,105,0.17,2.46,4.26,2.81,3,0.09944999999999998,0
1112,2021-01-16,45,Employed,Married,1,East,647,116,1.32,4.3,5.54,3.4,3,0.11795,0
1113,2021-01-17,37,Employed,Married,2,South,671,57,0.22,1.81,3.31,2.83,2,0.1257,0
1114,2021-01-18,53,Employed,Divorced,0,North,474,13,0.23,0.56,3.87,2.73,1,0.19025,0
1115,2021-01-19,67,Employed,Widowed,3,West,814,72,0.29,2.11,4.87,3.11,2,0.09475,0
1116,2021-01-20,22,Self-Employed,Single,4,North,429,70,0.98,1.03,4.74,2.65,2,0.20115,0
1117,2021-01-21,34,Employed,Married,1,East,865,38,0.16,2.26,3.08,2.77,2,0.07155,0
1118,2021-01-22,60,Retired,Single,2,North,592,30,1.17,1.24,4.06,3.8,2,0.1549,0
1119,2021-01-23,60,Unemployed,Single,0,South,652,49,0.09,2.16,2.38,2.59,2,0.1223,0
1120,2021-01-24,59,Employed,Single,1,North,523,15,0.17,0.81,5.1,2.88,1,0.18164999999999998,1
1121,2021-01-25,26,Employed,Married,0,South,823,71,0.65,1.73,7.29,4.07,2,0.1084,0
1122,2021-01-26,26,Employed,Married,1,South,808,111,0.57,1.01,3.85,1.25,3,0.10215,0
1123,2021-01-27,23,Employed,Single,2,West,667,50,1.48,3.25,3.57,3.95,2,0.1136,0
1124,2021-01-28,27,Employed,Married,0,South,889,14,1.45,1.28,6.47,3.26,1,0.0923,1
1125,2021-01-29,28,Employed,Single,2,East,799,88,0.28,2.55,3.24,3.23,2,0.08595,0
1126,2021-01-30,62,Employed,Married,0,East,389,110,1.42,2.18,6.51,3.23,3,0.2085,1
1127,2021-01-31,35,Employed,Single,1,South,371,37,1.04,2.2,3.2,2.78,2,0.19624999999999998,1
1128,2021-02-01,67,Retired,Single,4,South,732,104,0.61,2.37,4.47,2.5,3,0.11065,0
1129,2021-02-02,49,Self-Employed,Married,4,North,647,78,1.11,2.6,4.64,2.99,2,0.13045,0
1130,2021-02-03,53,Retired,Single,3,North,562,88,1.35,3.31,6.06,2.94,2,0.1517,0
1131,2021-02-04,50,Employed,Married,3,West,570,70,0.27,2.93,7.81,3.11,2,0.16225,0
1132,2021-02-05,59,Employed,Single,2,North,808,89,0.29,3.53,4.48,2.85,2,0.0801,0
1133,2021-02-06,47,Self-Employed,Married,0,East,807,71,0.61,0.94,4.97,3.42,2,0.1087,0
1134,2021-02-07,56,Employed,Single,3,North,719,81,0.25,0.66,2.44,3.41,2,0.12085000000000001,0
1135,2021-02-08,49,Employed,Married,1,West,371,20,0.54,3.66,4.94,2.28,1,0.19035,0
1136,2021-02-09,58,Self-Employed,Married,4,West,373,15,0.97,2.56,6.73,2.15,1,0.2098,0
1137,2021-02-10,53,Self-Employed,Single,0,South,802,110,1.22,0.94,8.54,2.61,3,0.1278,0
1138,2021-02-11,57,Employed,Married,4,West,873,66,0.45,1.72,4.46,2.33,2,0.08185,0
1139,2021-02-12,47,Employed,Single,0,South,445,64,0.42,2.54,6.08,3.53,2,0.18874999999999997,0
1140,2021-02-13,53,Employed,Married,3,East,345,12,1.17,1.95,6.74,2.68,1,0.22295,1
1141,2021-02-14,24,Employed,Single,3,East,404,117,0.57,2.61,2.84,3.26,3,0.18209999999999998,0
1142,2021-02-15,42,Employed,Married,2,North,408,63,1.23,0.83,7.13,2.93,2,0.22035,0
1143,2021-02-16,22,Employed,Married,0,West,616,60,1.49,1.97,3.79,3.45,2,0.14024999999999999,0
1144,2021-02-17,30,Employed,Divorced,1,East,420,31,1.47,2.12,5.4,2.78,2,0.1958,0
1145,2021-02-18,25,Retired,Married,3,South,798,11,0.99,1.29,3.11,2.22,1,0.09815,0
1146,2021-02-19,30,Self-Employed,Married,2,West,342,94,0.56,1.72,4.45,2.65,3,0.21455000000000002,0
1147,2021-02-20,53,Unemployed,Married,3,West,398,40,0.1,1.54,2.47,1.62,2,0.19244999999999998,0
1148,2021-02-21,58,Employed,Divorced,4,South,610,65,1.11,0.89,5.4,2.25,2,0.16060000000000002,0
1149,2021-02-22,33,Employed,Married,3,West,513,104,1.47,1.38,7.3,3.17,3,0.18945,0
1150,2021-02-23,51,Employed,Single,0,West,762,7,0.1,2.19,5.05,3.1,1,0.10785000000000002,1
1151,2021-02-24,67,Employed,Married,2,East,722,58,0.01,1.03,2.84,2.71,2,0.1184,0
1152,2021-02-25,56,Employed,Married,0,South,688,24,1.25,1.33,4.49,2.91,1,0.13215,0
1153,2021-02-26,65,Unemployed,Married,1,East,411,4,0.15,0.3,5.32,2.2,1,0.21585,0
1154,2021-02-27,44,Self-Employed,Married,1,South,571,44,0.12,3.44,4.78,3.34,2,0.14175000000000001,1
1155,2021-02-28,35,Employed,Single,3,North,401,1,1.37,2.93,6.02,2.9,1,0.19555,0
1156,2021-03-01,49,Employed,Married,2,West,509,41,0.12,3.2,8.02,3.26,2,0.17585,1
1157,2021-03-02,28,Retired,Single,2,West,321,37,0.17,2.36,4.91,3.23,2,0.2157,1
1158,2021-03-03,25,Employed,Single,2,East,458,102,0.85,2.29,4.8,3.14,3,0.1816,0
1159,2021-03-04,49,Employed,Single,2,West,642,2,1.14,1.79,3.92,2.53,1,0.13620000000000002,0
1160,2021-03-05,67,Employed,Married,3,West,699,45,0.6,3.3,6.55,3.14,2,0.12000000000000002,0
1161,2021-03-06,24,Unemployed,Single,0,East,753,111,0.63,2.02,7.87,3.22,3,0.1259,0
1162,2021-03-07,32,Retired,Single,3,East,442,101,0.95,0.04,4.72,2.66,3,0.2077,0
1163,2021-03-08,65,Employed,Married,0,South,696,21,0.76,0.07,5.38,3.16,1,0.1472,0
1164,2021-03-09,22,Unemployed,Single,4,North,835,103,0.03,2.36,5.24,2.27,3,0.08885000000000001,0
1165,2021-03-10,47,Unemployed,Single,4,East,440,32,0.17,1.04,3.85,3.27,2,0.19385000000000002,0
1166,2021-03-11,51,Employed,Single,0,South,539,115,0.87,2.1,6.1,3.15,3,0.16975,0
1167,2021-03-12,56,Employed,Single,3,East,591,31,1.19,2.76,4.94,3.75,2,0.14435,1
1168,2021-03-13,56,Employed,Married,1,South,381,110,1.14,1.17,5.34,3.96,3,0.21475,0
1169,2021-03-14,46,Retired,Single,3,North,859,16,1.11,1.7,6.45,2.87,1,0.09550000000000002,0
1170,2021-03-15,63,Employed,Widowed,1,South,470,119,1.16,1.74,4.51,3.26,3,0.18265,0
1171,2021-03-16,47,Unemployed,Married,3,South,879,81,0.07,1.13,5.14,3.17,2,0.08965000000000001,0
1172,2021-03-17,25,Employed,Single,2,West,825,55,1.34,0.57,3.91,2.86,2,0.1026,0
1173,2021-03-18,40,Unemployed,Single,2,East,841,2,1.33,0.91,3.36,2.11,1,0.09245,0
1174,2021-03-19,31,Employed,Married,4,South,409,119,0.8,0.51,5.18,2.43,3,0.21355,0
1175,2021-03-20,30,Self-Employed,Married,4,East,511,69,0.37,1.82,5.31,2.73,2,0.17559999999999998,0
1176,2021-03-21,60,Unemployed,Single,0,South,737,48,0.89,1.81,6.38,3.13,2,0.12455000000000001,0
1177,2021-03-22,58,Unemployed,Single,1,West,621,54,0.84,1.47,3.86,3.69,2,0.14435000000000003,0
1178,2021-03-23,26,Unemployed,Divorced,2,West,383,76,0.33,0.58,3.43,2.95,2,0.2106,0
1179,2021-03-24,28,Employed,Single,3,North,675,118,0.9,3.11,7.67,3.52,3,0.1335,0
1180,2021-03-25,43,Self-Employed,Single,0,South,352,117,1.2,1.38,5.2,3.72,3,0.21919999999999998,0
1181,2021-03-26,67,Employed,Divorced,3,West,795,30,1.21,4.57,2.93,2.71,2,0.06520000000000001,0
1182,2021-03-27,46,Employed,Married,2,East,555,80,0.09,2.87,4.92,2.3,2,0.15215,0
1183,2021-03-28,66,Employed,Single,2,South,885,20,0.3,-0.06,4.01,3.02,1,0.09440000000000001,0
1184,2021-03-29,63,Employed,Married,2,South,519,15,1.0,3.23,5.54,2.33,1,0.16065000000000002,0
1185,2021-03-30,32,Employed,Single,2,North,399,16,1.29,1.3,4.37,3.91,1,0.2041,0
1186,2021-03-31,46,Retired,Married,3,East,428,95,0.78,1.07,6.86,3.58,3,0.21159999999999998,1
1187,2021-04-01,33,Employed,Married,0,North,518,0,1.06,1.73,3.05,3.7,1,0.16345,0
1188,2021-04-02,60,Self-Employed,Married,2,South,776,111,0.03,3.13,6.92,2.14,3,0.1043,0
1189,2021-04-03,38,Employed,Widowed,4,North,757,101,0.91,2.52,6.11,2.82,3,0.1111,1
1190,2021-04-04,45,Employed,Divorced,0,South,321,71,1.44,2.18,5.48,3.03,2,0.22035,0
1191,2021-04-05,53,Employed,Divorced,4,South,859,64,0.99,1.18,6.55,3.2,2,0.1012,0
1192,2021-04-06,67,Retired,Married,3,North,628,65,1.38,2.94,6.82,2.82,2,0.1427,1
1193,2021-04-07,60,Unemployed,Single,2,North,779,110,0.85,1.02,5.0,1.7,3,0.11505000000000001,0
1194,2021-04-08,63,Retired,Married,0,South,638,36,1.27,3.04,7.44,3.23,2,0.1423,0
1195,2021-04-09,32,Retired,Married,2,North,478,23,0.19,2.33,5.93,3.88,1,0.18185,0
1196,2021-04-10,64,Employed,Divorced,2,North,720,90,0.19,1.4,4.18,4.0,3,0.12190000000000001,0
1197,2021-04-11,56,Employed,Single,0,South,781,83,0.18,4.13,2.98,2.87,2,0.07335,0
1198,2021-04-12,68,Self-Employed,Divorced,2,East,348,110,0.73,2.91,6.61,3.04,3,0.21195,0
1199,2021-04-13,24,Employed,Married,2,North,329,61,0.5,2.56,5.0,2.5,2,0.21214999999999998,0
1200,2021-04-14,25,Employed,Widowed,1,North,384,20,1.08,2.1,2.31,3.04,1,0.18955,0
1201,2021-04-15,57,Employed,Divorced,1,West,801,105,1.35,0.86,5.5,2.79,3,0.11365,0
1202,2021-04-16,28,Self-Employed,Single,0,East,845,36,0.93,2.04,4.61,2.74,2,0.0864,0
1203,2021-04-17,62,Self-Employed,Single,0,North,628,34,0.32,3.6,3.99,2.25,2,0.12195,0
1204,2021-04-18,69,Employed,Single,2,South,733,37,1.4,0.62,6.51,3.77,2,0.1381,0
1205,2021-04-19,48,Employed,Single,4,West,887,52,0.79,2.57,3.82,2.88,2,0.06665,0
1206,2021-04-20,51,Self-Employed,Married,0,West,548,14,1.08,3.39,4.32,2.76,1,0.1457,0
1207,2021-04-21,29,Self-Employed,Married,2,West,433,113,1.34,3.44,4.68,3.11,3,0.17575,1
1208,2021-04-22,49,Employed,Divorced,4,North,664,109,1.48,1.1,6.53,2.71,3,0.15065,1
1209,2021-04-23,34,Unemployed,Married,1,South,874,41,0.76,1.46,3.24,1.95,2,0.0781,0
1210,2021-04-24,60,Employed,Single,0,West,724,93,1.21,2.1,4.05,3.65,3,0.11324999999999999,0
1211,2021-04-25,61,Employed,Single,2,East,714,3,0.85,2.45,5.64,3.02,1,0.1202,0
1212,2021-04-26,42,Unemployed,Single,1,West,811,106,0.73,3.28,5.74,3.39,3,0.08815,0
1213,2021-04-27,31,Self-Employed,Single,3,West,684,115,0.81,1.8,3.31,3.1,3,0.12255,0
1214,2021-04-28,43,Employed,Married,1,East,687,38,0.73,2.95,4.41,3.47,2,0.1158,1
1215,2021-04-29,21,Self-Employed,Single,2,West,748,78,0.63,-0.56,4.82,3.35,2,0.1377,0
1216,2021-04-30,66,Self-Employed,Single,4,West,863,22,1.09,1.73,5.43,1.89,1,0.08910000000000001,0
1217,2021-05-01,57,Unemployed,Single,3,East,602,104,0.37,2.94,4.69,3.22,3,0.13855,0
1218,2021-05-02,41,Unemployed,Married,3,North,398,14,0.92,2.83,7.31,2.55,1,0.20375,0
1219,2021-05-03,46,Self-Employed,Married,3,East,605,89,1.07,1.04,4.85,2.55,2,0.15760000000000002,0
1220,2021-05-04,66,Employed,Married,0,North,856,11,1.34,3.03,7.26,2.16,1,0.08700000000000001,0
1221,2021-05-05,56,Employed,Married,2,North,341,81,0.5,0.58,4.3,3.9,2,0.22544999999999998,0
1222,2021-05-06,43,Employed,Widowed,3,North,767,69,1.29,3.2,2.6,2.93,2,0.08425,1
1223,2021-05-07,21,Employed,Single,1,East,739,81,1.42,1.8,8.77,2.79,2,0.1361,0
1224,2021-05-08,60,Self-Employed,Married,4,East,626,113,0.97,1.55,4.87,2.62,3,0.14735,0
1225,2021-05-09,35,Employed,Married,2,North,868,53,1.16,1.7,5.55,4.17,2,0.08875,1
1226,2021-05-10,41,Employed,Married,1,East,332,87,0.61,2.38,2.82,3.51,2,0.20229999999999998,1
1227,2021-05-11,67,Employed,Divorced,0,North,711,37,1.43,4.08,5.39,1.8,2,0.10339999999999999,0
1228,2021-05-12,29,Employed,Single,3,East,413,27,1.01,3.22,6.23,3.68,1,0.19069999999999998,0
1229,2021-05-13,29,Employed,Married,1,South,807,78,0.47,0.85,3.28,2.54,2,0.10114999999999999,0
1230,2021-05-14,30,Unemployed,Single,2,East,355,18,0.61,0.96,4.79,3.33,1,0.22059999999999996,0
1231,2021-05-15,46,Employed,Married,1,East,855,68,0.93,0.09,4.91,2.78,2,0.1049,0
1232,2021-05-16,61,Self-Employed,Single,0,East,651,63,0.35,2.31,3.08,2.13,2,0.12455,0
1233,2021-05-17,55,Retired,Single,4,North,628,3,1.13,1.83,7.44,2.74,1,0.15689999999999998,1
1234,2021-05-18,45,Employed,Married,3,North,845,80,0.34,2.63,0.99,3.12,2,0.0624,0
1235,2021-05-19,46,Employed,Married,2,South,569,116,0.89,1.5,1.79,3.13,3,0.1467,0
1236,2021-05-20,31,Employed,Single,3,South,495,9,1.05,1.6,5.16,2.82,1,0.18105000000000002,0
1237,2021-05-21,58,Self-Employed,Married,3,West,712,11,1.29,0.55,3.51,3.03,1,0.12905,1
1238,2021-05-22,22,Self-Employed,Married,3,South,378,68,1.1,3.1,6.02,3.07,2,0.1996,0
1239,2021-05-23,27,Employed,Single,1,North,382,6,1.2,1.4,4.48,3.46,1,0.20789999999999997,0
1240,2021-05-24,38,Employed,Married,1,South,436,43,1.37,1.16,5.6,3.66,2,0.20239999999999997,0
1241,2021-05-25,47,Unemployed,Married,4,South,838,22,0.9,2.97,2.95,3.0,1,0.07055,0
1242,2021-05-26,54,Employed,Married,0,East,605,1,1.27,0.52,4.4,2.34,1,0.16055000000000003,0
1243,2021-05-27,47,Employed,Single,2,South,610,93,0.35,2.55,4.34,3.32,3,0.1387,0
1244,2021-05-28,37,Unemployed,Single,1,West,687,115,1.22,1.23,8.52,3.34,3,0.15355,1
1245,2021-05-29,63,Self-Employed,Married,3,East,848,112,0.33,1.88,4.32,3.45,3,0.08580000000000002,0
1246,2021-05-30,64,Unemployed,Divorced,0,North,805,108,1.4,0.07,1.57,2.52,3,0.1009,0
1247,2021-05-31,44,Self-Employed,Married,2,West,687,36,0.49,2.58,6.65,3.4,2,0.13069999999999998,0
1248,2021-06-01,45,Unemployed,Single,2,North,592,68,0.26,4.05,4.63,3.16,2,0.12965000000000002,0
1249,2021-06-02,27,Employed,Married,2,West,478,19,0.22,0.74,5.4,3.29,1,0.1951,0
1250,2021-06-03,26,Unemployed,Divorced,2,East,728,89,0.28,3.16,4.48,2.62,2,0.1038,0
1251,2021-06-04,44,Retired,Single,4,West,823,43,0.67,1.95,3.09,2.06,2,0.0852,0
1252,2021-06-05,53,Self-Employed,Widowed,2,West,611,107,0.78,2.53,6.96,2.32,3,0.15175,1
1253,2021-06-06,69,Employed,Divorced,0,South,379,102,1.37,0.82,3.53,3.44,3,0.20969999999999997,0
1254,2021-06-07,49,Employed,Single,1,North,313,69,0.57,0.97,2.78,3.86,2,0.22094999999999998,0
1255,2021-06-08,63,Employed,Divorced,0,East,353,92,0.33,2.09,5.71,3.39,3,0.21439999999999998,0
1256,2021-06-09,42,Employed,Single,3,West,746,73,1.12,1.78,5.23,2.39,2,0.11685000000000001,0
1257,2021-06-10,46,Employed,Married,4,North,364,50,0.2,2.15,6.6,2.98,2,0.21549999999999997,1
1258,2021-06-11,48,Self-Employed,Married,4,North,671,79,1.34,0.54,5.42,3.15,2,0.14895000000000003,0
1259,2021-06-12,41,Self-Employed,Married,3,South,802,97,0.61,2.61,4.89,3.02,3,0.09285,1
1260,2021-06-13,69,Employed,Married,0,North,869,30,0.92,2.39,6.36,3.08,2,0.08565,0
1261,2021-06-14,27,Self-Employed,Married,0,East,395,99,0.28,3.11,2.53,2.47,3,0.17779999999999999,1
1262,2021-06-15,37,Employed,Single,3,South,832,40,0.22,2.32,4.73,2.25,2,0.08745,1
1263,2021-06-16,40,Employed,Married,2,West,559,57,1.2,4.26,3.58,2.51,2,0.13055,0
1264,2021-06-17,61,Employed,Single,2,East,884,4,0.64,4.01,5.38,2.38,1,0.06080000000000001,0
1265,2021-06-18,69,Employed,Single,1,East,547,32,1.48,2.02,6.22,3.06,2,0.16915000000000002,0
1266,2021-06-19,40,Employed,Single,0,East,426,42,0.79,1.98,5.42,3.12,2,0.19579999999999997,1
1267,2021-06-20,42,Employed,Married,0,South,798,18,1.27,1.17,6.06,2.31,1,0.1141,0
1268,2021-06-21,48,Employed,Single,3,North,345,31,1.47,0.64,6.86,2.96,2,0.23665000000000003,0
1269,2021-06-22,60,Unemployed,Single,3,East,567,86,0.42,1.77,5.76,3.92,2,0.16435,0
1270,2021-06-23,69,Employed,Single,2,North,841,2,1.2,1.36,6.11,3.07,1,0.1017,0
1271,2021-06-24,27,Self-Employed,Single,0,North,393,0,0.03,1.21,7.81,2.78,1,0.2237,0
1272,2021-06-25,21,Self-Employed,Married,0,East,615,99,1.02,2.35,8.96,3.43,3,0.16255000000000003,0
1273,2021-06-26,52,Unemployed,Widowed,4,North,370,40,1.12,0.42,4.76,4.19,2,0.22209999999999996,0
1274,2021-06-27,33,Retired,Single,1,South,892,91,0.72,0.82,3.59,3.1,3,0.08175,0
1275,2021-06-28,50,Employed,Divorced,1,South,748,47,0.24,0.03,1.13,2.7,2,0.11335,0
1276,2021-06-29,43,Employed,Married,2,West,666,38,0.93,0.65,7.89,3.06,2,0.16144999999999998,0
1277,2021-06-30,39,Unemployed,Married,0,North,709,4,1.35,1.4,4.15,3.69,1,0.1245,0
1278,2021-07-01,52,Employed,Married,4,North,390,76,1.4,2.81,5.69,2.96,2,0.19785,0
1279,2021-07-02,50,Self-Employed,Married,0,West,808,10,1.12,3.93,5.99,3.02,1,0.08365,0
1280,2021-07-03,49,Self-Employed,Single,3,South,827,109,0.4,0.27,6.21,3.71,3,0.11660000000000001,0
1281,2021-07-04,69,Self-Employed,Married,2,West,409,21,1.31,2.88,4.62,3.06,1,0.18705,0
1282,2021-07-05,65,Retired,Married,1,West,388,112,1.33,1.04,6.19,3.86,3,0.21855,1
1283,2021-07-06,49,Retired,Married,0,West,571,86,0.55,2.16,5.81,2.3,2,0.1597,0
1284,2021-07-07,50,Unemployed,Married,2,North,546,63,0.27,2.58,3.98,3.23,2,0.1526,0
1285,2021-07-08,36,Employed,Single,1,North,660,11,1.31,3.41,7.44,3.99,1,0.1331,0
1286,2021-07-09,60,Unemployed,Married,0,North,677,52,1.33,4.4,6.02,4.23,2,0.11184999999999999,0
1287,2021-07-10,39,Employed,Married,4,North,505,54,0.15,3.04,3.07,2.79,2,0.1537,0
1288,2021-07-11,38,Employed,Single,2,East,644,52,1.45,1.53,4.44,2.87,2,0.1409,0
1289,2021-07-12,21,Unemployed,Single,0,West,754,20,0.8,0.46,4.41,3.97,1,0.12394999999999999,0
1290,2021-07-13,34,Employed,Married,1,West,366,18,1.49,2.23,4.14,2.83,1,0.2019,0
1291,2021-07-14,67,Employed,Divorced,1,North,857,68,0.67,2.65,5.92,2.74,2,0.08385,0
1292,2021-07-15,22,Employed,Married,4,South,342,87,0.8,0.85,6.94,2.75,2,0.23570000000000002,0
1293,2021-07-16,48,Unemployed,Married,2,East,528,93,0.4,2.78,3.36,2.56,3,0.15200000000000002,0
1294,2021-07-17,69,Employed,Married,2,East,743,71,1.35,1.57,4.46,2.47,2,0.11585,0
1295,2021-07-18,50,Self-Employed,Single,0,South,533,65,0.67,0.87,6.72,2.91,2,0.18665,0
1296,2021-07-19,58,Employed,Single,1,North,498,58,1.22,2.14,3.74,2.19,2,0.1678,0
1297,2021-07-20,24,Unemployed,Single,1,East,796,48,0.12,1.1,3.93,2.7,2,0.10465,0
1298,2021-07-21,21,Unemployed,Single,4,East,331,97,1.18,0.84,1.62,3.79,3,0.21194999999999997,0
1299,2021-07-22,28,Employed,Single,4,West,563,58,0.74,2.29,6.15,3.45,2,0.1621,0
1300,2021-07-23,49,Employed,Married,2,West,412,22,0.01,2.42,5.3,2.72,1,0.1943,0
1301,2021-07-24,59,Employed,Married,1,North,758,2,0.34,1.63,4.5,3.13,1,0.1117,0
1302,2021-07-25,23,Retired,Single,0,North,575,55,0.29,2.27,2.59,2.95,2,0.14150000000000001,0
1303,2021-07-26,52,Self-Employed,Single,3,West,445,115,1.13,3.14,4.49,2.63,3,0.17479999999999998,0
1304,2021-07-27,30,Retired,Single,0,West,656,57,0.72,2.83,2.12,1.85,2,0.1133,0
1305,2021-07-28,30,Employed,Married,4,West,305,87,0.24,1.17,4.74,2.56,2,0.23074999999999998,0
1306,2021-07-29,39,Unemployed,Single,0,South,639,61,0.39,2.03,7.88,2.85,2,0.15435000000000001,0
1307,2021-07-30,66,Unemployed,Single,1,East,793,17,0.76,1.3,5.29,4.25,1,0.1102,0
1308,2021-07-31,54,Self-Employed,Divorced,2,North,407,60,0.03,0.6,6.85,3.31,2,0.22149999999999997,1
1309,2021-08-01,53,Retired,Married,3,North,370,110,0.64,2.64,6.96,2.95,3,0.21089999999999998,0
1310,2021-08-02,43,Employed,Single,2,South,639,36,1.02,3.0,4.21,3.26,2,0.12630000000000002,0
1311,2021-08-03,48,Employed,Married,3,West,399,53,0.78,1.53,5.93,3.13,2,0.2096,0
1312,2021-08-04,52,Self-Employed,Single,3,East,626,112,0.9,2.23,0.9,2.65,3,0.1207,0
1313,2021-08-05,27,Unemployed,Married,1,West,332,94,0.49,3.55,5.42,2.97,3,0.20359999999999998,0
1314,2021-08-06,49,Self-Employed,Married,1,North,442,77,0.27,3.02,6.61,2.83,2,0.18735,0
1315,2021-08-07,28,Employed,Single,4,South,543,64,1.21,1.41,5.78,2.24,2,0.17405,0
1316,2021-08-08,21,Employed,Married,4,East,516,13,1.36,1.92,4.46,2.72,1,0.16910000000000003,0
1317,2021-08-09,23,Employed,Single,3,East,733,104,0.77,1.29,6.88,2.95,3,0.13324999999999998,0
1318,2021-08-10,44,Employed,Single,4,East,353,4,0.46,2.23,6.71,3.23,1,0.21799999999999997,0
1319,2021-08-11,43,Self-Employed,Single,1,East,891,94,0.77,2.04,4.93,3.02,3,0.0765,0
1320,2021-08-12,28,Unemployed,Married,4,South,450,94,1.32,0.85,7.24,3.49,3,0.2102,0
1321,2021-08-13,67,Employed,Single,3,North,354,93,1.04,1.54,5.78,2.9,3,0.22,0
1322,2021-08-14,57,Employed,Single,2,East,816,99,1.29,-0.06,2.59,3.65,3,0.10455,0
1323,2021-08-15,23,Employed,Single,0,East,747,61,0.49,0.96,5.48,3.1,2,0.12605,0
1324,2021-08-16,53,Employed,Single,4,North,334,0,1.07,2.41,3.92,3.24,1,0.207,1
1325,2021-08-17,48,Unemployed,Married,1,West,418,62,0.98,2.14,5.75,3.15,2,0.19784999999999997,1
1326,2021-08-18,67,Retired,Single,2,East,496,66,0.86,2.95,-0.46,2.76,2,0.1392,1
1327,2021-08-19,28,Employed,Single,1,East,865,19,0.79,2.05,7.39,3.33,1,0.0952,1
1328,2021-08-20,54,Unemployed,Married,4,West,813,42,0.83,1.8,6.68,2.71,2,0.10715,0
1329,2021-08-21,55,Unemployed,Married,3,North,893,111,1.27,3.86,7.39,2.53,3,0.07010000000000001,0
1330,2021-08-22,52,Unemployed,Married,0,North,721,106,1.37,1.66,4.98,3.14,3,0.12305000000000002,0
1331,2021-08-23,44,Employed,Married,0,East,816,84,0.17,1.61,6.73,2.97,2,0.10855000000000001,0
1332,2021-08-24,34,Retired,Single,2,North,438,93,0.85,2.05,5.32,2.61,3,0.1916,0
1333,2021-08-25,52,Employed,Married,0,West,343,41,1.38,1.22,3.52,3.05,2,0.21464999999999998,0
1334,2021-08-26,66,Employed,Married,3,South,518,107,0.2,2.26,3.78,3.35,3,0.1618,0
1335,2021-08-27,63,Employed,Single,1,West,867,93,0.62,1.28,4.48,2.91,3,0.08785000000000001,0
1336,2021-08-28,36,Employed,Divorced,3,West,557,68,0.13,1.57,6.88,3.8,2,0.17445,0
1337,2021-08-29,24,Employed,Single,2,South,812,73,0.17,1.25,6.82,3.58,2,0.11359999999999999,1
1338,2021-08-30,57,Employed,Widowed,2,West,676,87,1.36,0.22,4.03,2.79,2,0.14395,0
1339,2021-08-31,41,Employed,Divorced,0,East,588,108,0.67,-0.42,6.08,2.43,3,0.1826,0
1340,2021-09-01,34,Unemployed,Married,3,East,769,114,1.03,0.58,5.02,2.94,3,0.12205,0
1341,2021-09-02,51,Unemployed,Divorced,1,North,402,38,0.21,3.14,3.58,3.23,2,0.181,0
1342,2021-09-03,68,Employed,Married,3,North,448,61,0.03,2.08,3.23,2.16,2,0.17834999999999998,0
1343,2021-09-04,38,Unemployed,Single,1,West,383,47,1.34,1.52,4.65,2.15,2,0.20729999999999998,0
1344,2021-09-05,27,Unemployed,Married,1,East,325,5,0.86,0.96,6.4,2.38,1,0.23614999999999997,0
1345,2021-09-06,30,Unemployed,Single,3,East,474,73,0.03,3.26,4.24,3.57,2,0.16510000000000002,0
1346,2021-09-07,27,Employed,Single,4,South,721,41,1.49,1.36,6.19,3.71,2,0.1321,0
1347,2021-09-08,53,Self-Employed,Married,3,North,645,57,0.74,1.15,5.47,2.47,2,0.1496,0
1348,2021-09-09,43,Retired,Single,1,East,601,42,0.71,0.11,2.54,2.3,2,0.15635,0
1349,2021-09-10,41,Self-Employed,Single,2,West,597,117,0.93,-0.23,8.01,3.12,3,0.1881,1
1350,2021-09-11,39,Employed,Married,2,East,434,9,0.01,2.46,6.79,3.07,1,0.19585,0
1351,2021-09-12,68,Employed,Divorced,0,North,354,88,0.85,3.69,2.89,2.4,2,0.18405,0
1352,2021-09-13,39,Self-Employed,Single,2,West,355,77,0.94,2.3,5.6,2.5,2,0.21125,0
1353,2021-09-14,56,Employed,Single,4,North,673,110,0.45,2.28,7.21,2.67,3,0.14,0
1354,2021-09-15,49,Employed,Single,1,East,887,38,1.09,3.8,5.62,2.78,2,0.06335,0
1355,2021-09-16,38,Employed,Married,3,East,638,12,0.57,2.5,4.38,3.15,1,0.1324,1
1356,2021-09-17,22,Unemployed,Single,3,East,756,74,1.08,1.99,4.82,1.83,2,0.11019999999999999,0
1357,2021-09-18,21,Unemployed,Married,4,North,654,38,0.22,2.56,4.62,3.95,2,0.129,0
1358,2021-09-19,67,Employed,Single,2,West,431,10,1.37,2.9,4.79,3.19,1,0.18219999999999997,0
1359,2021-09-20,25,Retired,Single,1,East,792,109,1.32,2.51,6.69,3.04,3,0.10535,0
1360,2021-09-21,40,Employed,Divorced,2,East,853,112,0.23,1.51,5.71,2.68,3,0.09519999999999999,0
1361,2021-09-22,31,Self-Employed,Single,0,East,409,15,1.41,2.41,3.71,2.58,1,0.18719999999999998,0
1362,2021-09-23,62,Unemployed,Married,2,South,881,32,0.84,1.31,4.59,2.6,2,0.08460000000000001,0
1363,2021-09-24,22,Unemployed,Single,0,South,425,104,1.05,1.97,4.41,2.76,3,0.1911,0
1364,2021-09-25,23,Retired,Married,3,West,595,104,1.26,2.4,5.43,3.2,3,0.1494,0
1365,2021-09-26,43,Employed,Married,1,North,478,59,0.13,3.84,3.32,3.57,2,0.1537,0
1366,2021-09-27,32,Unemployed,Single,0,East,496,95,0.25,2.44,2.74,2.29,3,0.1603,0
1367,2021-09-28,40,Employed,Single,2,East,400,58,0.44,2.02,3.61,2.78,2,0.19285,0
1368,2021-09-29,25,Unemployed,Single,2,North,872,73,0.72,1.6,2.66,3.07,2,0.0743,0
1369,2021-09-30,57,Unemployed,Married,3,North,482,50,0.52,1.42,2.71,3.11,2,0.17385,0
1370,2021-10-01,58,Self-Employed,Married,4,West,308,14,0.76,1.61,6.84,2.71,1,0.23609999999999998,1
1371,2021-10-02,50,Employed,Married,4,North,712,79,0.28,2.04,4.81,2.82,2,0.12065000000000001,1
1372,2021-10-03,29,Unemployed,Married,2,East,865,42,1.02,2.92,5.56,2.88,2,0.07735,0
1373,2021-10-04,54,Employed,Single,4,West,403,26,0.08,0.73,5.09,2.41,1,0.21239999999999998,1
1374,2021-10-05,64,Employed,Single,1,South,425,55,0.54,2.77,5.18,2.54,2,0.18694999999999998,0
1375,2021-10-06,55,Unemployed,Single,4,West,845,112,0.27,1.43,5.45,2.06,3,0.0967,0
1376,2021-10-07,42,Employed,Single,1,West,569,59,1.09,1.3,5.88,3.55,2,0.16915,0
1377,2021-10-08,64,Unemployed,Single,2,West,765,114,1.33,2.51,5.55,3.28,3,0.10640000000000001,0
1378,2021-10-09,44,Employed,Married,2,North,417,108,0.12,1.62,9.18,2.32,3,0.22044999999999998,1
1379,2021-10-10,37,Employed,Married,2,East,391,95,1.18,2.48,3.46,2.44,3,0.18975,0
1380,2021-10-11,30,Unemployed,Divorced,3,North,784,69,1.34,2.39,3.41,2.32,2,0.09215000000000001,0
1381,2021-10-12,50,Employed,Single,4,East,386,46,1.46,2.81,4.18,2.53,2,0.1913,0
1382,2021-10-13,66,Employed,Married,0,North,533,111,0.87,3.32,3.02,3.12,3,0.14365,0
1383,2021-10-14,43,Unemployed,Married,0,West,423,99,0.49,0.28,4.57,4.44,3,0.20929999999999999,0
1384,2021-10-15,52,Employed,Married,2,East,502,7,0.48,2.2,3.57,2.78,1,0.16535,0
1385,2021-10-16,37,Self-Employed,Single,4,North,331,62,0.57,1.26,5.12,3.24,2,0.22524999999999998,0
1386,2021-10-17,37,Employed,Single,1,West,656,88,0.92,2.42,5.11,2.94,2,0.13235000000000002,0
1387,2021-10-18,34,Unemployed,Single,0,South,762,6,0.74,0.59,3.04,3.12,1,0.11380000000000001,1
1388,2021-10-19,29,Unemployed,Single,2,North,850,80,0.98,2.05,6.15,2.86,2,0.09275,0
1389,2021-10-20,60,Unemployed,Married,0,North,393,111,0.06,0.12,3.8,3.58,3,0.21455,0
1390,2021-10-21,22,Employed,Single,0,South,821,93,0.16,2.04,3.59,3.3,3,0.08729999999999999,0
1391,2021-10-22,65,Unemployed,Single,0,North,707,1,1.46,2.01,5.66,3.0,1,0.12645,0
1392,2021-10-23,45,Self-Employed,Married,2,South,399,16,1.49,1.33,5.0,3.32,1,0.20695,0
1393,2021-10-24,59,Self-Employed,Married,2,East,543,3,1.12,1.61,5.0,3.47,1,0.16815,0
1394,2021-10-25,29,Employed,Married,3,South,357,25,0.38,1.63,3.51,2.64,1,0.207,0
1395,2021-10-26,42,Unemployed,Married,3,West,656,77,1.43,0.45,3.33,3.23,2,0.14315,0
1396,2021-10-27,63,Unemployed,Single,3,South,790,71,0.32,0.7,6.2,3.43,2,0.1215,0
1397,2021-10-28,66,Employed,Single,0,East,619,68,1.1,2.19,4.89,3.23,2,0.1428,1
1398,2021-10-29,24,Employed,Single,4,South,318,4,0.17,3.07,5.34,3.35,1,0.2115,0
1399,2021-10-30,46,Unemployed,Married,2,South,656,4,0.97,2.79,5.23,3.04,1,0.12925,0
1400,2021-10-31,49,Employed,Divorced,3,East,416,90,1.14,-0.03,6.02,3.27,3,0.22139999999999999,1
1401,2021-11-01,65,Retired,Single,4,North,435,68,1.29,3.24,4.91,3.76,2,0.17839999999999998,1
1402,2021-11-02,54,Self-Employed,Married,3,North,595,2,1.1,3.3,4.65,2.49,1,0.1365,0
1403,2021-11-03,43,Self-Employed,Single,3,West,824,37,1.39,1.25,6.08,3.0,2,0.1069,0
1404,2021-11-04,57,Employed,Married,4,West,400,93,0.78,1.27,8.35,2.61,3,0.22405,1
1405,2021-11-05,31,Employed,Single,3,South,679,0,1.02,1.48,3.14,2.7,1,0.12614999999999998,0
1406,2021-11-06,26,Retired,Single,0,North,454,7,0.55,2.33,4.18,3.25,1,0.17909999999999998,0
1407,2021-11-07,38,Employed,Married,0,North,893,12,0.02,1.7,5.44,2.16,1,0.08195000000000001,0
1408,2021-11-08,41,Unemployed,Married,0,South,899,83,1.14,2.39,1.74,2.44,2,0.05505,0
1409,2021-11-09,62,Employed,Married,1,East,404,69,1.3,0.7,6.67,3.61,2,0.22035,0
1410,2021-11-10,56,Employed,Single,3,North,825,113,0.26,0.93,6.19,2.34,3,0.1104,0
1411,2021-11-11,61,Employed,Single,1,West,427,49,0.04,1.12,5.05,3.72,2,0.20229999999999998,0
1412,2021-11-12,58,Employed,Single,2,South,700,111,0.25,1.18,5.7,2.99,3,0.1367,0
1413,2021-11-13,54,Retired,Married,4,East,871,7,1.34,2.43,7.26,2.96,1,0.08925,0
1414,2021-11-14,37,Employed,Widowed,2,West,828,29,0.44,2.25,5.43,2.66,1,0.09265000000000001,0
1415,2021-11-15,57,Employed,Married,1,North,856,112,0.35,2.66,3.1,2.84,3,0.0699,0
1416,2021-11-16,45,Employed,Single,0,East,849,39,0.02,3.08,6.44,3.11,2,0.08415,1
1417,2021-11-17,58,Employed,Married,3,West,423,78,0.45,2.39,6.39,2.89,2,0.19729999999999998,0
1418,2021-11-18,32,Employed,Married,3,South,659,73,1.07,0.22,5.31,2.56,2,0.15460000000000002,1
1419,2021-11-19,43,Unemployed,Married,0,East,363,32,1.44,1.58,8.92,3.31,2,0.23305,0
1420,2021-11-20,62,Employed,Single,3,East,401,72,0.47,1.72,4.84,3.62,2,0.20174999999999998,1
1421,2021-11-21,42,Employed,Married,4,South,860,112,0.36,2.26,2.31,2.2,3,0.06895000000000001,0
1422,2021-11-22,41,Employed,Married,4,North,576,51,1.33,1.06,5.39,4.1,2,0.16735,1
1423,2021-11-23,47,Retired,Married,4,North,526,32,1.28,3.48,5.22,3.15,2,0.1548,0
1424,2021-11-24,51,Employed,Married,2,East,322,72,0.49,1.6,8.34,3.24,2,0.24019999999999997,0
1425,2021-11-25,26,Employed,Single,0,East,363,77,0.1,1.67,5.54,3.75,2,0.21525,0
1426,2021-11-26,47,Self-Employed,Married,4,East,456,119,1.49,1.8,4.64,1.94,3,0.1862,1
1427,2021-11-27,60,Self-Employed,Married,1,West,689,95,1.02,1.48,3.12,2.21,3,0.12355,0
1428,2021-11-28,54,Employed,Single,4,East,448,36,1.39,0.26,7.71,1.99,2,0.21894999999999998,1
1429,2021-11-29,32,Employed,Single,2,North,662,69,0.51,3.24,1.58,2.38,2,0.10500000000000001,0
1430,2021-11-30,65,Unemployed,Single,1,South,763,68,0.97,1.37,5.7,3.29,2,0.11905,0
1431,2021-12-01,27,Employed,Married,0,South,698,3,1.01,2.63,1.99,2.39,1,0.10414999999999999,0
1432,2021-12-02,30,Unemployed,Single,0,South,704,59,1.31,1.57,4.56,2.54,2,0.1261,0
1433,2021-12-03,65,Self-Employed,Married,4,East,431,111,1.49,1.37,4.47,2.62,3,0.1959,0
1434,2021-12-04,37,Employed,Single,1,East,496,79,0.16,0.76,3.97,2.92,2,0.18325,0
1435,2021-12-05,46,Employed,Divorced,1,South,334,73,0.95,0.22,4.44,2.9,2,0.23149999999999998,0
1436,2021-12-06,41,Employed,Single,4,West,719,30,0.5,1.55,5.21,2.59,2,0.1258,0
1437,2021-12-07,48,Unemployed,Single,4,West,676,94,1.22,1.51,4.31,2.47,3,0.13245,0
1438,2021-12-08,66,Employed,Married,3,West,698,13,1.13,3.44,4.82,2.84,1,0.11019999999999999,0
1439,2021-12-09,22,Employed,Married,3,West,519,76,1.34,2.07,3.96,3.0,2,0.16435,0
1440,2021-12-10,63,Self-Employed,Single,4,North,816,59,0.52,3.14,4.64,3.7,2,0.08280000000000001,0
1441,2021-12-11,21,Retired,Single,2,South,882,67,0.28,0.5,6.46,2.5,2,0.1018,0
1442,2021-12-12,56,Employed,Single,3,North,641,109,0.03,2.05,4.31,2.93,3,0.13579999999999998,0
1443,2021-12-13,46,Retired,Married,4,East,715,25,0.38,2.55,7.34,1.98,1,0.12745,0
1444,2021-12-14,49,Employed,Married,1,West,755,23,0.55,2.11,6.46,3.54,1,0.11745,0
1445,2021-12-15,41,Employed,Married,3,West,596,55,1.42,2.15,6.23,2.92,2,0.15565,0
1446,2021-12-16,31,Employed,Married,2,South,630,8,0.74,1.75,5.01,3.39,1,0.14505,1
1447,2021-12-17,60,Employed,Married,0,West,638,34,0.83,0.81,3.57,3.6,2,0.14525,0
1448,2021-12-18,31,Employed,Single,1,South,597,105,1.32,0.63,5.15,3.22,3,0.1652,0
1449,2021-12-19,56,Employed,Widowed,2,East,611,78,1.33,2.71,7.64,3.06,2,0.15335,0
1450,2021-12-20,69,Retired,Married,2,West,882,23,0.79,1.34,3.76,2.04,1,0.0799,0
1451,2021-12-21,59,Unemployed,Single,2,West,354,30,0.17,1.57,5.44,2.91,2,0.218,0
1452,2021-12-22,60,Unemployed,Single,1,North,833,82,0.41,1.34,3.64,2.5,2,0.09155,0
1453,2021-12-23,55,Employed,Single,2,South,404,65,0.69,1.11,4.4,2.44,2,0.2049,0
1454,2021-12-24,54,Employed,Single,0,South,474,65,1.13,0.54,5.45,2.03,2,0.19835000000000003,0
1455,2021-12-25,67,Employed,Married,3,West,593,40,1.07,3.54,5.55,2.89,2,0.1391,0
1456,2021-12-26,44,Unemployed,Married,1,North,850,35,0.96,-0.04,5.18,2.56,2,0.10880000000000001,0
1457,2021-12-27,42,Retired,Married,2,West,674,100,1.32,2.69,5.91,2.6,3,0.12915,0
1458,2021-12-28,25,Employed,Married,4,South,749,33,1.2,3.09,5.68,2.48,2,0.10525,0
1459,2021-12-29,53,Employed,Married,3,South,744,38,1.47,2.14,4.51,3.65,2,0.11015,1
1460,2021-12-30,56,Employed,Married,1,West,359,82,1.33,1.83,6.09,2.45,2,0.21739999999999998,0
1461,2021-12-31,67,Employed,Single,4,East,691,101,0.29,2.23,3.55,2.79,3,0.1177,0
1462,2022-01-01,40,Employed,Single,4,West,689,22,0.09,1.6,4.61,2.9,1,0.1298,0
1463,2022-01-02,39,Self-Employed,Married,2,North,511,79,0.62,2.98,4.3,2.88,2,0.15895,0
1464,2022-01-03,55,Unemployed,Single,1,South,834,109,0.93,3.12,5.56,3.86,3,0.08310000000000001,0
1465,2022-01-04,63,Employed,Single,2,South,539,43,0.96,2.54,1.43,1.98,2,0.14200000000000002,1
1466,2022-01-05,37,Employed,Divorced,0,West,787,69,0.4,0.35,4.4,3.11,2,0.11675,1
1467,2022-01-06,65,Retired,Married,4,East,421,57,1.29,2.68,5.68,3.44,2,0.19135,0
1468,2022-01-07,63,Employed,Single,0,South,552,58,0.49,3.28,8.7,3.13,2,0.16770000000000002,1
1469,2022-01-08,54,Employed,Married,2,West,440,25,1.38,2.61,5.07,4.07,1,0.18425000000000002,0
1470,2022-01-09,29,Employed,Married,3,East,751,21,0.71,2.99,3.38,3.66,1,0.09425,0
1471,2022-01-10,46,Employed,Single,4,West,452,108,0.02,1.27,6.01,2.65,3,0.19935000000000003,0
1472,2022-01-11,22,Employed,Single,3,West,607,110,0.24,1.53,3.98,2.89,3,0.14785,0
1473,2022-01-12,29,Unemployed,Divorced,1,West,859,87,0.15,3.31,2.96,3.38,2,0.06195,0
1474,2022-01-13,29,Employed,Single,4,South,616,109,0.07,2.67,5.27,2.94,3,0.14065,0
1475,2022-01-14,60,Employed,Single,0,East,828,39,1.07,1.75,6.98,2.95,2,0.1054,0
1476,2022-01-15,37,Self-Employed,Married,3,North,595,84,0.29,1.73,3.8,4.01,2,0.14795,0
1477,2022-01-16,21,Employed,Married,1,North,644,93,1.26,2.02,4.68,3.5,3,0.13720000000000002,0
1478,2022-01-17,45,Unemployed,Single,4,South,880,115,0.4,1.7,6.04,4.03,3,0.0882,0
1479,2022-01-18,63,Unemployed,Single,1,South,896,10,0.05,2.01,6.53,2.95,1,0.08355000000000001,1
1480,2022-01-19,60,Employed,Single,0,West,581,116,1.23,5.14,7.14,3.07,3,0.13405,0
1481,2022-01-20,62,Unemployed,Widowed,4,West,507,8,0.7,1.3,3.95,3.17,1,0.17500000000000002,0
1482,2022-01-21,45,Employed,Single,1,East,851,11,0.9,0.21,4.81,3.34,1,0.1042,0
1483,2022-01-22,59,Retired,Married,2,West,395,25,0.5,1.34,1.75,2.84,1,0.1916,0
1484,2022-01-23,55,Employed,Divorced,4,East,751,37,0.07,2.55,4.41,2.54,2,0.1038,0
1485,2022-01-24,23,Retired,Single,4,West,672,114,0.56,2.6,3.43,2.59,3,0.11815,0
1486,2022-01-25,57,Unemployed,Widowed,4,West,372,2,0.78,0.92,5.21,2.94,1,0.21885,1
1487,2022-01-26,64,Employed,Divorced,4,North,632,96,0.02,1.62,6.33,2.18,3,0.15244999999999997,0
1488,2022-01-27,64,Employed,Divorced,2,South,692,14,0.86,2.87,6.04,3.18,1,0.12349999999999998,1
1489,2022-01-28,50,Retired,Single,0,East,405,46,1.34,1.89,3.26,1.86,2,0.19115,0
1490,2022-01-29,58,Unemployed,Married,2,North,400,4,0.33,0.98,4.4,2.22,1,0.2072,0
1491,2022-01-30,54,Employed,Married,2,West,658,53,1.39,1.19,5.69,3.6,2,0.14705000000000001,1
1492,2022-01-31,32,Unemployed,Widowed,1,North,628,23,0.15,3.41,5.19,3.04,1,0.12985,0
1493,2022-02-01,39,Employed,Single,3,East,694,10,1.24,1.55,3.94,3.21,1,0.1257,1
1494,2022-02-02,57,Employed,Married,3,South,334,118,1.26,2.05,5.56,3.16,3,0.21879999999999997,0
1495,2022-02-03,64,Employed,Single,1,North,456,32,0.39,0.4,6.15,3.97,2,0.20775000000000002,1
1496,2022-02-04,69,Employed,Single,2,East,572,86,1.44,1.76,4.72,3.6,2,0.158,0
1497,2022-02-05,37,Unemployed,Married,1,West,695,73,0.62,4.82,3.51,3.84,2,0.09059999999999999,0
1498,2022-02-06,30,Employed,Married,4,North,506,56,0.21,3.79,5.57,2.73,2,0.15845,0
1499,2022-02-07,69,Unemployed,Married,1,South,605,51,0.89,2.25,3.71,2.94,2,0.1398,0
1500,2022-02-08,67,Employed,Married,1,East,835,63,1.49,3.62,6.98,2.28,2,0.08495000000000001,0
1501,2022-02-09,32,Employed,Widowed,4,South,761,42,1.35,2.6,1.04,3.47,2,0.08395,0
1502,2022-02-10,36,Employed,Single,3,West,551,91,0.42,4.33,4.51,3.36,3,0.1365,0
1503,2022-02-11,44,Employed,Married,4,South,566,102,0.87,2.67,3.66,2.64,3,0.1451,0
1504,2022-02-12,39,Employed,Single,0,West,508,80,0.17,3.34,6.07,2.72,2,0.16494999999999999,0
1505,2022-02-13,28,Employed,Single,1,West,866,43,0.69,-0.11,7.15,3.22,2,0.11535000000000001,1
1506,2022-02-14,51,Self-Employed,Married,1,North,838,89,0.78,2.39,4.02,2.89,2,0.0817,0
1507,2022-02-15,41,Employed,Divorced,3,West,802,88,0.47,1.39,3.59,2.65,2,0.09855,0
1508,2022-02-16,37,Employed,Married,2,South,813,35,0.73,2.56,5.97,2.8,2,0.096,0
1509,2022-02-17,43,Employed,Married,4,North,879,11,1.38,2.52,2.32,2.8,1,0.06165,0
1510,2022-02-18,57,Unemployed,Single,2,West,447,55,0.75,3.38,5.37,3.2,2,0.17629999999999998,0
1511,2022-02-19,36,Retired,Single,0,East,382,2,1.25,3.04,4.95,2.89,1,0.19384999999999997,0
1512,2022-02-20,26,Employed,Married,4,East,341,49,0.48,0.59,4.67,1.56,2,0.22719999999999996,0
1513,2022-02-21,28,Employed,Single,0,West,455,28,1.46,0.15,3.74,2.95,1,0.19845000000000002,0
1514,2022-02-22,45,Employed,Single,0,North,752,107,0.14,1.79,1.83,2.65,3,0.09825,0
1515,2022-02-23,38,Retired,Married,0,North,583,119,0.88,2.75,6.46,3.33,3,0.15405000000000002,0
1516,2022-02-24,45,Employed,Single,4,North,487,87,1.18,2.63,5.94,3.08,2,0.17665,1
1517,2022-02-25,32,Employed,Single,4,South,773,82,1.22,2.07,4.91,2.65,2,0.1056,0
1518,2022-02-26,35,Employed,Married,3,East,806,76,0.3,2.61,5.34,2.67,2,0.0941,0
1519,2022-02-27,46,Employed,Married,1,West,432,15,0.6,2.82,4.77,3.09,1,0.18264999999999998,0
1520,2022-02-28,61,Employed,Divorced,2,West,570,39,0.94,2.07,6.47,2.98,2,0.16415000000000002,0
1521,2022-03-01,65,Unemployed,Married,2,East,372,26,0.47,2.62,4.7,2.83,1,0.1993,0
1522,2022-03-02,46,Employed,Married,0,South,735,69,0.99,2.71,4.95,2.94,2,0.1089,0
1523,2022-03-03,67,Self-Employed,Divorced,4,North,592,41,0.57,1.97,5.22,3.21,2,0.1534,0
1524,2022-03-04,52,Employed,Married,4,East,736,56,0.53,3.48,4.42,2.17,2,0.0983,1
1525,2022-03-05,30,Employed,Single,0,West,359,9,0.16,0.8,4.86,3.71,1,0.22154999999999997,0
1526,2022-03-06,36,Retired,Single,1,South,897,37,0.06,3.65,4.8,2.77,2,0.05825000000000001,0
1527,2022-03-07,27,Employed,Married,2,West,626,7,1.25,3.05,3.97,3.57,1,0.12785,0
1528,2022-03-08,37,Unemployed,Married,3,North,481,17,0.73,4.16,3.57,4.04,1,0.151,0
1529,2022-03-09,43,Employed,Married,1,East,733,95,0.84,0.48,4.7,3.28,3,0.13045,0
1530,2022-03-10,46,Employed,Married,4,North,818,16,0.56,1.65,4.55,2.04,1,0.09675,0
1531,2022-03-11,41,Retired,Married,0,South,382,57,0.21,2.48,6.59,2.42,2,0.20764999999999997,0
1532,2022-03-12,42,Employed,Widowed,2,East,327,105,0.67,2.26,3.56,3.21,3,0.20844999999999997,0
1533,2022-03-13,27,Unemployed,Married,0,North,565,65,0.34,1.57,4.16,2.66,2,0.15885,1
1534,2022-03-14,34,Employed,Single,4,North,582,43,1.26,2.31,5.28,3.74,2,0.15280000000000002,1
1535,2022-03-15,35,Unemployed,Married,0,North,696,83,1.48,3.25,5.6,2.63,2,0.1165,0
1536,2022-03-16,27,Employed,Single,2,South,682,73,1.33,2.14,4.79,3.28,2,0.12705,0
1537,2022-03-17,29,Employed,Married,0,North,880,8,0.79,0.64,6.23,2.95,1,0.09975,0
1538,2022-03-18,68,Unemployed,Widowed,2,West,618,47,0.94,4.05,4.84,3.02,2,0.1242,0
1539,2022-03-19,28,Retired,Married,0,East,492,38,1.42,1.04,3.7,3.32,2,0.1801,0
1540,2022-03-20,43,Retired,Married,0,East,526,104,0.81,0.78,4.94,1.44,3,0.1804,0
1541,2022-03-21,49,Unemployed,Married,2,North,750,88,0.96,1.27,6.12,2.98,2,0.1254,1
1542,2022-03-22,38,Unemployed,Single,0,South,481,88,0.94,1.39,6.46,3.45,2,0.19315,0
1543,2022-03-23,51,Employed,Single,1,West,626,87,1.06,2.28,6.42,2.41,2,0.1478,0
1544,2022-03-24,50,Employed,Married,3,West,502,5,0.96,4.61,5.29,3.33,1,0.14984999999999998,0
1545,2022-03-25,59,Employed,Married,1,East,701,29,1.01,1.1,5.39,2.89,1,0.1357,0
1546,2022-03-26,55,Employed,Married,3,East,771,73,1.09,3.09,5.88,2.67,2,0.10075,0
1547,2022-03-27,38,Employed,Single,1,West,478,102,1.21,3.95,2.56,2.88,3,0.1488,1
1548,2022-03-28,62,Employed,Married,3,East,317,94,0.6,1.58,3.92,3.7,3,0.21955,0
1549,2022-03-29,59,Employed,Married,0,North,762,17,1.12,1.9,5.45,3.09,1,0.11275000000000002,0
1550,2022-03-30,37,Self-Employed,Married,2,West,845,42,0.15,2.31,3.52,2.37,2,0.07825000000000001,0
1551,2022-03-31,34,Employed,Married,2,East,702,32,1.31,1.54,6.73,3.15,2,0.13775,0
1552,2022-04-01,51,Employed,Married,4,North,692,52,0.44,0.18,6.6,3.02,2,0.1532,1
1553,2022-04-02,44,Employed,Married,3,North,599,55,0.61,3.35,4.19,3.57,2,0.1327,0
1554,2022-04-03,55,Unemployed,Married,4,West,650,18,1.21,2.16,3.64,2.96,1,0.1291,0
1555,2022-04-04,64,Unemployed,Divorced,4,North,486,86,0.96,1.44,5.65,3.53,2,0.18735000000000002,0
1556,2022-04-05,65,Self-Employed,Single,3,West,646,68,0.46,1.96,3.08,3.03,2,0.1293,0
1557,2022-04-06,54,Employed,Widowed,2,North,708,25,0.34,1.68,5.21,3.2,1,0.12725,0
1558,2022-04-07,23,Employed,Single,3,West,370,28,1.44,2.59,9.25,2.63,1,0.22285,0
1559,2022-04-08,57,Employed,Single,0,West,626,23,0.13,1.1,3.49,3.28,1,0.14495,0
1560,2022-04-09,63,Employed,Divorced,4,West,511,5,0.01,1.62,3.83,4.01,1,0.1702,1
1561,2022-04-10,60,Employed,Single,4,West,608,53,1.01,2.14,4.07,3.86,2,0.14195,0
1562,2022-04-11,46,Employed,Married,3,North,407,38,0.92,0.03,3.65,2.44,2,0.2112,1
1563,2022-04-12,43,Employed,Married,4,West,476,118,1.11,1.75,3.73,2.15,3,0.17715,0
1564,2022-04-13,64,Retired,Divorced,2,East,726,3,1.1,1.31,7.58,3.19,1,0.1383,0
1565,2022-04-14,59,Retired,Widowed,4,North,830,57,1.29,2.61,5.09,2.88,2,0.08685000000000001,0
1566,2022-04-15,35,Employed,Single,3,West,717,47,1.38,2.25,6.36,2.58,2,0.12505,0
1567,2022-04-16,69,Employed,Married,2,North,547,59,1.16,3.27,6.8,4.06,2,0.15955,0
1568,2022-04-17,24,Employed,Single,2,North,508,105,0.35,-0.01,2.29,4.54,3,0.17955,0
1569,2022-04-18,49,Employed,Married,4,North,515,25,0.7,1.38,3.85,2.09,1,0.17170000000000002,0
1570,2022-04-19,42,Retired,Married,3,North,737,78,0.96,2.2,3.64,2.61,2,0.10694999999999999,0
1571,2022-04-20,45,Employed,Single,4,West,610,76,0.81,3.29,1.05,2.35,2,0.11485,0
1572,2022-04-21,33,Unemployed,Married,0,North,682,39,0.24,0.89,5.64,2.59,2,0.1438,0
1573,2022-04-22,38,Employed,Married,0,East,570,85,0.88,1.2,5.46,3.56,2,0.1678,0
1574,2022-04-23,53,Retired,Married,2,North,420,76,1.33,3.31,6.98,3.13,2,0.1918,0
1575,2022-04-24,36,Employed,Widowed,4,North,706,55,0.63,4.3,5.71,3.42,2,0.10404999999999999,1
1576,2022-04-25,65,Unemployed,Single,0,East,544,38,1.0,3.71,1.09,3.66,2,0.12735000000000002,0
1577,2022-04-26,62,Employed,Married,1,West,365,80,0.92,3.72,3.95,3.17,2,0.1863,0
1578,2022-04-27,64,Self-Employed,Divorced,0,East,527,99,0.57,2.43,4.06,2.53,3,0.15925,0
1579,2022-04-28,22,Employed,Married,4,South,436,38,0.85,2.13,5.77,3.26,2,0.19355,0
1580,2022-04-29,55,Employed,Single,4,East,493,47,0.32,3.9,1.02,2.95,2,0.13785,1
1581,2022-04-30,62,Retired,Married,0,West,788,24,0.82,1.67,5.82,2.92,1,0.11040000000000001,0
1582,2022-05-01,54,Retired,Single,4,East,883,33,1.2,0.99,6.18,2.59,2,0.09525,0
1583,2022-05-02,50,Unemployed,Single,4,North,653,20,1.14,2.28,4.62,3.48,1,0.13205,0
1584,2022-05-03,33,Self-Employed,Married,1,West,855,24,0.54,1.64,3.8,3.25,1,0.08385000000000001,0
1585,2022-05-04,33,Unemployed,Married,2,South,456,88,0.17,1.23,6.77,3.42,2,0.20255,0
1586,2022-05-05,38,Employed,Divorced,4,West,775,21,1.2,2.85,2.92,2.53,1,0.08735000000000001,1
1587,2022-05-06,52,Employed,Married,3,North,315,22,0.4,1.75,6.72,3.53,1,0.23235,1
1588,2022-05-07,52,Employed,Married,2,South,377,24,0.08,2.18,6.36,3.17,1,0.21075,0
1589,2022-05-08,55,Self-Employed,Single,2,West,351,77,0.67,2.54,5.84,3.48,2,0.21105000000000002,0
1590,2022-05-09,59,Employed,Married,3,West,813,77,1.11,0.23,7.73,2.61,2,0.1281,0
1591,2022-05-10,66,Employed,Single,0,North,803,25,1.21,3.24,5.03,3.08,1,0.087,0
1592,2022-05-11,49,Self-Employed,Divorced,1,East,360,103,1.47,4.3,5.93,3.58,3,0.19165,1
1593,2022-05-12,69,Unemployed,Single,4,East,431,29,0.28,3.28,4.93,3.29,1,0.17909999999999998,0
1594,2022-05-13,49,Employed,Single,0,South,681,89,0.44,-1.59,4.52,2.94,2,0.16325,0
1595,2022-05-14,64,Employed,Married,3,North,863,37,0.91,2.23,5.79,3.27,2,0.0859,0
1596,2022-05-15,36,Employed,Single,1,North,842,85,1.22,0.14,4.54,2.52,2,0.1058,0
1597,2022-05-16,64,Employed,Single,1,East,709,102,0.35,3.19,5.09,3.34,3,0.11130000000000001,0
1598,2022-05-17,67,Employed,Married,1,East,454,102,0.61,3.2,5.1,3.46,3,0.175,0
1599,2022-05-18,30,Self-Employed,Single,3,South,350,33,0.61,2.37,4.39,3.23,2,0.20575,0
1600,2022-05-19,50,Self-Employed,Single,0,East,394,88,1.16,-0.64,6.1,2.96,2,0.2334,0
1601,2022-05-20,45,Self-Employed,Single,4,South,822,99,0.36,2.01,2.34,3.18,3,0.0811,0
1602,2022-05-21,59,Employed,Married,1,West,823,76,1.45,0.88,3.96,2.98,2,0.10025,0
1603,2022-05-22,40,Unemployed,Married,1,South,654,92,0.77,2.14,3.54,2.91,3,0.1278,0
1604,2022-05-23,25,Employed,Married,0,South,344,105,0.42,1.99,5.46,3.38,3,0.21639999999999998,1
1605,2022-05-24,21,Employed,Married,1,South,504,72,0.43,3.04,4.64,3.79,2,0.1618,0
1606,2022-05-25,50,Unemployed,Single,1,West,730,14,0.03,1.84,2.87,3.09,1,0.10845,0
1607,2022-05-26,69,Employed,Divorced,3,East,555,94,1.04,3.67,5.71,2.73,3,0.1481,0
1608,2022-05-27,23,Employed,Single,2,South,547,43,1.16,2.4,5.34,2.52,2,0.16095,0
1609,2022-05-28,65,Unemployed,Married,0,East,832,90,0.05,1.47,5.05,2.67,3,0.09755,0
1610,2022-05-29,34,Employed,Divorced,0,South,340,94,0.88,1.91,6.17,4.09,3,0.22174999999999997,1
1611,2022-05-30,50,Self-Employed,Married,0,East,758,9,1.17,3.29,5.78,3.81,1,0.1015,0
1612,2022-05-31,24,Employed,Single,3,South,576,114,0.56,3.42,4.65,3.48,3,0.14005,0
1613,2022-06-01,38,Self-Employed,Single,3,East,494,116,0.65,-0.68,5.62,3.64,3,0.20640000000000003,0
1614,2022-06-02,57,Employed,Married,4,North,370,36,0.54,0.8,7.05,2.73,2,0.22974999999999995,1
1615,2022-06-03,45,Employed,Single,3,West,569,6,0.47,1.37,4.77,3.52,1,0.1629,0
1616,2022-06-04,68,Self-Employed,Married,0,South,634,31,0.74,3.41,6.87,3.57,2,0.13675,0
1617,2022-06-05,21,Employed,Married,4,West,884,115,0.25,3.26,7.84,2.96,3,0.0806,0
1618,2022-06-06,66,Employed,Married,2,South,607,10,0.66,3.0,5.5,2.41,1,0.14075000000000001,1
1619,2022-06-07,35,Employed,Single,1,North,726,47,1.41,3.14,3.49,2.28,2,0.09955,0
1620,2022-06-08,29,Employed,Married,1,North,498,108,0.04,3.71,4.55,3.2,3,0.15615,0
1621,2022-06-09,35,Employed,Married,4,West,375,91,0.25,2.56,5.24,2.76,3,0.20185,0
1622,2022-06-10,69,Employed,Married,2,South,824,67,1.17,3.09,5.03,3.17,2,0.08325,0
1623,2022-06-11,44,Retired,Single,1,East,529,47,0.2,2.43,5.19,2.86,2,0.1644,0
1624,2022-06-12,24,Employed,Single,4,South,384,44,0.41,3.06,6.82,2.45,2,0.2025,0
1625,2022-06-13,32,Employed,Single,3,East,461,94,0.68,1.52,3.72,3.88,3,0.18315,1
1626,2022-06-14,57,Employed,Single,0,West,696,92,1.41,1.13,5.55,2.47,3,0.13745000000000002,0
1627,2022-06-15,57,Employed,Married,2,West,670,32,0.28,1.34,6.38,2.67,2,0.14600000000000002,0
1628,2022-06-16,63,Retired,Divorced,1,North,862,117,1.38,1.72,4.62,3.0,3,0.0854,0
1629,2022-06-17,26,Employed,Single,0,East,514,3,1.08,2.82,3.46,3.07,1,0.1556,0
1630,2022-06-18,59,Retired,Married,4,South,300,46,1.01,3.65,4.69,2.22,2,0.20695,0
1631,2022-06-19,66,Employed,Single,1,North,676,89,1.09,1.39,3.44,3.41,2,0.1293,0
1632,2022-06-20,44,Unemployed,Single,0,West,711,52,0.05,4.53,3.94,3.33,2,0.09165000000000001,0
1633,2022-06-21,31,Employed,Single,3,North,499,30,0.15,1.78,5.87,4.1,2,0.1818,0
1634,2022-06-22,33,Unemployed,Single,2,South,482,30,0.5,2.02,5.4,3.15,2,0.18130000000000002,0
1635,2022-06-23,54,Self-Employed,Divorced,4,South,709,26,0.11,2.29,6.07,2.95,1,0.1252,0
1636,2022-06-24,45,Employed,Single,1,West,697,88,1.48,1.37,5.73,2.54,2,0.1357,0
1637,2022-06-25,27,Employed,Married,3,North,515,47,0.87,1.5,4.69,2.36,2,0.17470000000000002,0
1638,2022-06-26,24,Employed,Married,2,East,648,35,0.73,1.7,3.49,2.91,2,0.13345,0
1639,2022-06-27,28,Retired,Divorced,2,East,879,48,1.18,0.83,5.49,2.34,2,0.09440000000000001,0
1640,2022-06-28,40,Employed,Single,3,East,893,30,1.47,1.18,4.2,3.41,2,0.08095000000000001,0
1641,2022-06-29,49,Employed,Single,1,South,340,106,1.43,1.92,4.79,2.79,3,0.21474999999999997,0
1642,2022-06-30,65,Unemployed,Single,2,North,302,100,1.19,1.59,3.93,3.61,3,0.22324999999999998,0
1643,2022-07-01,66,Employed,Married,4,East,393,108,0.57,1.35,6.36,3.15,3,0.21505000000000002,0
1644,2022-07-02,30,Retired,Single,0,North,358,43,0.1,3.03,1.64,3.17,2,0.18339999999999998,0
1645,2022-07-03,63,Unemployed,Divorced,4,West,706,58,0.15,0.25,5.77,2.51,2,0.14484999999999998,0
1646,2022-07-04,54,Self-Employed,Married,2,East,317,22,0.0,2.59,5.22,3.32,1,0.21594999999999998,1
1647,2022-07-05,46,Unemployed,Married,0,North,793,98,0.0,2.15,6.33,3.22,3,0.10690000000000001,1
1648,2022-07-06,61,Employed,Married,3,South,807,67,1.4,2.28,3.17,2.03,2,0.0863,0
1649,2022-07-07,69,Employed,Single,0,West,885,91,1.39,0.77,4.93,3.64,3,0.0907,0
1650,2022-07-08,23,Employed,Married,0,West,631,41,1.0,1.44,4.36,3.44,2,0.14465,0
1651,2022-07-09,26,Employed,Widowed,0,West,468,104,1.09,2.39,4.76,2.6,3,0.1779,0
1652,2022-07-10,25,Unemployed,Married,2,West,505,41,0.77,1.46,5.03,3.47,2,0.1793,0
1653,2022-07-11,25,Retired,Divorced,1,South,820,12,0.36,0.46,4.28,2.79,1,0.1068,0
1654,2022-07-12,67,Employed,Married,2,South,804,0,1.37,1.73,4.84,2.68,1,0.10089999999999999,0
1655,2022-07-13,43,Employed,Single,1,East,645,75,0.42,1.81,6.86,3.18,2,0.14995000000000003,0
1656,2022-07-14,69,Retired,Single,3,South,603,106,1.11,2.73,7.17,3.49,3,0.1528,0
1657,2022-07-15,29,Employed,Single,3,South,414,52,0.37,3.14,5.36,3.76,2,0.18689999999999998,0
1658,2022-07-16,55,Employed,Single,3,West,386,39,1.31,2.14,7.2,3.88,2,0.21309999999999998,0
1659,2022-07-17,40,Employed,Single,3,South,394,89,0.98,2.44,2.83,2.2,2,0.18625,1
1660,2022-07-18,69,Retired,Married,3,West,727,118,0.96,3.06,6.21,2.12,3,0.1137,0
1661,2022-07-19,62,Self-Employed,Married,4,North,749,45,0.15,1.81,5.32,2.79,2,0.11624999999999999,0
1662,2022-07-20,55,Unemployed,Divorced,2,North,840,109,0.63,2.54,4.44,2.55,3,0.08180000000000001,0
1663,2022-07-21,38,Unemployed,Married,1,North,301,115,0.79,0.58,5.92,4.23,3,0.24355,1
1664,2022-07-22,37,Employed,Divorced,3,North,377,86,0.44,1.44,5.23,3.14,2,0.2125,0
1665,2022-07-23,44,Employed,Single,4,North,623,112,1.32,3.71,4.1,2.89,3,0.12265,0
1666,2022-07-24,23,Unemployed,Single,4,North,397,21,1.26,3.02,6.05,2.73,1,0.19579999999999997,1
1667,2022-07-25,52,Employed,Married,4,North,409,114,0.74,2.84,4.93,3.1,3,0.189,0
1668,2022-07-26,55,Unemployed,Single,2,West,756,51,0.51,1.11,3.93,1.94,2,0.11455,1
1669,2022-07-27,58,Retired,Single,3,West,787,119,1.2,0.48,6.22,3.45,3,0.12455000000000001,0
1670,2022-07-28,33,Self-Employed,Single,4,West,670,27,0.3,1.04,2.44,3.7,1,0.1293,0
1671,2022-07-29,67,Unemployed,Single,4,West,636,52,0.11,2.1,7.46,2.14,2,0.15230000000000002,0
1672,2022-07-30,45,Unemployed,Married,3,South,898,116,0.07,2.53,6.36,3.29,3,0.077,1
1673,2022-07-31,29,Unemployed,Married,2,South,321,62,0.06,3.58,2.16,3.22,2,0.18974999999999997,0
1674,2022-08-01,24,Employed,Married,4,East,604,16,0.73,0.8,6.82,3.27,1,0.1701,0
1675,2022-08-02,34,Employed,Married,1,South,571,63,0.38,1.43,5.13,3.26,2,0.1636,0
1676,2022-08-03,57,Employed,Single,0,West,789,5,1.04,3.63,1.91,2.47,1,0.07100000000000001,0
1677,2022-08-04,54,Self-Employed,Single,0,West,745,13,0.98,0.41,2.21,2.93,1,0.1157,0
1678,2022-08-05,31,Employed,Single,0,North,577,113,0.81,2.22,5.86,3.44,3,0.15785,0
1679,2022-08-06,61,Unemployed,Single,2,North,676,16,0.53,0.08,3.36,2.16,1,0.142,0
1680,2022-08-07,23,Employed,Married,4,East,531,37,1.28,1.65,3.69,3.06,2,0.1642,0
1681,2022-08-08,48,Self-Employed,Married,0,South,891,68,1.06,3.97,5.16,3.29,2,0.05835,0
1682,2022-08-09,49,Employed,Married,0,West,725,12,0.41,2.55,5.76,2.82,1,0.11704999999999999,0
1683,2022-08-10,29,Unemployed,Single,3,South,354,111,0.75,3.32,5.32,3.24,3,0.19990000000000002,0
1684,2022-08-11,23,Employed,Married,4,East,740,52,0.23,2.55,3.64,3.02,2,0.1027,0
1685,2022-08-12,45,Employed,Married,4,North,333,8,0.49,2.53,3.88,2.89,1,0.20584999999999998,0
1686,2022-08-13,54,Employed,Married,3,West,628,43,1.5,0.37,3.41,2.79,2,0.15134999999999998,0
1687,2022-08-14,32,Unemployed,Married,4,North,753,105,0.34,4.07,5.35,3.64,3,0.0928,0
1688,2022-08-15,62,Employed,Married,1,West,687,25,1.05,3.63,5.27,2.94,1,0.1133,0
1689,2022-08-16,29,Employed,Married,2,North,729,76,0.36,1.25,5.6,2.57,2,0.12825,0
1690,2022-08-17,35,Retired,Married,3,North,775,18,1.41,3.53,5.28,2.37,1,0.09235000000000002,0
1691,2022-08-18,60,Unemployed,Single,0,East,424,47,0.47,3.06,5.17,2.24,2,0.18425,0
1692,2022-08-19,45,Retired,Married,4,South,822,80,0.52,2.65,6.34,2.27,2,0.0947,0
1693,2022-08-20,25,Employed,Single,1,North,781,79,0.89,2.21,5.15,2.77,2,0.1034,0
1694,2022-08-21,31,Employed,Single,1,West,616,29,0.88,1.9,6.33,2.94,1,0.15365,0
1695,2022-08-22,54,Unemployed,Widowed,2,South,421,31,0.87,3.74,4.41,2.85,2,0.1744,0
1696,2022-08-23,44,Employed,Widowed,1,South,846,77,0.86,2.13,3.82,2.58,2,0.08130000000000001,0
1697,2022-08-24,35,Unemployed,Single,4,North,880,111,0.47,2.47,6.8,2.73,3,0.0843,0
1698,2022-08-25,58,Employed,Married,4,North,612,119,0.65,3.66,4.3,3.34,3,0.1269,0
1699,2022-08-26,28,Employed,Single,1,North,786,78,0.89,3.16,4.84,3.51,2,0.0911,0
1700,2022-08-27,25,Employed,Married,4,South,311,75,1.01,0.76,3.76,3.85,2,0.22845,1
1701,2022-08-28,68,Employed,Married,4,East,424,100,0.38,1.42,7.98,3.02,3,0.2147,0
1702,2022-08-29,46,Employed,Widowed,0,North,376,74,1.05,1.18,2.7,3.66,2,0.20269999999999996,1
1703,2022-08-30,38,Employed,Married,3,South,879,68,1.38,2.45,6.47,3.07,2,0.08310000000000001,0
1704,2022-08-31,26,Retired,Single,4,South,535,119,1.14,1.52,2.21,3.72,3,0.1571,0
1705,2022-09-01,57,Employed,Married,4,West,870,119,0.13,1.62,4.43,3.29,3,0.08345,0
1706,2022-09-02,68,Self-Employed,Single,2,North,553,10,0.7,1.77,6.11,3.02,1,0.16960000000000003,1
1707,2022-09-03,33,Unemployed,Divorced,3,East,705,97,0.65,2.37,7.52,2.0,3,0.13265,0
1708,2022-09-04,48,Self-Employed,Divorced,3,West,542,82,0.5,1.74,4.64,2.93,2,0.1653,0
1709,2022-09-05,25,Employed,Married,3,North,760,25,0.74,2.97,4.19,2.59,1,0.09625,0
1710,2022-09-06,33,Unemployed,Single,1,West,576,25,0.66,0.91,5.31,2.82,1,0.16845,0
1711,2022-09-07,37,Self-Employed,Single,0,North,768,16,0.01,0.52,7.48,3.63,1,0.13520000000000001,1
1712,2022-09-08,60,Unemployed,Single,0,West,519,94,0.35,1.35,5.25,3.21,3,0.178,0
1713,2022-09-09,65,Unemployed,Married,2,East,524,82,0.32,0.98,5.77,3.5,2,0.18305,0
1714,2022-09-10,52,Retired,Married,3,West,400,43,0.52,2.06,4.04,3.29,2,0.1946,1
1715,2022-09-11,49,Self-Employed,Single,3,West,806,83,0.26,1.6,6.36,2.52,2,0.1093,0
1716,2022-09-12,23,Employed,Married,4,West,886,22,0.1,0.7,2.65,3.96,1,0.07975,0
1717,2022-09-13,60,Self-Employed,Married,1,North,630,24,0.29,0.68,6.88,2.91,1,0.16510000000000002,0
1718,2022-09-14,54,Employed,Single,1,North,536,91,1.28,2.18,6.99,3.52,3,0.17415,0
1719,2022-09-15,60,Unemployed,Divorced,2,East,638,36,1.2,2.9,8.03,3.82,2,0.14665,0
1720,2022-09-16,47,Employed,Divorced,0,West,805,75,0.66,1.29,6.99,2.32,2,0.1158,0
1721,2022-09-17,33,Employed,Divorced,3,South,464,111,1.32,1.91,4.19,2.95,3,0.18085,0
1722,2022-09-18,65,Unemployed,Single,2,West,517,64,0.35,1.36,7.2,3.35,2,0.18814999999999998,0
1723,2022-09-19,53,Self-Employed,Single,1,South,675,1,0.88,1.85,6.7,2.86,1,0.14125,0
1724,2022-09-20,26,Employed,Single,1,South,311,73,0.21,3.76,3.91,4.37,2,0.1992,0
1725,2022-09-21,44,Employed,Single,1,West,731,97,1.25,4.5,5.31,3.13,3,0.0938,0
1726,2022-09-22,39,Unemployed,Single,3,South,382,31,0.2,1.55,0.63,3.31,2,0.18714999999999996,0
1727,2022-09-23,36,Employed,Married,3,South,730,88,0.05,1.49,2.93,3.92,2,0.11225,0
1728,2022-09-24,60,Unemployed,Married,3,West,777,73,0.41,2.43,6.23,2.31,2,0.1076,0
1729,2022-09-25,48,Employed,Divorced,4,North,668,54,1.35,2.12,7.45,2.78,2,0.14405,0
1730,2022-09-26,53,Unemployed,Single,0,West,440,49,0.19,2.68,6.24,2.52,2,0.1894,0
1731,2022-09-27,68,Unemployed,Married,1,East,755,64,0.5,1.88,5.08,3.22,2,0.11285,0
1732,2022-09-28,61,Employed,Married,1,South,801,31,0.47,1.82,3.45,3.82,2,0.09380000000000001,0
1733,2022-09-29,33,Employed,Married,4,East,702,36,1.2,2.44,5.97,2.48,2,0.12495,0
1734,2022-09-30,63,Employed,Divorced,1,South,587,75,0.63,2.24,2.13,2.29,2,0.13649999999999998,0
1735,2022-10-01,65,Unemployed,Married,1,North,654,112,0.92,1.52,5.77,3.09,3,0.14515,0
1736,2022-10-02,45,Employed,Divorced,3,South,642,114,0.61,2.12,3.65,3.68,3,0.13155,1
1737,2022-10-03,62,Self-Employed,Single,3,West,448,81,0.83,2.13,6.13,2.61,2,0.19235,0
1738,2022-10-04,56,Employed,Married,0,South,509,93,0.09,-0.76,6.21,2.49,3,0.2064,1
1739,2022-10-05,47,Employed,Single,1,East,411,12,0.56,1.94,4.15,3.79,1,0.1936,0
1740,2022-10-06,58,Employed,Single,2,West,835,53,1.28,2.9,6.4,2.9,2,0.08925000000000001,0
1741,2022-10-07,27,Employed,Single,1,East,348,2,1.04,1.56,2.37,3.32,1,0.20425,0
1742,2022-10-08,25,Self-Employed,Single,1,North,630,84,1.47,1.26,4.78,3.69,2,0.14880000000000002,0
1743,2022-10-09,63,Unemployed,Single,0,East,664,41,1.18,1.26,6.19,3.26,2,0.14735,0
1744,2022-10-10,65,Self-Employed,Single,2,East,310,77,0.68,2.33,5.93,3.02,2,0.22385,0
1745,2022-10-11,51,Employed,Single,1,East,487,39,1.01,1.01,4.17,2.52,2,0.184,0
1746,2022-10-12,43,Retired,Divorced,2,West,808,73,1.16,2.24,6.32,2.73,2,0.1022,0
1747,2022-10-13,62,Unemployed,Single,3,North,879,65,0.4,2.16,6.38,3.17,2,0.08555,0
1748,2022-10-14,30,Retired,Married,3,North,744,59,0.09,0.67,3.24,3.62,2,0.1185,0
1749,2022-10-15,52,Employed,Single,2,North,389,108,0.61,2.95,4.83,2.76,3,0.1924,0
1750,2022-10-16,63,Employed,Divorced,1,East,747,100,0.22,3.25,5.29,2.7,3,0.1022,0
1751,2022-10-17,50,Employed,Divorced,2,West,331,10,0.42,2.25,5.27,3.24,1,0.2161,0
1752,2022-10-18,59,Unemployed,Married,2,West,626,119,1.42,2.04,6.22,2.62,3,0.1492,0
1753,2022-10-19,51,Employed,Married,3,West,373,0,1.27,1.5,4.38,3.22,1,0.20864999999999997,0
1754,2022-10-20,38,Employed,Single,2,East,550,25,0.89,1.54,7.45,2.57,1,0.17935,0
1755,2022-10-21,56,Employed,Widowed,4,North,749,41,0.6,1.57,4.41,3.13,2,0.11410000000000001,0
1756,2022-10-22,22,Self-Employed,Divorced,4,East,654,61,0.4,2.74,3.3,2.84,2,0.12059999999999998,0
1757,2022-10-23,34,Self-Employed,Divorced,3,West,832,60,0.86,2.57,4.66,3.06,2,0.08460000000000001,0
1758,2022-10-24,33,Employed,Married,1,East,595,76,0.8,0.03,5.38,3.4,2,0.17285,0
1759,2022-10-25,49,Employed,Single,1,South,597,91,1.17,0.52,3.23,2.95,3,0.1567,1
1760,2022-10-26,32,Self-Employed,Divorced,3,North,627,99,1.39,1.17,4.54,3.2,3,0.14925,0
1761,2022-10-27,59,Retired,Single,1,North,601,84,0.49,1.54,3.14,2.65,2,0.14505,0
1762,2022-10-28,22,Unemployed,Married,0,West,811,61,0.31,2.43,6.05,2.73,2,0.09820000000000001,0
1763,2022-10-29,52,Retired,Single,4,East,637,73,0.6,1.46,4.73,2.45,2,0.1448,0
1764,2022-10-30,33,Unemployed,Divorced,0,West,884,11,0.66,2.42,1.42,2.97,1,0.056900000000000006,0
1765,2022-10-31,66,Self-Employed,Single,0,East,673,109,0.06,3.6,6.56,3.15,3,0.12355,1
1766,2022-11-01,47,Employed,Single,0,South,852,26,1.29,1.42,3.24,3.19,1,0.084,0
1767,2022-11-02,69,Self-Employed,Married,3,North,393,66,1.49,1.08,9.0,3.85,2,0.23095,1
1768,2022-11-03,61,Self-Employed,Married,0,North,431,27,1.38,0.87,3.97,3.24,1,0.1984,0
1769,2022-11-04,37,Self-Employed,Married,2,East,352,65,1.29,0.97,4.13,2.78,2,0.21794999999999998,0
1770,2022-11-05,60,Employed,Single,1,North,795,27,1.49,2.55,5.24,4.16,1,0.09695000000000001,0
1771,2022-11-06,51,Employed,Single,3,East,528,114,1.36,2.76,1.38,2.61,3,0.1423,0
1772,2022-11-07,54,Employed,Married,2,West,511,94,1.03,2.63,5.66,3.1,3,0.16925,0
1773,2022-11-08,44,Employed,Widowed,2,South,803,106,0.25,0.95,6.05,3.56,3,0.115,0
1774,2022-11-09,65,Employed,Married,4,East,794,20,0.23,1.62,6.36,3.28,1,0.11209999999999999,0
1775,2022-11-10,55,Unemployed,Married,4,South,532,6,0.07,1.62,5.42,1.96,1,0.1729,0
1776,2022-11-11,68,Employed,Divorced,2,West,370,113,0.62,3.72,5.14,3.34,3,0.19099999999999998,1
1777,2022-11-12,26,Employed,Married,4,West,488,94,1.21,2.3,2.72,2.73,3,0.1636,1
1778,2022-11-13,39,Employed,Married,1,West,307,13,0.74,2.11,5.74,2.62,1,0.22585,1
1779,2022-11-14,50,Self-Employed,Married,1,East,631,38,0.55,2.28,4.94,2.16,2,0.13915,0
1780,2022-11-15,27,Employed,Married,4,South,315,117,0.16,1.57,4.36,3.08,3,0.22235,0
1781,2022-11-16,30,Employed,Married,0,South,392,102,0.08,2.4,3.45,2.77,3,0.19025,0
1782,2022-11-17,61,Self-Employed,Married,2,North,561,118,0.6,1.52,5.72,3.17,3,0.16815,0
1783,2022-11-18,52,Employed,Single,1,East,848,72,0.15,3.43,4.52,2.56,2,0.0713,0
1784,2022-11-19,54,Retired,Single,4,North,460,86,0.16,1.13,2.18,4.79,2,0.17959999999999998,0
1785,2022-11-20,48,Retired,Single,4,North,650,61,0.59,2.19,4.67,2.8,2,0.13395,0
1786,2022-11-21,35,Employed,Married,1,East,473,11,0.75,2.67,3.84,3.58,1,0.16925,0
1787,2022-11-22,50,Employed,Single,1,North,616,92,0.28,1.92,6.31,3.57,3,0.15335,0
1788,2022-11-23,57,Unemployed,Single,0,North,317,37,1.03,2.13,4.75,3.49,2,0.21819999999999998,1
1789,2022-11-24,49,Employed,Married,4,North,785,57,0.63,1.8,4.61,2.57,2,0.1038,0
1790,2022-11-25,42,Employed,Married,4,West,666,55,0.14,1.09,5.46,3.96,2,0.1449,0
1791,2022-11-26,24,Employed,Married,3,East,650,38,0.96,3.73,7.51,3.14,2,0.13275,0
1792,2022-11-27,40,Retired,Married,0,West,827,85,0.54,1.64,5.61,3.2,2,0.09990000000000002,0
1793,2022-11-28,52,Employed,Divorced,1,North,734,3,0.08,0.69,3.82,2.96,1,0.1237,0
1794,2022-11-29,56,Self-Employed,Divorced,1,North,569,47,1.42,1.28,2.66,3.0,2,0.15325,0
1795,2022-11-30,24,Unemployed,Married,2,West,367,6,0.86,3.33,7.0,3.02,1,0.20494999999999997,1
1796,2022-12-01,47,Employed,Married,1,North,329,59,0.72,4.28,1.32,2.23,2,0.17654999999999998,0
1797,2022-12-02,37,Employed,Single,4,East,615,39,1.29,2.37,4.97,3.13,2,0.1424,0
1798,2022-12-03,32,Retired,Widowed,1,South,463,7,1.41,2.79,8.52,3.4,1,0.19395,0
1799,2022-12-04,42,Employed,Single,4,West,619,115,0.33,3.85,2.33,2.71,3,0.1134,0
1800,2022-12-05,37,Self-Employed,Single,4,South,313,57,1.22,1.04,3.32,2.95,2,0.22294999999999998,0
1801,2022-12-06,30,Employed,Married,0,South,578,56,1.25,2.39,5.3,2.15,2,0.1531,0
1802,2022-12-07,21,Employed,Single,1,South,731,34,0.08,3.83,3.79,3.55,2,0.0929,0
1803,2022-12-08,42,Employed,Widowed,0,West,562,72,1.07,2.84,4.83,3.78,2,0.15025000000000002,0
1804,2022-12-09,46,Employed,Married,4,North,821,114,0.09,1.73,5.64,3.11,3,0.10064999999999999,0
1805,2022-12-10,38,Employed,Married,1,East,471,12,0.89,2.36,5.85,3.18,1,0.1829,0
1806,2022-12-11,34,Unemployed,Married,1,North,657,38,1.0,3.86,6.66,3.15,2,0.12545,0
1807,2022-12-12,67,Employed,Married,0,East,312,83,0.55,2.15,2.63,3.37,2,0.20865,1
1808,2022-12-13,49,Employed,Single,0,North,531,20,1.32,1.08,6.9,3.13,1,0.18595,0
1809,2022-12-14,32,Employed,Married,4,South,775,46,1.2,2.61,7.02,3.51,2,0.11025,0
1810,2022-12-15,56,Unemployed,Married,4,South,770,82,1.39,1.1,6.27,3.34,2,0.12285000000000001,0
1811,2022-12-16,55,Employed,Married,1,East,459,1,0.47,1.27,3.3,3.38,1,0.18405000000000002,0
1812,2022-12-17,32,Self-Employed,Married,1,West,859,43,0.03,1.53,3.23,3.19,2,0.0811,0
1813,2022-12-18,27,Employed,Single,3,North,560,103,1.22,1.98,5.44,3.36,3,0.1624,1
1814,2022-12-19,49,Employed,Single,3,South,872,29,0.33,1.15,5.97,2.62,1,0.09535,0
1815,2022-12-20,31,Employed,Single,2,East,658,86,0.7,2.41,6.76,2.04,2,0.1402,0
1816,2022-12-21,53,Unemployed,Single,4,North,554,54,1.23,1.65,4.28,2.96,2,0.1614,0
1817,2022-12-22,26,Employed,Married,2,East,814,39,0.32,2.82,5.94,3.93,2,0.09300000000000003,0
1818,2022-12-23,67,Employed,Married,2,West,579,76,0.47,2.04,5.86,3.33,2,0.15915,0
1819,2022-12-24,35,Employed,Single,0,West,416,96,0.66,1.85,4.02,3.37,3,0.1926,1
1820,2022-12-25,52,Unemployed,Married,0,North,461,95,0.41,1.89,4.34,2.5,3,0.18255000000000002,1
1821,2022-12-26,31,Employed,Married,3,West,597,91,0.69,3.46,2.61,3.22,3,0.1242,0
1822,2022-12-27,43,Employed,Single,2,North,596,23,0.01,2.88,3.4,2.45,1,0.1342,0
1823,2022-12-28,46,Employed,Single,3,North,893,41,0.32,0.57,4.06,2.99,2,0.08635000000000001,0
1824,2022-12-29,54,Employed,Widowed,4,West,657,27,1.25,1.5,5.78,2.87,1,0.14465,0
1825,2022-12-30,66,Self-Employed,Married,1,East,817,93,0.62,2.1,8.39,3.23,3,0.1117,0
1826,2022-12-31,54,Self-Employed,Widowed,0,East,677,116,0.95,-0.18,5.73,3.02,3,0.1562,0
1827,2023-01-01,49,Employed,Single,4,North,725,119,0.35,2.43,3.13,3.45,3,0.1051,0
1828,2023-01-02,24,Employed,Married,4,South,836,104,0.97,1.15,4.28,3.51,3,0.09590000000000001,0
1829,2023-01-03,37,Employed,Single,0,North,852,92,1.5,1.27,6.58,3.61,3,0.1022,0
1830,2023-01-04,55,Employed,Single,0,East,468,97,0.89,1.3,3.8,4.51,3,0.184,1
1831,2023-01-05,33,Employed,Married,2,North,814,50,0.94,3.26,7.25,2.62,2,0.09515000000000001,0
1832,2023-01-06,61,Unemployed,Single,3,East,663,21,0.17,2.61,6.03,2.8,1,0.1333,0
1833,2023-01-07,59,Retired,Single,4,West,729,88,0.61,1.55,4.62,2.81,2,0.12035,0
1834,2023-01-08,35,Retired,Single,2,North,868,77,1.29,1.44,2.13,2.03,2,0.07425,0
1835,2023-01-09,49,Unemployed,Single,2,North,382,73,1.25,2.16,6.51,3.14,2,0.21044999999999997,0
1836,2023-01-10,49,Self-Employed,Married,4,West,629,73,0.78,3.6,5.97,2.95,2,0.1316,0
1837,2023-01-11,31,Unemployed,Married,4,West,432,7,1.36,1.74,5.71,3.58,1,0.19815,0
1838,2023-01-12,52,Employed,Single,1,South,897,13,0.21,0.14,9.01,3.46,1,0.11440000000000002,0
1839,2023-01-13,22,Self-Employed,Single,3,West,756,44,0.99,2.17,3.6,3.22,2,0.1023,1
1840,2023-01-14,67,Employed,Single,4,South,652,37,0.37,2.27,7.28,3.14,2,0.1457,0
1841,2023-01-15,34,Employed,Married,0,West,643,31,0.97,2.37,4.72,2.72,2,0.13415,0
1842,2023-01-16,40,Unemployed,Single,1,East,393,116,0.13,1.96,5.38,3.1,3,0.20404999999999998,0
1843,2023-01-17,42,Employed,Married,3,North,681,61,1.42,2.14,5.47,3.19,2,0.13069999999999998,0
1844,2023-01-18,31,Employed,Single,0,West,594,108,1.18,1.02,6.25,2.99,3,0.16755,0
1845,2023-01-19,47,Retired,Single,0,East,497,95,0.3,3.09,3.93,2.99,3,0.1595,1
1846,2023-01-20,23,Employed,Divorced,3,West,378,66,0.96,1.48,8.59,3.07,2,0.22865,0
1847,2023-01-21,37,Employed,Married,1,North,850,83,1.14,1.74,3.34,3.11,2,0.08180000000000001,0
1848,2023-01-22,64,Retired,Single,0,West,513,60,0.31,2.39,4.46,3.45,2,0.16515000000000002,0
1849,2023-01-23,48,Self-Employed,Married,2,West,458,12,0.14,2.21,7.77,1.69,1,0.19725,0
1850,2023-01-24,49,Employed,Married,3,North,856,118,0.53,3.58,6.77,3.14,3,0.07905000000000001,0
1851,2023-01-25,41,Employed,Married,3,West,500,86,0.2,3.31,4.46,3.13,2,0.1592,1
1852,2023-01-26,67,Employed,Married,4,North,321,82,0.85,1.51,6.02,3.42,2,0.22974999999999995,0
1853,2023-01-27,36,Unemployed,Married,1,South,638,79,0.64,3.98,3.38,2.95,2,0.11259999999999999,0
1854,2023-01-28,57,Self-Employed,Widowed,2,West,541,99,0.69,2.95,3.78,1.95,3,0.14915,0
1855,2023-01-29,40,Employed,Single,2,East,537,98,0.81,2.13,4.45,2.09,3,0.1617,0
1856,2023-01-30,26,Employed,Married,4,West,448,46,1.47,1.34,7.14,1.96,2,0.20529999999999998,0
1857,2023-01-31,39,Employed,Married,0,North,878,110,1.19,1.94,1.84,3.51,3,0.0653,0
1858,2023-02-01,25,Retired,Single,0,North,306,113,0.94,0.08,6.32,2.28,3,0.2493,0
1859,2023-02-02,23,Employed,Single,2,East,532,53,0.55,2.54,4.41,3.66,2,0.15864999999999999,0
1860,2023-02-03,21,Self-Employed,Single,1,East,878,70,0.04,0.68,5.93,2.81,2,0.09834999999999999,0
1861,2023-02-04,58,Employed,Married,0,North,376,51,0.17,2.49,5.88,2.89,2,0.20549999999999996,0
1862,2023-02-05,35,Self-Employed,Married,3,South,788,100,1.1,1.52,4.96,3.87,3,0.1076,0
1863,2023-02-06,54,Retired,Married,4,South,386,71,0.55,2.13,3.87,3.14,2,0.19655,0
1864,2023-02-07,55,Self-Employed,Single,1,North,521,24,0.5,1.38,4.0,2.32,1,0.17095000000000002,0
1865,2023-02-08,69,Employed,Married,0,South,712,22,1.33,1.28,4.53,3.06,1,0.12685000000000002,0
1866,2023-02-09,45,Self-Employed,Divorced,2,East,883,73,0.73,2.73,2.56,3.48,2,0.05975,0
1867,2023-02-10,44,Unemployed,Single,4,South,501,29,1.35,1.37,5.13,2.73,1,0.1817,0
1868,2023-02-11,32,Employed,Married,0,East,870,96,1.33,1.1,3.94,3.91,3,0.0862,0
1869,2023-02-12,38,Unemployed,Married,2,West,575,10,0.12,0.95,4.31,2.38,1,0.1633,0
1870,2023-02-13,35,Self-Employed,Married,0,East,520,34,1.42,2.85,4.69,1.95,2,0.15994999999999998,1
1871,2023-02-14,64,Unemployed,Married,4,West,456,26,0.12,0.88,6.13,3.87,1,0.20285000000000003,0
1872,2023-02-15,36,Self-Employed,Divorced,3,East,480,116,1.45,2.01,6.86,2.58,3,0.18920000000000003,0
1873,2023-02-16,47,Employed,Single,3,East,428,66,0.68,4.21,7.06,2.51,2,0.18119999999999997,0
1874,2023-02-17,28,Employed,Divorced,2,South,542,46,1.14,1.31,5.62,2.75,2,0.1745,0
1875,2023-02-18,66,Employed,Single,3,East,471,112,1.06,1.22,4.42,2.51,3,0.18715,1
1876,2023-02-19,45,Retired,Single,4,North,802,49,0.78,3.09,3.04,3.45,2,0.0788,0
1877,2023-02-20,37,Unemployed,Single,2,West,779,7,0.93,0.81,8.66,2.77,1,0.13545000000000001,0
1878,2023-02-21,49,Self-Employed,Married,0,West,569,54,1.42,3.09,7.67,2.41,2,0.1602,0
1879,2023-02-22,28,Employed,Married,1,East,720,76,1.39,1.62,6.34,2.86,2,0.1305,0
1880,2023-02-23,35,Employed,Single,0,North,462,41,0.98,2.9,5.99,2.55,2,0.18045,0
1881,2023-02-24,47,Unemployed,Single,4,East,323,66,0.99,2.44,4.47,2.98,2,0.21219999999999997,0
1882,2023-02-25,66,Employed,Divorced,2,East,796,19,0.37,2.57,5.2,2.52,1,0.0963,0
1883,2023-02-26,27,Employed,Married,0,South,492,109,1.24,1.56,6.38,2.9,3,0.18830000000000002,0
1884,2023-02-27,23,Self-Employed,Married,2,East,689,44,0.95,1.61,2.16,2.91,2,0.11745,0
1885,2023-02-28,49,Employed,Married,3,East,796,34,1.24,1.48,4.08,3.93,2,0.10160000000000001,0
1886,2023-03-01,64,Employed,Married,1,South,428,76,0.99,3.33,5.02,3.59,2,0.1798,0
1887,2023-03-02,44,Employed,Single,4,South,852,19,0.45,2.01,2.12,3.09,1,0.07250000000000001,0
1888,2023-03-03,23,Employed,Divorced,0,North,842,23,0.28,3.95,2.77,2.85,1,0.05885,0
1889,2023-03-04,40,Retired,Single,1,South,335,56,0.12,2.23,4.01,2.84,2,0.209,0
1890,2023-03-05,66,Employed,Married,4,West,756,54,0.88,1.82,5.13,3.06,2,0.11345,0
1891,2023-03-06,35,Employed,Single,4,West,660,8,0.43,1.78,7.27,2.58,1,0.14855000000000002,1
1892,2023-03-07,45,Employed,Married,3,North,514,93,0.95,1.3,4.33,2.81,3,0.17515,1
1893,2023-03-08,50,Unemployed,Married,2,East,586,88,0.09,2.22,7.82,2.87,2,0.1654,0
1894,2023-03-09,34,Employed,Married,2,North,668,15,0.56,1.91,3.91,2.99,1,0.12845,0
1895,2023-03-10,27,Self-Employed,Single,1,South,768,118,0.39,1.39,4.81,3.08,3,0.11315,0
1896,2023-03-11,37,Employed,Married,3,East,485,54,0.56,1.94,2.78,3.36,2,0.16825,0
1897,2023-03-12,64,Employed,Single,4,North,773,71,0.08,1.5,4.35,3.46,2,0.1085,0
1898,2023-03-13,40,Employed,Single,3,North,360,107,1.09,2.29,2.15,3.27,3,0.19285,0
1899,2023-03-14,56,Unemployed,Single,3,West,561,57,0.18,2.72,10.08,3.87,2,0.17795,0
1900,2023-03-15,29,Unemployed,Married,1,North,410,63,0.02,1.37,3.43,3.33,2,0.19594999999999999,0
1901,2023-03-16,58,Employed,Married,2,East,440,91,1.42,1.54,5.54,2.97,3,0.1973,0
1902,2023-03-17,68,Employed,Married,3,North,834,75,0.29,1.1,4.28,2.96,2,0.09690000000000001,0
1903,2023-03-18,42,Retired,Married,3,North,378,114,1.24,3.13,4.65,3.46,3,0.19245,0
1904,2023-03-19,22,Employed,Married,3,South,793,87,1.45,0.23,4.89,2.88,2,0.1189,0
1905,2023-03-20,44,Unemployed,Married,0,North,330,48,0.8,1.34,6.42,3.2,2,0.2312,0
1906,2023-03-21,28,Employed,Single,3,East,815,28,0.79,2.71,5.76,3.25,1,0.09294999999999999,0
1907,2023-03-22,31,Retired,Single,3,West,808,78,0.55,1.37,5.36,1.76,2,0.1061,0
1908,2023-03-23,33,Unemployed,Married,4,West,365,117,0.64,1.33,5.87,2.25,3,0.2198,0
1909,2023-03-24,37,Retired,Married,0,West,809,81,0.72,2.67,5.56,3.44,2,0.09384999999999999,0
1910,2023-03-25,28,Self-Employed,Married,3,West,670,6,0.23,-0.27,3.09,3.22,1,0.14565,0
1911,2023-03-26,41,Employed,Divorced,3,South,586,76,0.55,2.03,4.63,1.62,2,0.15135,0
1912,2023-03-27,38,Retired,Single,1,East,475,82,1.22,1.45,6.03,1.64,2,0.19190000000000002,0
1913,2023-03-28,50,Employed,Single,1,South,422,111,0.27,1.47,4.11,3.73,3,0.19535,0
1914,2023-03-29,38,Employed,Married,0,West,530,106,1.09,3.07,5.54,3.32,3,0.1595,0
1915,2023-03-30,66,Unemployed,Single,4,South,854,68,0.98,1.98,6.65,3.69,2,0.09495,0
1916,2023-03-31,67,Unemployed,Single,0,North,303,89,0.09,0.85,3.96,2.52,2,0.23054999999999998,0
1917,2023-04-01,51,Retired,Divorced,0,East,711,1,0.03,0.52,6.53,2.69,1,0.1447,1
1918,2023-04-02,58,Employed,Single,1,North,549,32,0.53,1.94,4.84,3.91,2,0.16255,0
1919,2023-04-03,52,Unemployed,Divorced,1,South,786,47,1.04,0.62,5.11,3.21,2,0.11785000000000001,0
1920,2023-04-04,31,Unemployed,Married,4,North,644,36,0.5,3.21,6.27,3.04,2,0.13325,1
1921,2023-04-05,65,Employed,Married,3,South,632,88,1.0,0.9,5.89,2.92,2,0.15744999999999998,0
1922,2023-04-06,45,Employed,Single,4,South,752,88,1.0,1.99,0.92,2.14,2,0.0917,0
1923,2023-04-07,53,Employed,Single,3,East,457,102,1.21,0.05,2.25,3.57,3,0.19149999999999998,0
1924,2023-04-08,58,Employed,Married,2,East,876,29,0.15,0.1,5.8,2.01,1,0.10400000000000001,0
1925,2023-04-09,61,Retired,Single,1,East,569,40,0.87,1.79,4.79,3.33,2,0.1588,1
1926,2023-04-10,28,Self-Employed,Single,2,West,886,3,0.09,5.2,2.6,3.04,1,0.0345,0
1927,2023-04-11,31,Unemployed,Single,2,East,717,82,0.26,1.44,4.01,3.15,2,0.12140000000000001,0
1928,2023-04-12,42,Retired,Single,1,North,739,90,0.49,2.69,2.46,2.71,3,0.09565,0
1929,2023-04-13,44,Employed,Single,2,East,328,115,1.06,1.51,4.84,3.73,3,0.22209999999999996,0
1930,2023-04-14,61,Unemployed,Married,0,East,634,110,1.46,3.02,6.89,2.71,3,0.14075000000000001,0
1931,2023-04-15,37,Employed,Single,3,East,537,38,0.51,1.91,3.93,2.99,2,0.1613,0
1932,2023-04-16,32,Unemployed,Single,4,South,452,23,0.78,0.75,5.37,3.01,1,0.20135000000000003,0
1933,2023-04-17,66,Employed,Married,1,South,414,49,0.39,1.75,4.84,2.83,2,0.1982,1
1934,2023-04-18,52,Retired,Widowed,0,East,698,36,1.01,0.22,7.4,3.2,2,0.1553,0
1935,2023-04-19,35,Employed,Single,4,South,331,52,0.55,1.11,6.9,3.36,2,0.23564999999999997,1
1936,2023-04-20,36,Employed,Single,4,South,831,24,0.72,2.38,2.62,2.95,1,0.07655,0
1937,2023-04-21,42,Unemployed,Married,4,West,352,92,0.85,1.35,4.71,3.31,3,0.21704999999999997,0
1938,2023-04-22,48,Employed,Divorced,2,North,494,30,1.03,1.56,3.67,3.32,2,0.17425,0
1939,2023-04-23,40,Self-Employed,Married,2,South,604,108,0.09,2.94,4.1,3.2,3,0.1351,0
1940,2023-04-24,53,Employed,Married,2,North,644,98,0.83,1.5,6.18,3.75,3,0.1499,0
1941,2023-04-25,30,Unemployed,Single,2,South,381,91,0.65,2.51,5.29,3.81,3,0.2011,1
1942,2023-04-26,60,Employed,Married,0,East,300,37,0.2,1.4,6.16,2.8,2,0.23679999999999998,0
1943,2023-04-27,52,Employed,Single,2,South,466,57,0.31,2.92,1.56,2.85,2,0.15710000000000002,0
1944,2023-04-28,53,Employed,Married,1,South,616,107,1.33,3.31,6.4,3.35,3,0.1399,1
1945,2023-04-29,22,Employed,Married,4,North,482,52,1.31,0.03,5.64,2.97,2,0.2024,0
1946,2023-04-30,53,Employed,Widowed,0,East,572,113,0.05,1.02,7.41,3.16,3,0.17885,0
1947,2023-05-01,53,Employed,Single,2,West,672,49,1.03,1.76,4.08,2.41,2,0.1298,0
1948,2023-05-02,61,Employed,Single,4,North,661,3,0.83,1.32,6.61,2.86,1,0.1496,0
1949,2023-05-03,33,Employed,Married,0,East,500,91,1.41,2.86,5.44,3.04,3,0.1686,0
1950,2023-05-04,50,Self-Employed,Married,4,East,491,51,1.36,2.22,5.2,2.54,2,0.17605,0
1951,2023-05-05,53,Unemployed,Married,0,North,640,30,0.87,1.05,4.27,2.17,2,0.14585,0
1952,2023-05-06,33,Employed,Single,3,South,598,86,0.21,3.42,4.86,3.64,2,0.1356,0
1953,2023-05-07,46,Self-Employed,Single,0,East,805,77,0.69,3.4,3.53,2.23,2,0.0774,0
1954,2023-05-08,42,Self-Employed,Married,2,West,887,91,1.09,0.67,4.4,3.78,3,0.08855000000000002,0
1955,2023-05-09,59,Employed,Single,4,South,439,13,1.43,1.39,4.11,3.56,1,0.1919,0
1956,2023-05-10,22,Unemployed,Divorced,4,North,605,0,0.55,2.83,4.57,3.15,1,0.1383,0
1957,2023-05-11,58,Employed,Married,4,North,495,42,1.18,2.93,4.73,3.23,2,0.16560000000000002,0
1958,2023-05-12,59,Employed,Married,1,North,360,95,1.03,3.4,4.77,3.37,3,0.19485,0
1959,2023-05-13,46,Employed,Married,1,North,659,117,0.12,4.47,4.99,2.79,3,0.11050000000000001,1
1960,2023-05-14,66,Self-Employed,Married,2,West,606,58,0.84,2.42,4.97,2.81,2,0.14415,1
1961,2023-05-15,35,Self-Employed,Single,3,West,779,60,0.28,3.28,5.16,2.9,2,0.09325000000000001,0
1962,2023-05-16,54,Employed,Married,1,East,632,40,1.03,4.67,4.95,3.17,2,0.11505,0
1963,2023-05-17,62,Employed,Single,0,West,382,17,0.92,1.99,4.59,2.67,1,0.20254999999999995,0
1964,2023-05-18,64,Retired,Married,2,North,633,59,1.46,1.22,5.65,2.75,2,0.15280000000000002,0
1965,2023-05-19,69,Employed,Single,3,West,816,68,1.4,2.25,6.82,4.0,2,0.10260000000000002,0
1966,2023-05-20,60,Employed,Married,0,South,773,105,0.01,3.59,4.5,3.16,3,0.08835000000000001,0
1967,2023-05-21,31,Retired,Single,4,South,693,78,0.12,3.81,4.2,2.42,2,0.10464999999999999,0
1968,2023-05-22,23,Unemployed,Single,1,East,899,58,1.15,2.15,5.56,3.43,2,0.07654999999999999,0
1969,2023-05-23,26,Self-Employed,Widowed,0,North,876,41,1.03,1.83,5.16,2.86,2,0.08349999999999999,0
1970,2023-05-24,29,Unemployed,Single,3,West,679,79,1.2,0.73,3.55,2.7,2,0.1357,1
1971,2023-05-25,26,Unemployed,Married,2,East,320,99,0.4,2.08,3.87,4.22,3,0.21355,0
1972,2023-05-26,29,Employed,Widowed,0,East,476,35,1.27,0.82,4.11,3.04,2,0.18835000000000002,0
1973,2023-05-27,59,Employed,Single,2,West,662,39,0.66,1.03,3.44,2.6,2,0.1364,0
1974,2023-05-28,51,Employed,Married,4,East,321,29,0.39,2.24,5.66,2.71,1,0.22064999999999999,0
1975,2023-05-29,52,Retired,Single,3,North,847,101,0.02,0.72,6.15,3.07,3,0.1068,0
1976,2023-05-30,61,Self-Employed,Single,3,West,549,86,1.31,2.36,3.78,3.07,2,0.15305000000000002,0
1977,2023-05-31,32,Employed,Married,1,South,372,10,0.8,2.95,2.96,3.23,1,0.1873,0
1978,2023-06-01,28,Unemployed,Divorced,3,South,390,24,1.46,0.95,5.26,2.15,1,0.2143,0
1979,2023-06-02,28,Employed,Single,0,West,475,44,1.07,1.41,5.05,2.44,2,0.1874,0
1980,2023-06-03,48,Employed,Married,0,East,425,50,0.12,0.55,8.45,2.91,2,0.22549999999999998,1
1981,2023-06-04,40,Employed,Married,0,East,503,42,0.88,2.59,6.0,2.73,2,0.17335,1
1982,2023-06-05,67,Employed,Divorced,4,South,545,65,0.03,0.51,3.31,2.46,2,0.17020000000000002,0
1983,2023-06-06,27,Unemployed,Single,3,South,570,98,0.84,2.7,3.57,3.18,3,0.14335,0
1984,2023-06-07,31,Employed,Married,3,North,343,46,0.53,2.29,5.47,3.23,2,0.21369999999999997,0
1985,2023-06-08,40,Unemployed,Married,0,East,847,23,0.96,4.16,4.92,3.86,1,0.06625,0
1986,2023-06-09,36,Self-Employed,Married,1,North,467,76,0.81,3.67,4.83,3.35,2,0.16570000000000001,0
1987,2023-06-10,24,Employed,Divorced,1,South,734,105,0.39,0.81,5.1,3.24,3,0.12890000000000001,0
1988,2023-06-11,26,Retired,Married,3,South,329,36,0.24,3.83,6.16,2.91,2,0.20525,0
1989,2023-06-12,42,Employed,Single,3,South,896,55,0.61,1.47,7.78,4.36,2,0.0952,0
1990,2023-06-13,46,Employed,Married,2,South,656,93,1.48,1.19,6.99,2.83,3,0.15405000000000002,0
1991,2023-06-14,23,Employed,Single,3,North,790,74,0.65,1.49,3.48,2.83,2,0.09999999999999999,0
1992,2023-06-15,61,Unemployed,Single,0,South,547,86,1.12,1.71,4.2,3.48,2,0.16215000000000002,0
1993,2023-06-16,62,Employed,Married,4,West,552,45,0.09,4.16,1.47,2.2,2,0.12275,1
1994,2023-06-17,34,Employed,Single,3,East,681,27,0.57,-0.82,5.32,2.96,1,0.15955,0
1995,2023-06-18,31,Employed,Married,3,South,835,92,0.87,3.85,4.21,3.05,3,0.0688,0
1996,2023-06-19,38,Employed,Widowed,0,East,718,51,1.13,2.83,4.97,2.8,2,0.11205000000000001,0
1997,2023-06-20,32,Unemployed,Single,2,South,422,14,0.79,2.17,3.77,3.52,1,0.18664999999999998,0
1998,2023-06-21,43,Employed,Divorced,3,North,593,44,0.77,1.4,3.75,3.25,2,0.1515,0
1999,2023-06-22,32,Employed,Married,1,East,442,57,1.15,1.91,2.69,3.15,2,0.17884999999999998,1
2000,2023-06-23,33,Employed,Married,1,North,810,66,0.47,2.85,4.52,3.03,2,0.0866,0
2001,2023-06-24,45,Employed,Married,1,South,356,72,0.14,2.96,5.85,2.82,2,0.20564999999999997,1
2002,2023-06-25,65,Retired,Single,4,West,341,71,0.52,1.17,3.99,1.96,2,0.21799999999999997,0
2003,2023-06-26,39,Employed,Married,4,West,420,110,0.24,2.77,5.98,3.27,3,0.19219999999999998,0
2004,2023-06-27,66,Retired,Married,3,West,642,118,1.45,1.41,3.96,3.48,3,0.1402,1
2005,2023-06-28,56,Employed,Single,3,West,631,96,0.87,1.82,5.0,3.0,3,0.14405,0
2006,2023-06-29,65,Employed,Divorced,3,West,755,97,0.67,3.31,7.03,2.25,3,0.1083,0
2007,2023-06-30,28,Unemployed,Married,4,North,736,72,1.37,2.79,4.27,2.75,2,0.10444999999999999,1
2008,2023-07-01,49,Employed,Single,3,West,640,116,1.35,0.38,5.34,2.76,3,0.1579,0
2009,2023-07-02,52,Unemployed,Single,0,South,640,80,0.62,2.13,5.39,2.77,2,0.14065,0
2010,2023-07-03,64,Retired,Married,2,North,715,40,1.31,2.42,5.41,3.25,2,0.11910000000000001,0
2011,2023-07-04,38,Employed,Single,1,North,481,64,0.1,2.15,5.8,2.35,2,0.18225,0
2012,2023-07-05,26,Employed,Married,1,West,563,39,1.33,-0.52,5.37,2.9,2,0.18630000000000002,0
2013,2023-07-06,38,Unemployed,Single,0,East,509,4,0.47,0.65,3.46,2.92,1,0.17855,1
2014,2023-07-07,39,Employed,Married,3,South,822,93,0.85,0.23,4.38,3.76,3,0.1091,0
2015,2023-07-08,42,Employed,Single,4,North,481,74,0.4,1.37,5.86,3.2,2,0.19035000000000002,1
2016,2023-07-09,57,Employed,Single,3,South,743,27,1.48,2.14,6.06,2.78,1,0.11815,1
2017,2023-07-10,52,Employed,Married,3,East,550,37,0.11,1.48,3.89,3.69,2,0.16215000000000002,0
2018,2023-07-11,61,Unemployed,Married,1,North,437,80,0.67,1.38,6.46,2.4,2,0.20425,0
2019,2023-07-12,23,Employed,Widowed,1,South,517,113,0.93,0.26,4.28,2.66,3,0.18455,0
2020,2023-07-13,48,Employed,Divorced,4,West,753,86,0.92,0.75,5.5,2.09,2,0.12674999999999997,0
2021,2023-07-14,30,Self-Employed,Single,1,North,386,17,1.11,1.04,5.29,3.79,1,0.21455000000000002,0
2022,2023-07-15,55,Employed,Single,3,North,592,36,1.09,2.88,3.63,3.11,2,0.13635,0
2023,2023-07-16,49,Employed,Married,0,North,391,26,1.19,2.43,4.59,2.89,1,0.1959,0
2024,2023-07-17,35,Unemployed,Divorced,4,North,507,24,0.35,2.78,1.93,3.62,1,0.1501,0
2025,2023-07-18,53,Employed,Married,0,West,503,68,0.56,2.46,4.41,2.71,2,0.16670000000000001,0
2026,2023-07-19,27,Unemployed,Single,3,East,485,82,0.57,2.82,6.85,2.78,2,0.17980000000000002,0
2027,2023-07-20,32,Unemployed,Widowed,4,East,384,26,1.43,0.63,2.14,3.55,1,0.2034,0
2028,2023-07-21,69,Employed,Single,0,South,455,76,0.61,3.34,3.7,2.71,2,0.16635,0
2029,2023-07-22,50,Employed,Married,4,West,592,53,0.33,3.05,4.31,2.76,2,0.13805,0
2030,2023-07-23,41,Employed,Divorced,3,West,832,6,0.95,1.63,1.8,3.03,1,0.07970000000000001,0
2031,2023-07-24,51,Employed,Single,4,South,460,89,0.64,2.97,1.99,3.17,2,0.16024999999999998,0
2032,2023-07-25,44,Unemployed,Divorced,3,West,685,77,0.38,3.22,8.09,3.37,2,0.132,0
2033,2023-07-26,40,Unemployed,Single,4,West,784,26,1.07,1.95,5.88,2.89,1,0.1089,0
2034,2023-07-27,57,Employed,Widowed,4,North,802,58,0.29,2.54,6.5,2.16,2,0.1016,0
2035,2023-07-28,24,Self-Employed,Single,1,North,455,71,0.95,1.48,5.53,3.18,2,0.1941,0
2036,2023-07-29,48,Retired,Widowed,3,North,442,30,0.65,3.32,5.87,3.1,2,0.18064999999999998,0
2037,2023-07-30,64,Retired,Single,2,West,583,98,0.48,1.55,4.52,3.09,3,0.15635,0
2038,2023-07-31,40,Employed,Married,4,West,861,90,1.42,2.31,6.56,2.62,3,0.08945,0
2039,2023-08-01,44,Employed,Married,0,East,334,67,0.49,1.96,7.15,2.06,2,0.22764999999999996,0
2040,2023-08-02,69,Employed,Married,1,North,523,105,0.52,1.42,3.99,2.98,3,0.16999999999999998,1
2041,2023-08-03,52,Retired,Single,1,South,692,3,1.31,0.3,4.63,2.53,1,0.14215,0
2042,2023-08-04,61,Employed,Married,4,West,707,17,0.19,2.89,4.13,3.28,1,0.10999999999999999,1
2043,2023-08-05,56,Self-Employed,Single,2,North,687,62,0.16,1.96,4.87,3.37,2,0.128,0
2044,2023-08-06,54,Employed,Married,1,East,596,86,0.42,3.83,6.11,2.23,2,0.13825,0
2045,2023-08-07,56,Employed,Single,3,North,622,95,0.89,3.22,4.73,2.65,3,0.13095,0
2046,2023-08-08,22,Employed,Widowed,4,East,787,75,0.58,3.2,2.38,3.85,2,0.07815,0
2047,2023-08-09,35,Retired,Single,4,East,869,51,0.91,2.73,6.45,2.78,2,0.0827,0
2048,2023-08-10,54,Employed,Single,2,West,338,83,0.24,2.75,3.85,3.1,2,0.20224999999999999,0
2049,2023-08-11,56,Self-Employed,Single,3,East,804,110,0.39,2.16,5.61,3.44,3,0.10045,0
2050,2023-08-12,26,Employed,Married,3,East,802,62,0.85,2.82,5.76,3.11,2,0.0951,0
2051,2023-08-13,59,Employed,Single,2,South,836,44,0.33,1.55,4.36,3.54,2,0.0923,0
2052,2023-08-14,62,Employed,Married,0,East,615,11,0.63,-0.44,3.63,3.47,1,0.1638,0
2053,2023-08-15,32,Employed,Divorced,3,South,795,7,0.86,2.71,4.28,3.67,1,0.09055,0
2054,2023-08-16,23,Employed,Married,0,South,416,117,1.46,2.73,7.39,3.09,3,0.20065,0
2055,2023-08-17,65,Employed,Married,0,North,641,21,0.12,0.68,3.58,2.8,1,0.14584999999999998,0
2056,2023-08-18,38,Employed,Single,4,North,539,90,0.69,2.51,3.35,2.34,3,0.1519,1
2057,2023-08-19,60,Employed,Married,4,West,744,40,0.59,2.5,5.29,3.21,2,0.11044999999999999,0
2058,2023-08-20,41,Retired,Single,1,West,786,115,1.24,3.08,4.68,3.62,3,0.0911,0
2059,2023-08-21,35,Retired,Married,4,West,710,40,1.35,1.89,4.39,2.63,2,0.12054999999999999,0
2060,2023-08-22,53,Employed,Single,3,East,597,80,1.36,0.48,3.65,2.69,2,0.1592,0
2061,2023-08-23,55,Self-Employed,Married,3,North,351,56,0.56,1.52,4.97,2.82,2,0.2169,1
2062,2023-08-24,46,Retired,Single,0,East,603,31,0.46,1.51,4.76,2.55,2,0.15295,0
2063,2023-08-25,28,Employed,Divorced,3,North,587,96,0.67,1.88,7.01,3.07,3,0.16449999999999998,0
2064,2023-08-26,56,Unemployed,Single,4,East,417,94,0.52,2.12,3.67,2.75,3,0.18789999999999998,0
2065,2023-08-27,68,Retired,Married,4,West,723,54,1.08,1.76,4.27,2.4,2,0.118,0
2066,2023-08-28,50,Employed,Single,4,North,508,5,0.32,2.4,6.93,2.59,1,0.17865,0
2067,2023-08-29,43,Employed,Married,2,North,426,38,0.99,0.9,4.22,3.72,2,0.2006,0
2068,2023-08-30,62,Retired,Divorced,3,South,592,8,1.39,2.36,3.92,3.06,1,0.14300000000000002,1
2069,2023-08-31,64,Employed,Married,1,North,818,105,0.42,1.24,5.67,3.72,3,0.10644999999999999,0
2070,2023-09-01,34,Employed,Married,3,North,521,31,1.02,1.8,5.24,2.73,2,0.17295000000000002,0
2071,2023-09-02,34,Employed,Divorced,3,East,376,35,0.22,0.17,4.54,2.28,2,0.22199999999999998,0
2072,2023-09-03,22,Employed,Married,2,West,637,15,0.18,2.94,5.11,2.86,1,0.13190000000000002,0
2073,2023-09-04,57,Self-Employed,Married,3,South,574,11,0.17,1.69,5.71,3.82,1,0.16315000000000002,0
2074,2023-09-05,25,Unemployed,Married,0,East,416,40,0.21,2.34,5.24,1.84,2,0.1938,0
2075,2023-09-06,58,Retired,Married,4,North,591,66,0.32,1.18,5.87,2.13,2,0.1648,0
2076,2023-09-07,65,Employed,Single,4,East,570,57,0.84,1.44,4.72,2.85,2,0.1617,0
2077,2023-09-08,61,Employed,Married,2,West,746,90,1.15,1.03,3.46,3.53,3,0.1155,0
2078,2023-09-09,67,Employed,Married,4,South,456,90,0.19,2.16,5.85,2.48,3,0.18865,0
2079,2023-09-10,34,Employed,Single,0,East,871,8,1.31,2.58,4.59,3.09,1,0.0744,0
2080,2023-09-11,59,Employed,Married,2,North,483,16,1.26,1.0,4.55,2.97,1,0.187,0
2081,2023-09-12,45,Retired,Single,1,East,723,109,1.09,2.14,6.12,3.6,3,0.12345,1
2082,2023-09-13,40,Unemployed,Single,4,North,315,4,0.64,1.76,7.49,4.16,1,0.23609999999999998,1
2083,2023-09-14,22,Employed,Married,3,South,397,25,0.0,2.19,2.48,2.61,1,0.18625,0
2084,2023-09-15,59,Self-Employed,Divorced,0,South,599,84,1.1,1.1,4.53,2.82,2,0.1569,0
2085,2023-09-16,26,Employed,Divorced,0,East,721,0,1.32,2.47,4.88,2.97,1,0.11445,0
2086,2023-09-17,37,Employed,Widowed,4,South,606,0,0.5,1.72,5.16,2.59,1,0.1521,0
2087,2023-09-18,45,Self-Employed,Divorced,1,West,573,34,1.08,1.86,4.73,3.89,2,0.1568,1
2088,2023-09-19,48,Employed,Single,3,East,560,8,0.09,4.34,4.87,2.44,1,0.13595,0
2089,2023-09-20,22,Retired,Single,1,North,538,86,1.06,0.24,5.55,3.63,2,0.18585000000000002,0
2090,2023-09-21,55,Self-Employed,Married,1,East,631,37,0.1,2.54,4.71,2.79,2,0.1354,0
2091,2023-09-22,57,Employed,Single,4,North,414,104,0.88,2.44,4.2,2.97,3,0.1881,0
2092,2023-09-23,25,Unemployed,Married,3,South,567,3,0.9,2.63,4.16,3.06,1,0.14775000000000002,0
2093,2023-09-24,21,Employed,Married,4,North,311,51,0.45,2.59,6.99,2.76,2,0.2263,1
2094,2023-09-25,60,Employed,Single,4,North,372,18,0.12,2.19,7.97,3.39,1,0.21994999999999998,0
2095,2023-09-26,32,Employed,Divorced,0,North,705,100,1.42,2.41,4.49,3.21,3,0.11710000000000001,0
2096,2023-09-27,56,Employed,Married,4,North,477,4,0.8,4.69,4.52,3.77,1,0.15145,0
2097,2023-09-28,65,Unemployed,Married,2,West,558,91,0.87,1.83,5.59,3.32,3,0.16515000000000002,0
2098,2023-09-29,43,Employed,Widowed,3,North,699,109,0.92,1.82,5.2,2.4,3,0.12805000000000002,0
2099,2023-09-30,67,Unemployed,Married,0,East,569,105,1.34,0.93,4.78,2.92,3,0.16735,0
2100,2023-10-01,51,Self-Employed,Single,3,West,785,118,0.09,1.18,3.12,3.79,3,0.10255,0
2101,2023-10-02,31,Employed,Married,0,North,879,47,1.34,2.22,3.78,2.72,2,0.07195,0
2102,2023-10-03,30,Unemployed,Married,2,North,358,86,0.36,2.37,6.04,3.74,2,0.21199999999999997,0
2103,2023-10-04,23,Employed,Married,4,North,565,62,0.12,1.89,4.58,3.36,2,0.15775,0
2104,2023-10-05,34,Employed,Married,0,West,374,37,0.99,2.65,7.95,3.4,2,0.21475,0
2105,2023-10-06,36,Employed,Married,0,North,389,51,1.47,1.6,7.89,1.93,2,0.2212,0
2106,2023-10-07,30,Employed,Single,0,North,804,86,0.09,4.49,3.62,3.21,2,0.0672,0
2107,2023-10-08,49,Employed,Divorced,2,North,656,45,0.64,2.15,6.98,4.04,2,0.14440000000000003,1
2108,2023-10-09,30,Self-Employed,Divorced,3,South,453,81,0.79,2.67,4.8,2.56,2,0.17905000000000001,0
2109,2023-10-10,32,Employed,Single,2,East,517,92,0.38,2.16,5.22,3.8,3,0.17024999999999998,1
2110,2023-10-11,50,Employed,Single,0,North,785,91,1.47,1.4,6.05,3.09,3,0.115,0
2111,2023-10-12,61,Retired,Widowed,0,East,839,8,0.96,1.49,6.5,2.6,1,0.10285,0
2112,2023-10-13,21,Self-Employed,Divorced,4,South,429,102,1.27,0.85,3.92,2.86,3,0.19884999999999997,0
2113,2023-10-14,25,Unemployed,Divorced,2,South,365,49,0.62,0.28,8.28,2.15,2,0.24235,0
2114,2023-10-15,40,Employed,Divorced,2,North,443,73,0.53,2.95,5.42,3.02,2,0.18185,0
2115,2023-10-16,28,Self-Employed,Married,1,East,679,65,0.83,1.39,2.04,3.21,2,0.12154999999999999,0
2116,2023-10-17,63,Unemployed,Married,3,West,612,76,0.65,1.94,4.61,4.18,2,0.14565,0
2117,2023-10-18,32,Self-Employed,Married,1,North,706,37,1.07,3.53,8.17,3.19,2,0.12405,0
2118,2023-10-19,21,Unemployed,Single,1,West,706,26,0.4,3.17,4.11,3.72,1,0.10735,0
2119,2023-10-20,40,Employed,Married,3,South,576,118,0.67,2.15,8.43,2.5,3,0.17165000000000002,0
2120,2023-10-21,48,Employed,Married,4,South,708,104,1.34,1.79,5.19,2.91,3,0.12605,0
2121,2023-10-22,63,Employed,Married,4,East,613,19,1.13,1.85,4.99,3.16,1,0.1482,0
2122,2023-10-23,57,Employed,Married,3,West,848,103,0.25,4.2,3.43,2.57,3,0.05814999999999999,0
2123,2023-10-24,67,Unemployed,Married,3,West,548,61,1.33,2.17,5.93,2.89,2,0.16595,0
2124,2023-10-25,57,Employed,Single,2,North,760,73,0.88,4.99,4.51,3.49,2,0.07765,0
2125,2023-10-26,32,Retired,Single,2,East,698,15,1.02,0.7,4.97,4.22,1,0.13835,0
2126,2023-10-27,57,Retired,Single,2,East,750,78,0.44,2.05,4.68,3.41,2,0.1104,1
2127,2023-10-28,69,Employed,Single,2,West,770,12,0.66,3.17,6.26,2.65,1,0.10210000000000001,0
2128,2023-10-29,69,Employed,Widowed,0,South,858,113,1.21,3.08,4.69,2.98,3,0.07314999999999999,0
2129,2023-10-30,64,Unemployed,Single,0,East,733,101,0.5,2.63,1.24,2.48,3,0.09165,0
2130,2023-10-31,48,Retired,Single,4,South,745,19,0.25,1.39,3.73,3.13,1,0.11349999999999999,0
2131,2023-11-01,67,Employed,Married,0,North,402,23,0.57,0.69,3.02,3.74,1,0.2027,0
2132,2023-11-02,35,Employed,Married,0,East,627,104,0.1,1.82,7.22,3.15,3,0.15615,1
2133,2023-11-03,26,Employed,Single,2,East,545,49,1.08,3.04,5.9,3.0,2,0.15785,0
2134,2023-11-04,64,Self-Employed,Married,2,North,357,6,0.22,3.7,5.07,2.97,1,0.1941,1
2135,2023-11-05,40,Employed,Married,3,East,404,86,0.43,2.11,4.71,3.1,2,0.19644999999999999,0
2136,2023-11-06,34,Unemployed,Single,2,West,368,87,1.32,1.9,2.88,3.83,2,0.1984,0
2137,2023-11-07,22,Employed,Single,3,West,601,28,0.81,2.21,4.66,3.39,1,0.14595,0
2138,2023-11-08,29,Employed,Divorced,3,North,452,4,0.48,2.22,6.43,2.48,1,0.19195,0
2139,2023-11-09,57,Employed,Married,0,South,836,106,0.82,3.19,6.23,2.7,3,0.08525,0
2140,2023-11-10,40,Employed,Married,2,South,334,108,0.33,1.63,5.64,3.61,3,0.2234,0
2141,2023-11-11,46,Employed,Single,0,East,314,34,0.04,1.88,2.91,3.2,2,0.21225,0
2142,2023-11-12,49,Employed,Married,2,South,405,64,0.91,2.46,3.9,2.08,2,0.18864999999999998,0
2143,2023-11-13,21,Employed,Married,0,South,373,99,1.07,1.37,5.56,3.53,3,0.21585,0
2144,2023-11-14,55,Employed,Single,0,North,584,114,1.32,1.08,3.28,2.79,3,0.15460000000000002,0
2145,2023-11-15,26,Employed,Married,0,South,849,81,1.16,3.4,6.08,2.65,2,0.07915,0
2146,2023-11-16,57,Retired,Married,4,South,496,69,1.39,1.98,3.0,3.52,2,0.1662,0
2147,2023-11-17,25,Employed,Single,0,South,579,86,1.48,2.89,3.35,3.49,2,0.1381,0
2148,2023-11-18,53,Employed,Married,1,West,855,73,1.12,2.69,3.01,2.95,2,0.06939999999999999,0
2149,2023-11-19,69,Self-Employed,Married,1,West,452,6,1.3,0.62,4.26,3.22,1,0.1971,1
2150,2023-11-20,34,Retired,Single,1,North,590,43,1.01,1.35,2.72,2.7,2,0.1476,0
2151,2023-11-21,32,Employed,Married,3,East,441,71,0.26,2.06,4.27,2.63,2,0.18549999999999997,0
2152,2023-11-22,62,Self-Employed,Single,0,North,611,12,0.27,1.76,3.63,2.82,1,0.1428,0
2153,2023-11-23,40,Unemployed,Married,1,East,331,93,0.17,2.24,3.97,2.83,3,0.20969999999999997,0
2154,2023-11-24,44,Self-Employed,Single,3,East,325,81,1.41,2.19,6.0,2.7,2,0.22185,0
2155,2023-11-25,63,Employed,Single,1,South,554,77,1.01,2.79,4.98,3.44,2,0.1535,0
2156,2023-11-26,54,Self-Employed,Married,2,South,355,74,1.18,1.96,6.0,3.05,2,0.21664999999999998,1
2157,2023-11-27,45,Employed,Married,4,North,592,105,0.5,2.07,8.33,2.52,3,0.16795,0
2158,2023-11-28,49,Self-Employed,Divorced,0,North,529,37,0.69,0.56,2.47,2.69,2,0.16949999999999998,0
2159,2023-11-29,59,Unemployed,Single,4,North,352,12,0.06,1.4,4.18,2.39,1,0.21389999999999998,0
2160,2023-11-30,51,Employed,Single,4,West,400,53,1.33,1.45,3.46,2.96,2,0.1978,0
2161,2023-12-01,67,Unemployed,Married,2,West,766,105,1.28,1.56,3.96,3.72,3,0.10769999999999999,0
2162,2023-12-02,63,Employed,Married,2,West,566,43,1.18,1.63,5.56,3.15,2,0.16499999999999998,1
2163,2023-12-03,43,Unemployed,Single,2,West,301,96,0.09,2.6,7.65,3.05,3,0.23199999999999998,0
2164,2023-12-04,64,Employed,Married,3,West,321,113,0.26,3.77,5.97,2.26,3,0.20689999999999997,0
2165,2023-12-05,58,Employed,Married,1,South,877,12,0.5,0.65,5.73,3.68,1,0.0979,0
2166,2023-12-06,40,Employed,Divorced,0,East,511,24,0.39,1.8,6.56,3.02,1,0.18205,0
2167,2023-12-07,43,Retired,Widowed,2,West,535,23,1.26,1.13,7.24,3.05,1,0.18614999999999998,0
2168,2023-12-08,65,Employed,Single,0,North,828,28,0.29,0.66,7.7,2.43,1,0.1199,1
2169,2023-12-09,36,Employed,Married,0,East,687,99,0.8,1.47,5.73,2.94,3,0.1372,0
2170,2023-12-10,62,Employed,Single,0,West,313,69,0.86,0.95,3.56,2.54,2,0.22504999999999997,0
2171,2023-12-11,28,Self-Employed,Married,2,West,818,17,0.64,2.23,4.49,2.66,1,0.09065000000000001,0
2172,2023-12-12,41,Employed,Married,2,South,521,91,0.36,1.84,1.92,2.15,3,0.15595,0
2173,2023-12-13,21,Employed,Widowed,1,South,702,4,1.44,1.7,6.15,2.03,1,0.13325,1
2174,2023-12-14,28,Employed,Married,2,South,812,17,0.62,2.31,3.72,4.08,1,0.0875,0
2175,2023-12-15,49,Employed,Widowed,2,West,586,62,1.09,0.57,3.93,3.1,2,0.16244999999999998,1
2176,2023-12-16,52,Employed,Married,0,South,683,36,0.28,0.99,5.53,3.57,2,0.14200000000000002,0
2177,2023-12-17,58,Employed,Divorced,1,West,546,70,1.23,2.36,2.08,2.86,2,0.14529999999999998,0
2178,2023-12-18,25,Unemployed,Married,4,East,390,54,0.32,0.98,6.55,2.91,2,0.22044999999999998,0
2179,2023-12-19,67,Employed,Married,2,East,611,72,1.01,-0.04,5.83,2.47,2,0.1718,1
2180,2023-12-20,42,Employed,Single,2,West,736,98,0.76,3.6,4.35,3.3,3,0.09675,0
2181,2023-12-21,67,Employed,Single,4,North,342,11,0.22,2.34,4.93,3.37,1,0.21075,0
2182,2023-12-22,54,Retired,Single,0,West,373,51,0.04,3.02,3.99,3.26,2,0.19149999999999998,0
2183,2023-12-23,21,Retired,Married,1,East,860,56,1.4,1.27,8.91,3.0,2,0.11185,0
2184,2023-12-24,46,Unemployed,Married,0,East,615,45,0.19,0.62,3.62,3.15,2,0.15315,0
2185,2023-12-25,63,Employed,Married,3,West,443,103,1.06,2.29,5.48,2.78,3,0.18875000000000003,0
2186,2023-12-26,30,Employed,Widowed,2,West,628,43,0.98,0.9,4.61,3.52,2,0.15205000000000002,0
2187,2023-12-27,50,Employed,Divorced,3,West,508,102,0.51,3.02,5.08,2.32,3,0.1632,0
2188,2023-12-28,38,Employed,Single,2,East,398,23,0.28,2.24,5.77,2.6,1,0.20195,0
2189,2023-12-29,37,Employed,Single,3,North,413,8,0.27,2.2,5.83,2.89,1,0.19889999999999997,0
2190,2023-12-30,46,Unemployed,Married,4,West,474,11,0.88,2.21,4.46,2.37,1,0.1767,0
2191,2023-12-31,28,Unemployed,Single,2,East,570,99,0.82,4.03,3.26,2.23,3,0.1285,0
2192,2024-01-01,67,Unemployed,Married,2,West,362,100,1.31,2.65,3.9,2.89,3,0.19749999999999998,1
2193,2024-01-02,60,Employed,Married,3,East,703,8,0.96,1.8,4.31,2.78,1,0.12279999999999999,0
2194,2024-01-03,69,Self-Employed,Married,1,West,524,102,1.23,2.14,4.1,2.92,3,0.16310000000000002,0
2195,2024-01-04,32,Employed,Divorced,3,East,460,109,0.05,1.13,3.44,3.01,3,0.18589999999999998,0
2196,2024-01-05,47,Employed,Married,2,West,335,115,1.01,1.48,5.67,3.3,3,0.22479999999999997,0
2197,2024-01-06,28,Unemployed,Single,2,South,680,21,0.35,3.25,2.97,3.05,1,0.10735,1
2198,2024-01-07,45,Employed,Married,1,West,617,16,0.38,2.04,4.92,3.87,1,0.14495,0
2199,2024-01-08,66,Employed,Married,0,East,755,32,1.08,2.76,2.55,3.1,2,0.09140000000000001,0
2200,2024-01-09,24,Employed,Single,1,West,568,46,1.19,1.11,6.64,3.77,2,0.1751,0
2201,2024-01-10,53,Self-Employed,Single,0,North,643,87,0.56,2.85,4.08,3.53,2,0.12615,0
2202,2024-01-11,21,Unemployed,Married,2,West,339,14,1.19,1.8,3.91,3.57,1,0.21180000000000002,1
2203,2024-01-12,39,Employed,Single,4,West,713,92,0.67,2.23,3.66,2.22,3,0.11274999999999999,0
2204,2024-01-13,51,Unemployed,Single,4,West,679,95,1.29,2.06,7.56,3.1,3,0.14245,0
2205,2024-01-14,36,Employed,Married,3,North,521,32,0.04,2.18,6.99,3.19,2,0.1779,0
2206,2024-01-15,34,Employed,Married,1,North,580,92,0.13,1.89,5.08,2.85,3,0.1565,0
2207,2024-01-16,68,Unemployed,Single,1,North,524,14,1.16,3.28,4.25,3.08,1,0.15245000000000003,0
2208,2024-01-17,25,Self-Employed,Single,4,South,756,26,0.94,0.49,8.11,2.49,1,0.14165,0
2209,2024-01-18,61,Retired,Married,0,North,453,97,0.84,2.53,5.75,3.72,3,0.1852,0
2210,2024-01-19,46,Employed,Single,1,South,579,60,0.92,1.33,4.62,3.01,2,0.16005,0
2211,2024-01-20,48,Self-Employed,Divorced,0,West,652,67,1.4,1.04,4.16,3.2,2,0.14240000000000003,0
2212,2024-01-21,22,Self-Employed,Married,0,South,338,112,0.98,4.14,6.23,2.6,3,0.20024999999999998,0
2213,2024-01-22,26,Retired,Single,0,West,872,111,0.97,1.05,4.67,3.79,3,0.08985,0
2214,2024-01-23,29,Employed,Single,0,South,788,81,1.14,0.18,2.99,3.41,2,0.11115,0
2215,2024-01-24,53,Unemployed,Single,3,North,497,84,1.3,2.96,5.26,3.52,2,0.16745,0
2216,2024-01-25,61,Self-Employed,Single,3,North,575,47,0.39,1.51,5.36,4.01,2,0.16294999999999998,1
2217,2024-01-26,45,Employed,Single,4,South,471,7,0.93,3.27,5.07,2.89,1,0.1699,0
2218,2024-01-27,68,Employed,Married,3,South,807,5,0.88,-0.25,5.76,3.3,1,0.12455,0
2219,2024-01-28,33,Employed,Single,1,North,704,62,0.2,3.85,4.51,3.26,2,0.10304999999999999,0
2220,2024-01-29,29,Self-Employed,Married,3,West,570,117,0.78,2.94,5.01,2.72,3,0.14815,1
2221,2024-01-30,33,Unemployed,Married,1,West,853,83,0.1,1.79,4.99,3.19,2,0.0888,0
2222,2024-01-31,51,Self-Employed,Single,1,West,430,1,0.28,0.27,2.99,2.6,1,0.19974999999999998,0
2223,2024-02-01,61,Self-Employed,Single,0,West,684,114,1.37,0.67,6.05,2.99,3,0.14755000000000001,1
2224,2024-02-02,31,Employed,Single,4,East,696,108,0.18,1.31,5.83,2.19,3,0.13705,0
2225,2024-02-03,24,Employed,Single,0,West,865,21,0.87,2.71,6.48,2.61,1,0.08404999999999999,0
2226,2024-02-04,54,Employed,Married,0,East,595,117,0.49,1.14,3.49,2.08,3,0.1523,1
2227,2024-02-05,58,Employed,Single,3,East,682,20,0.83,-0.05,4.37,3.76,1,0.14685,0
2228,2024-02-06,66,Employed,Married,3,North,811,5,0.35,2.23,6.66,3.33,1,0.10325000000000001,0
2229,2024-02-07,24,Employed,Married,1,North,694,95,0.67,3.0,4.14,2.77,3,0.1122,0
2230,2024-02-08,58,Employed,Married,3,South,853,69,1.3,4.2,7.69,2.62,2,0.07819999999999999,0
2231,2024-02-09,39,Employed,Married,3,West,559,12,0.56,0.97,2.66,3.58,1,0.15885000000000002,0
2232,2024-02-10,26,Employed,Married,2,West,580,0,0.53,1.08,4.15,3.89,1,0.15995,0
2233,2024-02-11,54,Employed,Single,1,North,655,21,0.67,-0.99,4.3,3.39,1,0.16265000000000002,0
2234,2024-02-12,38,Employed,Single,1,North,719,116,0.15,0.45,6.15,3.66,3,0.14150000000000001,0
2235,2024-02-13,33,Retired,Married,2,North,491,23,0.58,0.93,7.5,3.0,1,0.20045000000000002,0
2236,2024-02-14,61,Unemployed,Single,1,South,727,63,0.01,1.11,5.46,1.96,2,0.12945,0
2237,2024-02-15,43,Unemployed,Married,4,West,647,40,0.76,1.47,1.07,2.95,2,0.12390000000000001,1
2238,2024-02-16,39,Employed,Married,4,South,728,93,1.27,2.59,4.88,3.06,3,0.1115,0
2239,2024-02-17,65,Unemployed,Married,2,East,691,21,0.83,2.51,5.18,3.53,1,0.12304999999999999,0
2240,2024-02-18,31,Unemployed,Married,3,East,640,60,0.91,1.49,5.59,2.81,2,0.14805000000000001,0
2241,2024-02-19,21,Unemployed,Married,4,West,846,107,0.05,2.02,4.88,2.42,3,0.0877,0
2242,2024-02-20,44,Employed,Married,2,North,701,11,1.29,0.64,6.96,2.11,1,0.14815,0
2243,2024-02-21,27,Self-Employed,Married,4,North,346,89,0.58,1.43,3.67,3.33,2,0.21254999999999996,0
2244,2024-02-22,45,Unemployed,Married,0,South,724,3,1.46,0.71,3.45,2.85,1,0.12415000000000001,1
2245,2024-02-23,41,Self-Employed,Married,2,East,816,82,0.18,1.26,4.08,2.45,2,0.09880000000000001,0
2246,2024-02-24,35,Self-Employed,Divorced,1,East,627,79,1.42,3.86,8.9,3.31,2,0.14415,0
2247,2024-02-25,21,Employed,Married,4,West,386,11,0.95,2.15,4.73,3.4,1,0.20065,0
2248,2024-02-26,32,Employed,Married,1,East,814,32,0.08,1.41,6.72,2.9,2,0.11099999999999999,0
2249,2024-02-27,27,Employed,Married,2,North,464,118,1.46,2.48,6.69,3.5,3,0.18765,0
2250,2024-02-28,35,Self-Employed,Married,4,North,522,20,0.02,1.61,2.42,3.33,1,0.1605,0
2251,2024-02-29,41,Employed,Single,1,North,596,99,1.1,3.68,4.92,2.93,3,0.1338,0
2252,2024-03-01,39,Employed,Divorced,3,West,750,72,1.33,2.35,6.68,2.89,2,0.1174,0
2253,2024-03-02,49,Employed,Single,3,South,642,102,0.26,0.84,9.29,2.83,3,0.17255000000000004,0
2254,2024-03-03,45,Employed,Married,0,East,640,105,0.52,3.32,6.62,3.0,3,0.13490000000000002,0
2255,2024-03-04,53,Employed,Married,2,West,760,108,0.84,2.62,4.49,3.75,3,0.10125,0
2256,2024-03-05,69,Self-Employed,Widowed,1,South,691,71,1.02,2.47,7.19,3.59,2,0.1335,0
2257,2024-03-06,52,Unemployed,Single,0,West,836,83,1.31,2.83,4.35,3.26,2,0.07944999999999999,0
2258,2024-03-07,69,Employed,Married,2,East,850,73,1.14,2.73,3.3,3.91,2,0.0717,1
2259,2024-03-08,55,Employed,Married,3,North,720,95,0.54,2.51,6.05,3.57,3,0.12015,0
2260,2024-03-09,64,Employed,Single,1,South,680,91,1.23,1.84,2.82,2.92,3,0.1207,0
2261,2024-03-10,58,Unemployed,Single,4,South,304,73,1.45,2.91,4.11,3.29,2,0.21044999999999997,0
2262,2024-03-11,46,Employed,Married,3,West,303,71,0.34,1.83,7.23,3.68,2,0.23709999999999998,0
2263,2024-03-12,31,Employed,Married,4,West,615,51,0.11,3.33,6.07,3.04,2,0.1383,0
2264,2024-03-13,55,Employed,Single,4,North,377,46,0.64,2.5,3.7,2.9,2,0.19425,0
2265,2024-03-14,28,Self-Employed,Married,1,West,830,96,1.32,2.19,5.21,3.91,3,0.09165000000000001,0
2266,2024-03-15,66,Unemployed,Married,1,East,654,58,0.23,2.63,4.86,3.27,2,0.1295,0
2267,2024-03-16,34,Unemployed,Married,4,East,332,46,1.33,2.16,6.36,3.52,2,0.22219999999999998,1
2268,2024-03-17,30,Self-Employed,Divorced,0,East,438,55,1.49,3.27,5.57,2.64,2,0.18064999999999998,0
2269,2024-03-18,22,Employed,Married,4,East,571,112,0.08,2.95,5.23,3.45,3,0.1489,0
2270,2024-03-19,66,Employed,Widowed,4,North,495,12,0.74,2.07,4.95,2.91,1,0.1753,0
2271,2024-03-20,29,Employed,Divorced,1,North,426,43,0.49,-1.26,3.35,2.98,2,0.21785,0
2272,2024-03-21,23,Employed,Single,2,North,648,34,0.59,2.86,7.07,2.52,2,0.13975,0
2273,2024-03-22,41,Employed,Single,3,West,343,118,0.68,2.42,5.63,2.89,3,0.21319999999999997,0
2274,2024-03-23,46,Employed,Married,1,North,543,114,1.11,4.43,4.51,2.29,3,0.1375,0
2275,2024-03-24,28,Employed,Married,0,South,308,28,0.89,0.7,4.62,3.57,1,0.23409999999999997,0
2276,2024-03-25,68,Retired,Married,3,South,378,55,1.44,1.78,4.85,2.73,2,0.20695,0
2277,2024-03-26,22,Self-Employed,Married,1,South,489,4,0.5,0.45,3.77,3.17,1,0.18710000000000002,0
2278,2024-03-27,26,Unemployed,Married,1,West,385,66,0.81,1.27,4.15,2.42,2,0.20679999999999998,0
2279,2024-03-28,48,Unemployed,Married,2,West,784,52,1.22,3.56,6.47,3.24,2,0.09575,0
2280,2024-03-29,49,Employed,Single,0,North,570,100,0.56,0.34,2.65,1.74,3,0.16235000000000002,0
2281,2024-03-30,46,Unemployed,Divorced,0,East,812,119,0.7,0.61,7.79,2.55,3,0.12485,0
2282,2024-03-31,45,Employed,Single,1,South,319,59,1.03,2.58,5.01,3.68,2,0.21449999999999997,1
2283,2024-04-01,32,Self-Employed,Widowed,2,West,788,104,1.29,2.19,3.81,2.67,3,0.09515000000000001,0
2284,2024-04-02,25,Employed,Single,1,South,429,5,0.62,1.67,4.48,2.9,1,0.19344999999999998,0
2285,2024-04-03,54,Retired,Widowed,4,North,306,47,0.8,-0.57,5.63,1.92,2,0.25234999999999996,1
2286,2024-04-04,68,Employed,Single,4,West,609,105,1.46,3.27,4.28,3.68,3,0.13145,0
2287,2024-04-05,57,Employed,Single,2,East,772,79,0.06,1.76,5.99,2.87,2,0.11435000000000001,0
2288,2024-04-06,35,Retired,Single,1,East,401,34,0.67,0.98,3.41,3.66,2,0.20199999999999999,0
2289,2024-04-07,64,Employed,Married,2,West,637,17,0.95,2.32,3.8,2.66,1,0.13155,0
2290,2024-04-08,56,Self-Employed,Divorced,1,East,618,10,0.01,3.26,5.37,2.26,1,0.13475,1
2291,2024-04-09,35,Unemployed,Married,1,North,812,50,0.9,1.73,4.07,3.71,2,0.09505,0
2292,2024-04-10,63,Unemployed,Divorced,4,East,324,22,0.08,1.35,7.94,3.2,1,0.24019999999999997,0
2293,2024-04-11,68,Retired,Married,3,South,729,46,1.29,2.04,6.24,3.05,2,0.12355,0
2294,2024-04-12,43,Retired,Married,0,South,442,74,1.21,2.38,5.77,2.7,2,0.18955,0
2295,2024-04-13,26,Employed,Married,0,South,448,58,0.05,2.48,5.17,3.6,2,0.18405,0
2296,2024-04-14,66,Unemployed,Single,2,West,354,56,0.07,1.75,4.48,2.08,2,0.2114,0
2297,2024-04-15,64,Self-Employed,Single,0,West,770,92,1.13,3.23,4.62,3.4,3,0.09330000000000001,0
2298,2024-04-16,63,Self-Employed,Divorced,4,West,662,117,0.55,1.12,3.75,2.4,3,0.13705,0
2299,2024-04-17,65,Employed,Divorced,3,West,508,55,0.86,1.83,5.32,3.23,2,0.17629999999999998,0
2300,2024-04-18,41,Self-Employed,Widowed,1,West,484,105,0.41,1.82,3.13,4.0,3,0.17145,1
2301,2024-04-19,43,Retired,Divorced,1,North,364,26,0.26,0.46,7.19,2.98,1,0.23535,1
2302,2024-04-20,63,Retired,Single,4,West,848,72,0.44,2.36,5.09,2.96,2,0.08485000000000001,0
2303,2024-04-21,36,Employed,Married,0,East,411,34,0.37,2.09,7.05,2.74,2,0.2066,0
2304,2024-04-22,67,Employed,Married,1,North,562,54,0.67,1.81,6.34,2.92,2,0.16810000000000003,0
2305,2024-04-23,35,Employed,Widowed,0,West,375,8,1.12,2.51,4.9,2.78,1,0.20065,0
2306,2024-04-24,45,Unemployed,Married,4,East,595,17,0.83,1.81,5.67,3.01,1,0.1565,0
2307,2024-04-25,56,Unemployed,Married,1,North,477,43,0.91,3.41,4.36,2.86,2,0.16345,0
2308,2024-04-26,31,Employed,Married,2,South,300,118,0.71,2.47,4.86,2.92,3,0.2196,0
2309,2024-04-27,35,Employed,Single,3,North,447,20,0.49,2.37,3.84,2.72,1,0.17875,0
2310,2024-04-28,24,Employed,Single,0,West,428,55,0.22,1.33,7.5,2.94,2,0.2122,0
2311,2024-04-29,41,Employed,Divorced,0,North,812,47,0.53,0.11,5.28,2.98,2,0.1173,0
2312,2024-04-30,33,Retired,Married,0,North,801,99,1.0,2.8,6.27,3.83,3,0.0981,0
2313,2024-05-01,42,Self-Employed,Single,0,South,448,0,1.1,0.11,4.34,3.8,1,0.20359999999999998,0
2314,2024-05-02,39,Employed,Married,4,North,568,26,0.7,1.73,7.37,3.16,1,0.17255,0
2315,2024-05-03,54,Employed,Married,4,North,404,44,0.97,2.88,3.91,2.78,2,0.18475,1
2316,2024-05-04,34,Employed,Married,4,South,765,62,0.32,1.13,4.83,3.17,2,0.11660000000000001,0
2317,2024-05-05,24,Retired,Single,4,West,580,57,1.29,1.54,4.29,2.59,2,0.15605000000000002,0
2318,2024-05-06,68,Employed,Divorced,1,East,706,39,1.3,0.61,5.41,2.72,2,0.13945,0
2319,2024-05-07,66,Employed,Married,4,North,657,62,0.48,1.08,3.96,3.03,2,0.13975,0
2320,2024-05-08,47,Employed,Married,1,South,502,37,0.82,1.2,5.89,2.67,2,0.18695,0
2321,2024-05-09,49,Self-Employed,Married,2,North,580,28,0.91,1.54,5.39,2.68,1,0.16155,0
2322,2024-05-10,67,Self-Employed,Single,4,West,556,39,0.71,2.13,4.76,2.77,2,0.15850000000000003,0
2323,2024-05-11,48,Unemployed,Married,2,West,393,18,1.37,2.23,3.4,4.14,1,0.19145,0
2324,2024-05-12,55,Employed,Single,4,South,623,87,1.11,3.45,4.88,3.09,2,0.12915,0
2325,2024-05-13,28,Employed,Single,2,East,661,55,1.01,1.51,4.84,2.14,2,0.13885,0
2326,2024-05-14,36,Employed,Married,3,East,650,43,0.78,2.56,6.34,3.1,2,0.1386,0
2327,2024-05-15,62,Self-Employed,Divorced,2,North,361,64,0.13,1.36,4.57,3.23,2,0.21399999999999997,0
2328,2024-05-16,56,Employed,Married,1,South,486,99,0.16,3.68,3.53,2.97,3,0.15435,0
2329,2024-05-17,50,Self-Employed,Single,0,East,879,86,0.45,2.12,2.34,3.3,2,0.06575,0
2330,2024-05-18,38,Unemployed,Married,2,West,841,12,0.32,1.79,6.72,2.72,1,0.10045000000000001,0
2331,2024-05-19,22,Unemployed,Divorced,0,East,603,29,1.43,1.21,4.73,2.93,1,0.1558,0
2332,2024-05-20,69,Employed,Married,3,South,735,48,0.61,2.91,5.49,2.96,2,0.1096,0
2333,2024-05-21,33,Employed,Divorced,3,West,512,114,1.31,2.13,4.23,2.66,3,0.16685,0
2334,2024-05-22,24,Employed,Married,1,North,705,114,1.23,2.2,4.1,2.53,3,0.11725000000000001,0
2335,2024-05-23,46,Self-Employed,Married,1,West,433,117,1.22,0.94,4.86,3.04,3,0.20165,0
2336,2024-05-24,45,Unemployed,Single,2,East,518,100,0.32,1.22,3.75,3.11,3,0.17205,0
2337,2024-05-25,50,Employed,Single,4,East,720,74,0.67,0.24,4.45,1.6,2,0.13485000000000003,0
2338,2024-05-26,31,Employed,Single,3,East,618,62,0.48,1.49,6.07,2.74,2,0.15594999999999998,0
2339,2024-05-27,27,Unemployed,Married,0,North,456,70,1.46,1.52,6.05,2.86,2,0.19605,1
2340,2024-05-28,51,Unemployed,Divorced,4,East,487,34,1.32,0.66,4.25,3.09,2,0.1879,0
2341,2024-05-29,64,Employed,Divorced,3,South,775,10,0.37,1.93,4.66,3.41,1,0.10525000000000001,0
2342,2024-05-30,30,Self-Employed,Single,2,North,461,48,0.47,1.65,2.11,2.84,2,0.1738,0
2343,2024-05-31,59,Employed,Single,3,West,428,106,0.79,1.27,2.49,3.29,3,0.18774999999999997,1
2344,2024-06-01,33,Employed,Single,1,East,603,110,0.42,1.14,4.23,2.31,3,0.154,0
2345,2024-06-02,51,Retired,Single,0,South,388,114,1.24,2.17,5.07,3.67,3,0.20165,0
2346,2024-06-03,27,Unemployed,Married,0,South,461,39,1.23,1.22,3.09,2.97,2,0.183,0
2347,2024-06-04,69,Unemployed,Divorced,1,North,335,111,1.09,3.64,6.06,2.25,3,0.20514999999999997,0
2348,2024-06-05,62,Employed,Widowed,4,South,526,20,1.03,1.82,6.28,3.3,1,0.1767,0
2349,2024-06-06,62,Unemployed,Married,1,North,450,46,0.82,2.92,3.74,2.87,2,0.172,0
2350,2024-06-07,56,Employed,Married,0,North,892,2,0.52,0.85,3.67,3.92,1,0.08185,0
2351,2024-06-08,40,Employed,Married,2,North,346,29,1.26,1.84,5.62,3.8,1,0.21819999999999998,0
2352,2024-06-09,24,Employed,Single,4,West,530,87,1.29,1.05,7.5,3.44,2,0.1895,1
2353,2024-06-10,27,Employed,Married,3,West,838,101,0.07,2.43,4.37,1.56,3,0.08305000000000001,0
2354,2024-06-11,21,Unemployed,Married,2,South,464,66,0.6,1.94,6.4,2.89,2,0.1916,0
2355,2024-06-12,64,Self-Employed,Married,4,West,886,61,0.04,3.98,4.96,3.63,2,0.058499999999999996,0
2356,2024-06-13,65,Employed,Single,0,North,873,36,1.26,1.62,5.09,3.42,2,0.08600000000000001,0
2357,2024-06-14,62,Employed,Single,0,North,365,96,0.27,0.24,4.72,2.54,3,0.22494999999999998,0
2358,2024-06-15,67,Employed,Single,2,West,379,21,1.01,1.94,6.4,2.95,1,0.21284999999999998,1
2359,2024-06-16,33,Employed,Widowed,4,South,439,30,0.54,2.2,7.97,3.3,2,0.20309999999999997,1
2360,2024-06-17,42,Self-Employed,Married,3,North,699,45,1.22,1.37,6.28,2.2,2,0.13795000000000002,0
2361,2024-06-18,41,Unemployed,Married,3,West,429,75,0.76,1.25,3.23,2.25,2,0.1914,1
2362,2024-06-19,42,Employed,Married,1,East,745,44,0.49,0.8,4.62,4.22,2,0.12385,0
2363,2024-06-20,48,Employed,Single,2,South,328,13,0.49,2.48,2.08,2.85,1,0.19859999999999997,0
2364,2024-06-21,29,Self-Employed,Married,4,South,501,11,0.49,2.59,8.08,2.05,1,0.18425000000000002,1
2365,2024-06-22,46,Unemployed,Divorced,2,South,536,118,1.18,4.43,5.53,2.65,3,0.14435,0
2366,2024-06-23,29,Employed,Married,3,East,898,62,1.07,1.83,3.8,3.16,2,0.0712,0
2367,2024-06-24,35,Employed,Divorced,4,North,638,90,0.48,2.15,5.39,3.4,3,0.14095,1
2368,2024-06-25,30,Self-Employed,Single,0,South,698,76,0.74,1.76,7.83,2.67,2,0.14205,0
2369,2024-06-26,44,Employed,Single,0,West,738,87,0.11,4.71,3.75,2.4,2,0.08215,0
2370,2024-06-27,62,Employed,Divorced,4,South,588,37,1.24,2.62,4.14,3.44,2,0.14250000000000002,0
2371,2024-06-28,28,Unemployed,Married,2,West,551,116,0.4,2.0,3.24,2.53,3,0.15345,0
2372,2024-06-29,44,Self-Employed,Widowed,2,South,399,46,1.33,4.1,5.85,2.87,2,0.1835,0
2373,2024-06-30,36,Self-Employed,Married,0,West,884,53,0.9,1.94,4.79,3.34,2,0.07855000000000001,0
2374,2024-07-01,69,Unemployed,Divorced,0,West,721,54,0.85,5.54,1.76,2.76,2,0.06815,0
2375,2024-07-02,46,Self-Employed,Married,3,West,317,47,0.24,3.66,5.51,4.0,2,0.2067,0
2376,2024-07-03,47,Employed,Married,4,East,770,72,0.1,1.98,6.42,2.57,2,0.11480000000000001,0
2377,2024-07-04,57,Employed,Married,2,East,306,71,0.83,2.51,4.2,2.82,2,0.21439999999999998,0
2378,2024-07-05,24,Employed,Single,3,East,718,100,0.7,2.13,4.93,2.8,3,0.11885000000000001,0
2379,2024-07-06,44,Employed,Divorced,2,North,679,14,0.18,2.75,4.7,2.68,1,0.12125,0
2380,2024-07-07,39,Self-Employed,Married,0,West,807,70,1.25,1.42,6.03,3.54,2,0.10919999999999999,0
2381,2024-07-08,56,Unemployed,Married,4,North,413,87,0.63,4.1,2.52,2.83,2,0.16335,0
2382,2024-07-09,59,Retired,Married,1,East,810,112,0.39,1.35,4.01,4.43,3,0.09905,0
2383,2024-07-10,30,Self-Employed,Married,4,West,895,15,1.18,2.25,4.54,3.05,1,0.07145,0
2384,2024-07-11,45,Employed,Married,1,North,768,87,1.37,2.37,6.16,3.11,2,0.1101,0
2385,2024-07-12,38,Employed,Single,3,East,392,42,0.46,1.68,5.0,2.22,2,0.2052,0
2386,2024-07-13,39,Unemployed,Divorced,1,North,791,6,1.16,0.71,3.04,2.71,1,0.10535,0
2387,2024-07-14,56,Self-Employed,Married,1,North,401,42,0.98,2.24,4.14,3.34,2,0.19305,0
2388,2024-07-15,30,Self-Employed,Married,3,East,792,27,1.48,2.25,6.89,3.27,1,0.10894999999999999,1
2389,2024-07-16,53,Unemployed,Single,4,West,835,65,0.31,1.67,3.02,2.47,2,0.08465,0
2390,2024-07-17,25,Unemployed,Single,3,South,784,97,1.44,1.71,6.54,2.77,3,0.11460000000000001,0
2391,2024-07-18,67,Unemployed,Single,0,South,778,59,0.47,2.15,6.4,1.39,2,0.111,0
2392,2024-07-19,69,Employed,Married,0,North,466,101,0.62,3.25,6.83,2.6,3,0.18015,0
2393,2024-07-20,55,Unemployed,Single,1,North,439,2,0.54,3.17,6.65,3.86,1,0.1868,0
2394,2024-07-21,64,Unemployed,Divorced,3,North,393,0,0.4,2.48,7.04,3.12,1,0.20715,0
2395,2024-07-22,54,Employed,Single,3,West,480,30,1.04,1.57,2.31,3.56,2,0.17085,0
2396,2024-07-23,53,Self-Employed,Single,3,North,875,55,0.88,1.66,6.96,2.16,2,0.09444999999999999,0
2397,2024-07-24,41,Employed,Single,4,North,303,86,0.46,1.76,5.74,3.05,2,0.23035,0
2398,2024-07-25,37,Retired,Single,2,North,688,83,0.2,1.55,4.14,2.94,2,0.12819999999999998,0
2399,2024-07-26,42,Employed,Married,2,East,571,79,0.48,0.9,3.23,2.69,2,0.15940000000000001,0
2400,2024-07-27,68,Self-Employed,Divorced,2,South,431,45,0.57,1.22,5.05,2.88,2,0.20029999999999998,0
2401,2024-07-28,57,Employed,Married,4,South,883,31,0.57,2.6,8.57,2.74,2,0.09110000000000001,0
2402,2024-07-29,35,Unemployed,Single,3,East,892,80,0.54,1.36,5.78,2.42,2,0.08730000000000002,0
2403,2024-07-30,55,Employed,Single,2,West,811,17,0.07,2.04,4.27,3.07,1,0.0932,0
2404,2024-07-31,48,Employed,Married,3,West,351,67,0.7,2.0,8.55,3.44,2,0.23,0
2405,2024-08-01,27,Employed,Widowed,1,West,589,34,1.25,2.46,5.97,2.61,2,0.153,0
2406,2024-08-02,52,Retired,Single,2,East,745,103,0.27,1.34,6.02,2.63,3,0.12545,0
2407,2024-08-03,31,Employed,Married,1,South,536,99,0.22,-1.31,5.44,3.4,3,0.2013,0
2408,2024-08-04,30,Employed,Married,4,South,790,22,0.71,1.38,5.77,3.02,1,0.11255,0
2409,2024-08-05,29,Unemployed,Single,0,North,579,78,0.56,1.08,1.3,2.83,2,0.14595000000000002,0
2410,2024-08-06,34,Employed,Married,4,South,343,12,0.84,-0.1,5.23,3.05,1,0.2364,0
2411,2024-08-07,33,Retired,Single,4,West,658,77,1.42,1.45,6.19,4.03,2,0.14695,0
2412,2024-08-08,45,Employed,Married,4,West,867,13,1.14,1.32,7.37,3.57,1,0.10189999999999999,0
2413,2024-08-09,22,Self-Employed,Single,2,North,825,36,1.03,1.97,8.44,3.86,2,0.11124999999999999,0
2414,2024-08-10,55,Employed,Married,1,North,761,4,0.62,2.52,6.66,3.37,1,0.11284999999999999,0
2415,2024-08-11,27,Employed,Single,2,South,400,21,0.43,3.87,5.32,2.62,1,0.1829,0
2416,2024-08-12,41,Self-Employed,Widowed,0,North,760,27,0.81,2.09,5.11,2.78,1,0.10965,0
2417,2024-08-13,38,Self-Employed,Single,4,North,567,108,1.33,2.03,3.95,2.62,3,0.1527,0
2418,2024-08-14,23,Unemployed,Divorced,3,East,661,3,1.32,4.0,5.82,3.31,1,0.11885000000000001,1
2419,2024-08-15,62,Employed,Married,0,South,707,49,0.67,0.73,7.97,2.85,2,0.1508,0
2420,2024-08-16,59,Employed,Widowed,1,West,336,101,0.37,0.8,4.45,2.58,3,0.22524999999999998,0
2421,2024-08-17,61,Employed,Married,0,East,767,28,0.34,2.6,5.28,2.94,1,0.10365,0
2422,2024-08-18,69,Retired,Married,2,West,558,36,0.05,3.32,3.94,2.3,2,0.14200000000000002,0
2423,2024-08-19,31,Employed,Single,3,North,808,34,1.26,3.43,6.56,3.5,2,0.0915,0
2424,2024-08-20,59,Employed,Single,2,North,608,19,0.4,0.2,6.87,2.52,1,0.17535,1
2425,2024-08-21,44,Employed,Married,4,West,572,34,0.54,0.22,3.96,3.46,2,0.16959999999999997,0
2426,2024-08-22,66,Self-Employed,Single,4,East,409,98,1.21,1.88,5.88,3.23,3,0.20334999999999998,0
2427,2024-08-23,39,Employed,Widowed,0,East,559,83,0.18,2.71,1.05,3.29,2,0.13340000000000002,0
2428,2024-08-24,24,Retired,Single,4,East,567,1,0.69,1.62,4.59,2.43,1,0.16,0
2429,2024-08-25,46,Employed,Married,4,North,331,115,0.18,0.82,6.93,3.03,3,0.23869999999999997,1
2430,2024-08-26,58,Unemployed,Married,1,South,476,57,0.66,0.73,4.3,2.74,2,0.1902,0
2431,2024-08-27,62,Employed,Married,1,North,403,17,0.07,3.04,3.05,2.12,1,0.17909999999999998,0
2432,2024-08-28,52,Self-Employed,Married,2,West,535,93,0.78,3.07,6.04,3.72,3,0.16075,0
2433,2024-08-29,59,Retired,Single,2,East,392,105,1.19,2.63,4.84,2.95,3,0.1949,1
2434,2024-08-30,65,Employed,Married,1,South,500,55,1.01,1.95,5.29,2.77,2,0.17695,0
2435,2024-08-31,66,Retired,Single,0,East,896,63,0.76,1.13,5.51,3.69,2,0.08725000000000001,0
2436,2024-09-01,56,Employed,Divorced,1,North,334,116,1.24,0.09,6.36,3.48,3,0.24239999999999998,1
2437,2024-09-02,60,Retired,Married,2,South,416,92,0.34,0.5,6.62,4.65,3,0.2191,0
2438,2024-09-03,57,Self-Employed,Widowed,3,South,757,102,1.25,-0.04,5.58,2.52,3,0.13405,0
2439,2024-09-04,53,Employed,Single,4,North,770,51,0.41,1.7,6.77,2.72,2,0.11935000000000001,0
2440,2024-09-05,56,Employed,Single,3,East,698,21,0.54,2.47,4.97,3.97,1,0.12065000000000001,0
2441,2024-09-06,23,Employed,Single,3,East,896,92,0.19,2.07,5.48,2.57,3,0.0777,0
2442,2024-09-07,29,Employed,Single,4,East,416,59,0.15,3.42,5.05,2.63,2,0.18205,0
2443,2024-09-08,28,Employed,Single,1,North,661,109,1.4,2.18,3.24,2.96,3,0.12415,0
2444,2024-09-09,53,Employed,Married,0,West,503,9,0.28,0.36,7.23,3.82,1,0.2018,0
2445,2024-09-10,26,Employed,Single,3,West,445,83,0.5,1.86,5.09,2.73,2,0.1906,0
2446,2024-09-11,61,Unemployed,Married,0,East,743,79,0.79,1.89,7.4,4.14,2,0.12735000000000002,1
2447,2024-09-12,59,Employed,Divorced,2,South,596,5,0.52,2.5,5.7,2.99,1,0.14950000000000002,0
2448,2024-09-13,24,Employed,Married,3,West,880,80,1.31,2.85,5.64,3.67,2,0.07469999999999999,0
2449,2024-09-14,33,Self-Employed,Single,2,East,786,5,1.35,2.47,6.43,2.83,1,0.10595,0
2450,2024-09-15,69,Employed,Single,1,West,530,85,0.49,1.51,5.45,2.51,2,0.17465,0
2451,2024-09-16,22,Employed,Married,3,East,502,81,0.14,3.38,4.08,3.29,2,0.15610000000000002,0
2452,2024-09-17,25,Employed,Single,2,West,661,95,0.32,2.84,4.8,2.27,3,0.12535000000000002,0
2453,2024-09-18,64,Retired,Married,2,West,694,27,0.71,-0.59,6.76,2.18,1,0.1612,0
2454,2024-09-19,47,Unemployed,Single,1,South,547,41,0.43,2.76,6.08,3.35,2,0.16105000000000003,0
2455,2024-09-20,52,Employed,Divorced,0,South,739,73,0.68,1.11,3.73,2.71,2,0.1178,0
2456,2024-09-21,41,Self-Employed,Married,0,West,695,40,1.14,0.25,5.46,2.31,2,0.14605,0
2457,2024-09-22,28,Employed,Married,3,East,655,62,0.63,2.25,3.54,2.7,2,0.12645,0
2458,2024-09-23,58,Self-Employed,Single,1,South,700,21,0.3,4.32,5.15,3.28,1,0.10254999999999999,0
2459,2024-09-24,28,Self-Employed,Single,3,North,540,91,0.54,1.95,6.53,2.53,3,0.17315,0
2460,2024-09-25,23,Self-Employed,Married,0,South,640,78,1.11,1.71,4.1,1.61,2,0.13840000000000002,0
2461,2024-09-26,64,Employed,Married,1,West,528,106,0.64,2.1,4.86,2.92,3,0.1663,0
2462,2024-09-27,23,Employed,Single,4,West,842,28,0.37,4.39,3.6,3.18,1,0.05860000000000001,0
2463,2024-09-28,42,Employed,Single,1,North,838,70,0.64,1.73,5.92,3.41,2,0.0978,0
2464,2024-09-29,26,Unemployed,Single,1,South,828,113,0.68,2.98,5.22,3.51,3,0.08430000000000001,0
2465,2024-09-30,22,Self-Employed,Married,4,West,566,33,0.44,1.6,4.04,2.92,2,0.1577,0
2466,2024-10-01,43,Unemployed,Single,2,North,428,95,1.49,1.42,5.63,3.95,3,0.20194999999999996,0
2467,2024-10-02,64,Retired,Married,2,North,519,1,1.15,3.41,4.96,2.94,1,0.15595,0
2468,2024-10-03,22,Employed,Married,2,East,381,25,1.04,0.9,5.75,2.89,1,0.2195,0
2469,2024-10-04,58,Self-Employed,Married,0,South,860,108,1.28,2.75,3.61,2.86,3,0.07055,0
2470,2024-10-05,37,Self-Employed,Divorced,1,South,852,74,1.0,1.66,4.51,3.07,2,0.08795,0
2471,2024-10-06,55,Retired,Divorced,4,South,319,88,1.19,1.24,5.21,3.25,2,0.2289,0
2472,2024-10-07,54,Retired,Married,0,West,626,18,0.62,1.58,6.03,3.7,1,0.15284999999999999,0
2473,2024-10-08,43,Self-Employed,Single,4,North,336,19,0.75,-0.25,3.54,2.73,1,0.23119999999999996,0
2474,2024-10-09,50,Employed,Married,0,East,681,32,0.07,0.95,5.17,2.6,2,0.1411,0
2475,2024-10-10,28,Unemployed,Married,0,South,338,80,0.42,2.13,6.49,3.07,2,0.22164999999999999,0
2476,2024-10-11,42,Employed,Married,0,East,408,115,0.55,1.75,5.09,2.78,3,0.20095,0
2477,2024-10-12,64,Unemployed,Married,4,East,728,93,0.94,1.05,4.52,2.44,3,0.1251,0
2478,2024-10-13,56,Retired,Single,3,North,363,81,0.7,3.48,4.19,3.6,2,0.1904,0
2479,2024-10-14,25,Employed,Married,0,South,474,95,0.91,1.01,4.22,3.59,3,0.1875,0
2480,2024-10-15,33,Self-Employed,Single,2,East,331,103,1.07,3.44,5.34,2.27,3,0.20454999999999998,0
2481,2024-10-16,49,Employed,Married,1,South,830,108,0.06,2.15,2.02,2.93,3,0.0761,0
2482,2024-10-17,51,Employed,Single,3,South,405,3,0.39,1.74,4.18,3.29,1,0.19724999999999998,1
2483,2024-10-18,67,Employed,Married,3,South,781,31,0.26,2.09,5.63,3.96,2,0.10700000000000001,0
2484,2024-10-19,36,Unemployed,Single,4,East,505,18,0.28,2.29,6.12,2.97,1,0.17645,0
2485,2024-10-20,62,Retired,Married,3,North,546,2,0.75,1.04,3.6,3.43,1,0.16610000000000003,0
2486,2024-10-21,50,Retired,Married,4,North,388,101,1.11,1.07,4.06,2.82,3,0.2076,0
2487,2024-10-22,36,Employed,Single,4,East,615,91,0.41,1.8,5.11,3.23,3,0.1488,0
2488,2024-10-23,32,Unemployed,Married,2,West,310,60,1.24,2.44,5.93,3.45,2,0.22274999999999998,0
2489,2024-10-24,37,Unemployed,Married,0,South,348,37,1.34,2.66,4.44,3.17,2,0.2036,0
2490,2024-10-25,36,Employed,Married,3,South,872,117,0.53,3.25,4.81,3.01,3,0.06855,0
2491,2024-10-26,32,Employed,Single,0,North,470,5,1.02,0.77,5.51,3.48,1,0.19735,0
2492,2024-10-27,28,Employed,Married,0,East,442,55,0.18,2.36,3.27,3.68,2,0.17725,0
2493,2024-10-28,40,Retired,Married,0,East,506,39,1.12,1.99,7.44,3.08,2,0.18580000000000002,0
2494,2024-10-29,23,Self-Employed,Married,4,West,762,80,0.25,1.47,5.12,3.52,2,0.1154,0
2495,2024-10-30,36,Unemployed,Married,0,West,808,105,1.03,4.0,4.47,2.72,3,0.07535,0
2496,2024-10-31,50,Employed,Married,3,North,500,119,0.63,2.43,6.71,2.8,3,0.17925,1
2497,2024-11-01,65,Unemployed,Single,4,West,304,68,1.39,3.43,5.19,3.78,2,0.21064999999999998,0
2498,2024-11-02,43,Employed,Single,3,West,510,82,0.7,-1.36,4.74,1.55,2,0.2048,0
2499,2024-11-03,48,Employed,Single,4,East,328,106,0.05,3.05,5.56,2.88,3,0.2103,0
2500,2024-11-04,60,Self-Employed,Single,1,East,489,41,0.72,2.54,5.06,3.11,2,0.17265000000000003,0
2501,2024-11-05,25,Employed,Married,1,West,487,98,1.19,2.7,4.08,2.42,3,0.16665,0
2502,2024-11-06,40,Unemployed,Married,1,North,449,85,0.97,1.71,6.6,3.54,2,0.19865,0
2503,2024-11-07,60,Employed,Single,1,West,824,87,1.45,4.11,2.75,2.98,2,0.061649999999999996,0
2504,2024-11-08,64,Self-Employed,Widowed,4,North,665,73,1.26,1.8,4.39,3.36,2,0.13269999999999998,1
2505,2024-11-09,21,Employed,Married,0,West,456,1,0.79,1.98,7.78,3.75,1,0.2001,1
2506,2024-11-10,50,Self-Employed,Divorced,2,East,379,27,0.31,1.02,5.16,3.62,1,0.21585,0
2507,2024-11-11,41,Employed,Married,2,East,572,104,0.01,1.96,2.62,2.83,3,0.1455,0
2508,2024-11-12,40,Employed,Married,1,North,817,100,1.47,1.83,6.69,2.43,3,0.1059,0
2509,2024-11-13,26,Retired,Single,0,West,531,116,1.41,3.07,4.57,2.8,3,0.1544,0
2510,2024-11-14,42,Employed,Single,3,West,459,16,0.41,2.63,3.41,3.08,1,0.171,0
2511,2024-11-15,38,Unemployed,Single,0,North,643,69,0.96,3.17,6.58,2.11,2,0.13545000000000001,0
2512,2024-11-16,28,Retired,Married,3,West,588,106,1.09,1.89,6.65,3.79,3,0.16235,0
2513,2024-11-17,59,Employed,Single,2,South,504,68,0.87,1.66,7.14,3.06,2,0.18810000000000002,0
2514,2024-11-18,52,Employed,Married,0,East,604,38,1.26,2.88,3.55,2.88,2,0.13295,0
2515,2024-11-19,53,Self-Employed,Single,0,East,659,6,0.12,2.16,4.79,2.03,1,0.1326,1
2516,2024-11-20,36,Retired,Married,2,North,699,31,1.34,-0.36,4.56,3.01,2,0.14665,0
2517,2024-11-21,32,Retired,Single,0,West,748,3,0.59,1.55,3.6,3.05,1,0.11049999999999999,0
2518,2024-11-22,58,Employed,Single,3,North,405,20,0.72,-0.19,5.86,2.58,1,0.22494999999999998,0
2519,2024-11-23,54,Unemployed,Single,0,South,381,105,0.67,1.18,6.64,3.15,3,0.22115,0
2520,2024-11-24,34,Employed,Married,3,West,641,31,0.8,3.03,4.32,2.94,2,0.12605,0
2521,2024-11-25,56,Retired,Single,1,South,720,119,0.9,1.66,5.23,2.2,3,0.12455000000000001,0
2522,2024-11-26,53,Retired,Married,0,North,348,81,1.07,1.73,5.22,3.34,2,0.21680000000000002,0
2523,2024-11-27,43,Employed,Single,3,East,505,96,0.79,1.81,6.63,4.24,3,0.18380000000000002,0
2524,2024-11-28,65,Employed,Single,2,South,517,13,1.03,2.01,5.01,3.9,1,0.17070000000000002,0
2525,2024-11-29,22,Employed,Married,1,West,735,69,0.51,1.67,5.05,3.25,2,0.1198,0
2526,2024-11-30,61,Employed,Single,0,North,621,74,1.41,3.82,6.37,3.14,2,0.13340000000000002,0
2527,2024-12-01,41,Unemployed,Divorced,3,North,530,45,0.1,0.3,5.19,2.25,2,0.18545,0
2528,2024-12-02,22,Employed,Widowed,0,North,786,19,0.82,2.23,4.15,3.13,1,0.09695000000000001,0
2529,2024-12-03,47,Employed,Single,3,East,728,92,0.13,2.56,3.36,2.85,3,0.1042,0
2530,2024-12-04,29,Employed,Single,0,North,583,57,0.66,1.11,4.07,1.73,2,0.1585,1
2531,2024-12-05,21,Retired,Single,1,North,785,98,0.39,2.65,5.36,2.81,3,0.09905,0
2532,2024-12-06,31,Self-Employed,Married,1,East,575,79,1.41,1.33,3.05,2.71,2,0.1532,1
2533,2024-12-07,23,Employed,Married,0,North,732,47,0.02,2.48,5.41,2.23,2,0.11424999999999999,0
2534,2024-12-08,43,Employed,Married,0,North,484,6,0.59,0.74,2.73,2.95,1,0.18025,0
2535,2024-12-09,46,Retired,Married,4,South,515,39,1.17,2.09,3.51,2.26,2,0.16290000000000002,0
2536,2024-12-10,24,Unemployed,Single,0,North,396,58,0.28,4.23,5.98,3.2,2,0.18359999999999999,0
2537,2024-12-11,38,Employed,Married,0,East,418,35,1.22,1.09,4.33,3.28,2,0.20124999999999998,0
2538,2024-12-12,26,Employed,Married,1,South,664,43,1.29,1.58,5.35,1.97,2,0.13995,0
2539,2024-12-13,55,Employed,Married,0,North,702,107,1.06,3.65,4.92,2.79,3,0.1076,0
2540,2024-12-14,42,Employed,Divorced,2,East,696,30,0.31,3.24,7.34,2.77,2,0.1253,0
2541,2024-12-15,63,Self-Employed,Married,0,West,757,41,0.41,3.75,5.2,2.88,2,0.09425,1
2542,2024-12-16,35,Retired,Single,4,North,617,43,0.25,1.63,3.47,1.77,2,0.1418,1
2543,2024-12-17,42,Employed,Married,3,West,681,42,0.28,2.35,5.91,3.19,2,0.1308,0
2544,2024-12-18,57,Unemployed,Married,1,South,441,42,0.05,2.46,3.42,3.76,2,0.17725,0
2545,2024-12-19,62,Employed,Single,2,East,756,46,1.29,1.22,6.49,3.76,2,0.12625,0
2546,2024-12-20,32,Unemployed,Widowed,3,South,800,5,0.79,0.88,6.19,3.45,1,0.11715,0
2547,2024-12-21,67,Unemployed,Single,2,West,622,92,0.49,0.76,5.44,1.99,3,0.1591,0
2548,2024-12-22,69,Employed,Married,1,West,567,90,0.43,1.5,6.13,2.69,3,0.1689,0
2549,2024-12-23,62,Employed,Married,4,West,786,106,0.82,0.72,6.76,3.25,3,0.1251,0
2550,2024-12-24,58,Self-Employed,Single,1,East,459,65,0.49,1.32,4.96,3.23,2,0.19185000000000002,1
2551,2024-12-25,38,Employed,Divorced,2,West,313,119,1.3,0.99,5.26,3.58,3,0.23314999999999997,0
2552,2024-12-26,65,Employed,Divorced,2,West,454,85,0.32,2.51,5.36,2.87,2,0.18319999999999997,1
2553,2024-12-27,55,Employed,Married,1,East,400,8,1.32,2.4,3.9,2.39,1,0.1905,1
2554,2024-12-28,50,Retired,Single,0,West,871,10,1.0,1.43,4.14,3.27,1,0.08365,0
2555,2024-12-29,44,Employed,Single,1,North,342,79,1.43,1.66,5.09,2.76,2,0.21835000000000002,0
2556,2024-12-30,62,Unemployed,Single,4,West,492,108,0.02,2.6,4.99,3.7,3,0.17095000000000002,0
2557,2024-12-31,50,Employed,Single,1,East,610,76,0.09,1.65,5.38,3.34,2,0.1529,0
2558,2025-01-01,34,Unemployed,Married,3,West,764,117,0.75,1.4,4.26,2.82,3,0.11129999999999998,0
2559,2025-01-02,26,Self-Employed,Widowed,0,East,462,117,1.37,0.67,2.79,3.08,3,0.18675,0
2560,2025-01-03,23,Unemployed,Married,3,West,650,17,1.1,3.31,7.2,3.56,1,0.1354,0
2561,2025-01-04,36,Employed,Divorced,1,North,533,116,0.93,0.38,2.91,3.27,3,0.17250000000000001,0
2562,2025-01-05,27,Self-Employed,Married,0,East,702,24,0.05,1.68,6.22,3.07,1,0.13380000000000003,0
2563,2025-01-06,34,Self-Employed,Married,3,East,650,96,0.53,1.11,4.54,3.13,3,0.1441,0
2564,2025-01-07,29,Employed,Divorced,3,East,466,115,0.52,2.15,5.3,2.85,3,0.1835,0
2565,2025-01-08,35,Employed,Married,0,East,447,73,0.81,1.55,5.99,3.21,2,0.1977,0
2566,2025-01-09,41,Employed,Divorced,0,West,327,57,0.39,2.08,4.32,3.01,2,0.21405,1
2567,2025-01-10,55,Employed,Single,2,West,558,29,0.4,1.16,2.95,2.48,1,0.15865,1
2568,2025-01-11,22,Unemployed,Single,0,North,897,114,0.93,1.55,6.5,3.21,3,0.08775,0
2569,2025-01-12,47,Employed,Divorced,1,North,741,112,1.42,0.65,6.0,3.28,3,0.13324999999999998,0
2570,2025-01-13,22,Employed,Married,4,West,826,0,0.99,0.99,5.11,3.5,1,0.10415000000000002,0
2571,2025-01-14,55,Unemployed,Divorced,2,South,510,62,1.0,1.54,6.24,2.21,2,0.18330000000000002,0
2572,2025-01-15,38,Employed,Divorced,0,East,842,96,1.48,2.16,5.49,3.13,3,0.09035000000000001,0
2573,2025-01-16,34,Employed,Single,4,West,744,112,0.23,1.85,4.92,2.81,3,0.1151,0
2574,2025-01-17,40,Employed,Married,2,North,752,78,0.05,3.36,4.7,3.29,2,0.0969,0
2575,2025-01-18,38,Retired,Single,1,East,703,28,1.12,0.49,1.78,2.38,1,0.12325,0
2576,2025-01-19,30,Unemployed,Married,4,North,365,65,0.66,1.74,5.4,3.65,2,0.21335,1
2577,2025-01-20,45,Unemployed,Married,0,South,704,74,0.64,-0.27,3.48,2.46,2,0.1391,0
2578,2025-01-21,22,Employed,Single,0,East,874,52,0.34,1.83,5.66,2.75,2,0.08650000000000001,0
2579,2025-01-22,45,Unemployed,Married,1,South,734,97,0.76,1.33,4.56,4.36,3,0.121,0
2580,2025-01-23,53,Employed,Married,2,South,527,115,0.66,1.48,2.41,3.05,3,0.1605,0
2581,2025-01-24,56,Employed,Single,4,South,775,104,0.52,1.32,4.91,3.55,3,0.1126,0
2582,2025-01-25,51,Employed,Married,1,West,767,18,0.66,2.43,4.33,3.12,1,0.10060000000000001,0
2583,2025-01-26,34,Self-Employed,Married,2,North,400,65,0.58,2.28,7.07,3.63,2,0.20755,0
2584,2025-01-27,21,Employed,Divorced,3,East,722,111,1.41,0.79,2.0,3.4,3,0.11660000000000001,0
2585,2025-01-28,66,Employed,Single,3,West,655,83,1.47,1.77,3.76,2.6,2,0.13235000000000002,0
2586,2025-01-29,36,Employed,Single,2,North,438,104,1.26,0.48,3.23,2.11,3,0.19685,0
2587,2025-01-30,66,Employed,Married,0,West,868,51,1.49,0.29,6.18,2.36,2,0.10600000000000001,0
2588,2025-01-31,23,Unemployed,Single,0,North,430,30,0.4,2.4,5.32,2.75,2,0.1901,0
2589,2025-02-01,55,Employed,Widowed,3,East,848,59,1.26,0.86,6.12,3.28,2,0.105,0
2590,2025-02-02,61,Unemployed,Single,0,East,767,116,0.61,1.39,3.33,3.5,3,0.10600000000000001,0
2591,2025-02-03,26,Employed,Married,0,East,779,67,1.12,2.22,3.55,2.98,2,0.0958,0
2592,2025-02-04,45,Unemployed,Married,2,East,410,92,0.3,1.98,5.09,3.08,3,0.19815,0
2593,2025-02-05,33,Self-Employed,Single,2,North,452,119,1.22,3.4,7.6,1.84,3,0.186,0
2594,2025-02-06,54,Employed,Single,0,West,541,29,0.13,0.74,5.82,2.86,1,0.18145000000000003,0
2595,2025-02-07,28,Employed,Married,2,East,578,12,0.41,3.22,3.68,2.95,1,0.1367,1
2596,2025-02-08,41,Self-Employed,Married,4,East,662,14,1.23,2.58,5.33,3.22,1,0.13035,0
2597,2025-02-09,54,Unemployed,Single,3,East,707,19,1.12,2.76,5.89,2.84,1,0.12009999999999998,0
2598,2025-02-10,24,Employed,Divorced,4,South,474,33,0.75,1.61,2.96,2.75,2,0.1752,0
2599,2025-02-11,45,Employed,Single,4,East,434,91,1.01,1.05,4.62,3.94,3,0.1991,1
2600,2025-02-12,35,Unemployed,Married,0,East,805,19,0.28,2.1,4.73,2.31,1,0.0964,0
2601,2025-02-13,24,Self-Employed,Married,0,North,593,49,1.0,1.04,7.69,3.68,2,0.1748,0
2602,2025-02-14,65,Employed,Single,4,South,794,88,0.01,1.01,5.14,3.31,2,0.1121,1
2603,2025-02-15,32,Employed,Divorced,4,North,718,26,1.25,2.15,7.5,2.94,1,0.1315,0
2604,2025-02-16,52,Employed,Single,1,West,505,29,0.77,3.05,3.88,4.1,1,0.15765,1
2605,2025-02-17,52,Self-Employed,Single,1,South,617,55,1.42,0.4,5.82,2.97,2,0.16585,0
2606,2025-02-18,48,Employed,Single,3,North,372,104,0.72,3.31,2.92,2.57,3,0.1835,0
2607,2025-02-19,33,Retired,Married,4,North,558,83,0.65,0.76,5.92,3.11,2,0.1775,0
2608,2025-02-20,51,Employed,Married,2,West,657,64,0.68,1.69,4.42,3.44,2,0.13595000000000002,0
2609,2025-02-21,34,Employed,Married,1,West,447,98,0.54,1.71,4.51,3.28,3,0.18869999999999998,0
2610,2025-02-22,40,Self-Employed,Single,0,East,524,54,0.25,1.52,6.07,2.73,2,0.17915,0
2611,2025-02-23,38,Retired,Single,4,East,404,112,1.26,1.76,6.22,3.33,3,0.2075,1
2612,2025-02-24,49,Unemployed,Married,2,South,855,106,0.58,2.13,5.46,2.14,3,0.08725000000000001,0
2613,2025-02-25,26,Employed,Single,2,South,655,23,0.79,3.27,7.71,3.68,1,0.1371,0
2614,2025-02-26,52,Unemployed,Divorced,2,West,837,24,0.03,1.8,5.1,3.4,1,0.09325,1
2615,2025-02-27,49,Self-Employed,Single,0,South,560,103,0.09,1.09,5.49,1.92,3,0.17154999999999998,0
2616,2025-02-28,63,Employed,Married,1,East,870,52,0.9,0.93,5.4,2.63,2,0.0952,0
2617,2025-03-01,22,Employed,Single,2,West,872,75,1.32,2.32,6.05,3.62,2,0.08405,0
2618,2025-03-02,43,Employed,Married,1,North,369,10,0.74,2.82,5.04,2.88,1,0.19975,0
2619,2025-03-03,39,Employed,Single,3,West,746,93,0.25,1.35,3.47,2.98,3,0.11235,0
2620,2025-03-04,51,Retired,Single,0,South,746,59,0.17,2.92,5.57,3.7,2,0.10715,0
2621,2025-03-05,25,Employed,Single,1,East,556,76,1.35,4.17,2.7,2.7,2,0.12780000000000002,0
2622,2025-03-06,39,Retired,Single,1,East,830,46,1.05,3.32,6.29,1.93,2,0.08575,0
2623,2025-03-07,54,Employed,Single,2,North,418,24,1.45,1.28,6.76,3.69,1,0.21149999999999997,0
2624,2025-03-08,30,Self-Employed,Married,2,North,365,115,0.12,3.03,4.27,2.78,3,0.1948,0
2625,2025-03-09,45,Employed,Married,0,West,544,24,1.35,2.92,4.22,2.99,1,0.15090000000000003,0
2626,2025-03-10,22,Employed,Married,1,East,356,16,1.27,2.06,2.07,2.9,1,0.19574999999999998,0
2627,2025-03-11,31,Employed,Married,4,North,343,11,1.34,2.9,4.92,2.76,1,0.20484999999999998,0
2628,2025-03-12,51,Employed,Married,2,North,823,114,0.01,2.76,5.57,2.57,3,0.08950000000000001,1
2629,2025-03-13,35,Self-Employed,Married,2,West,723,51,1.11,3.25,5.5,2.91,2,0.10925000000000001,1
2630,2025-03-14,29,Employed,Married,3,West,835,10,0.82,2.58,5.4,2.52,1,0.08745,1
2631,2025-03-15,43,Unemployed,Married,0,East,694,9,0.86,2.75,4.6,3.69,1,0.11699999999999999,0
2632,2025-03-16,39,Employed,Married,1,South,749,80,0.7,0.98,6.37,3.61,2,0.1298,0
2633,2025-03-17,29,Employed,Single,1,South,556,59,1.11,2.0,3.55,3.28,2,0.15375,1
2634,2025-03-18,55,Employed,Single,1,East,660,53,1.5,1.25,3.59,3.26,2,0.13545000000000001,0
2635,2025-03-19,41,Retired,Married,2,South,679,108,1.07,3.2,2.98,2.15,3,0.10815,0
2636,2025-03-20,29,Unemployed,Single,0,East,742,79,1.02,0.64,4.02,3.57,2,0.1232,0
2637,2025-03-21,48,Employed,Divorced,1,East,833,62,0.98,-0.19,3.28,2.78,2,0.10505,0
2638,2025-03-22,66,Employed,Divorced,4,North,773,115,1.04,0.58,1.57,3.68,3,0.1038,0
2639,2025-03-23,27,Employed,Single,3,South,456,19,0.51,1.77,3.92,3.85,1,0.1829,0
2640,2025-03-24,36,Retired,Single,3,East,388,112,0.48,-0.02,6.22,2.88,3,0.2293,1
2641,2025-03-25,36,Self-Employed,Married,1,South,501,4,1.18,0.11,5.43,1.88,1,0.19580000000000003,0
2642,2025-03-26,53,Employed,Married,2,South,761,40,0.08,2.66,5.94,3.12,2,0.10785,0
2643,2025-03-27,24,Self-Employed,Single,3,West,780,117,1.14,0.61,5.79,2.42,3,0.12285,1
2644,2025-03-28,24,Employed,Married,3,South,856,62,1.22,3.0,4.52,2.7,2,0.0736,0
2645,2025-03-29,59,Retired,Married,3,East,753,55,0.78,0.68,4.66,2.89,2,0.12325,0
2646,2025-03-30,60,Employed,Single,3,North,769,31,1.37,-0.14,3.92,3.47,2,0.12374999999999999,0
2647,2025-03-31,37,Self-Employed,Single,1,South,679,26,0.71,0.97,5.37,3.22,1,0.1424,0
2648,2025-04-01,57,Employed,Married,0,East,700,67,0.27,0.71,9.29,3.77,2,0.15935,0
2649,2025-04-02,59,Unemployed,Single,0,West,378,104,0.54,0.71,3.04,2.6,3,0.2086,1
2650,2025-04-03,49,Unemployed,Married,2,South,850,47,1.36,1.89,6.5,3.56,2,0.0961,0
2651,2025-04-04,56,Self-Employed,Married,4,North,685,6,1.49,2.17,4.2,3.39,1,0.12305,0
2652,2025-04-05,58,Self-Employed,Married,0,South,642,45,0.63,3.38,7.18,3.34,2,0.1366,0
2653,2025-04-06,59,Unemployed,Divorced,4,East,744,77,0.25,1.64,5.55,3.56,2,0.12034999999999998,0
2654,2025-04-07,57,Employed,Divorced,0,South,351,102,0.43,2.29,4.14,3.41,3,0.20505,0
2655,2025-04-08,55,Employed,Single,0,South,550,87,0.83,0.67,4.65,2.19,2,0.17405,1
2656,2025-04-09,27,Employed,Single,2,West,628,111,0.86,1.09,6.07,2.71,3,0.15744999999999998,1
2657,2025-04-10,47,Retired,Married,3,South,793,17,0.95,3.3,7.53,3.49,1,0.1014,0
2658,2025-04-11,48,Employed,Married,2,North,649,37,1.25,3.4,6.21,3.24,2,0.12980000000000003,0
2659,2025-04-12,42,Unemployed,Single,0,South,758,102,1.07,3.59,4.33,3.52,3,0.09125,0
2660,2025-04-13,34,Self-Employed,Divorced,3,West,797,114,0.39,1.87,5.73,3.1,3,0.1057,0
2661,2025-04-14,27,Employed,Single,3,East,424,103,0.59,0.68,7.4,2.73,3,0.2192,0
2662,2025-04-15,57,Employed,Single,3,South,503,64,1.26,1.22,5.7,2.59,2,0.18555,0
2663,2025-04-16,42,Employed,Single,4,South,320,16,0.95,1.67,4.81,2.18,1,0.22235,0
2664,2025-04-17,25,Employed,Married,0,West,889,89,0.25,1.43,2.88,3.26,2,0.07285,0
2665,2025-04-18,22,Employed,Married,1,West,862,114,0.49,2.11,6.84,2.28,3,0.0926,1
2666,2025-04-19,47,Employed,Single,2,West,661,85,1.19,2.75,4.81,3.0,2,0.1263,0
2667,2025-04-20,41,Unemployed,Single,4,South,660,102,0.26,0.97,3.94,2.94,3,0.14,0
2668,2025-04-21,58,Retired,Single,2,North,415,81,1.04,3.92,6.1,3.56,2,0.18255,0
2669,2025-04-22,35,Employed,Married,1,West,354,37,0.85,2.07,6.16,4.15,2,0.21660000000000001,0
2670,2025-04-23,41,Employed,Single,3,East,591,91,0.22,3.36,3.62,2.81,3,0.13175,0
2671,2025-04-24,30,Employed,Divorced,1,South,350,84,1.03,2.42,3.87,3.26,2,0.20264999999999997,0
2672,2025-04-25,43,Self-Employed,Single,2,East,553,62,0.21,4.16,5.84,3.0,2,0.14435,1
2673,2025-04-26,59,Unemployed,Widowed,1,East,791,101,0.6,0.84,6.81,2.55,3,0.1229,0
2674,2025-04-27,25,Employed,Single,0,North,872,96,0.46,1.49,4.51,3.59,3,0.08465,0
2675,2025-04-28,21,Employed,Married,1,East,524,93,1.04,1.49,4.69,3.2,3,0.17255,0
2676,2025-04-29,33,Unemployed,Single,0,West,768,41,1.17,2.18,3.96,3.29,2,0.101,0
2677,2025-04-30,41,Self-Employed,Single,1,West,402,118,0.25,2.13,6.85,3.45,3,0.20744999999999997,0
2678,2025-05-01,46,Employed,Divorced,0,South,347,7,1.22,2.39,5.99,3.45,1,0.2143,0
2679,2025-05-02,65,Self-Employed,Divorced,0,North,641,29,0.01,2.14,3.33,2.92,1,0.13,0
2680,2025-05-03,41,Employed,Married,1,North,532,102,0.8,2.56,7.49,3.53,3,0.17385,0
2681,2025-05-04,38,Employed,Married,4,East,881,63,0.78,1.52,10.18,2.92,2,0.11044999999999999,1
2682,2025-05-05,57,Unemployed,Married,3,North,858,8,0.94,2.47,2.3,2.4,1,0.0673,1
2683,2025-05-06,65,Unemployed,Divorced,3,East,527,96,0.36,4.82,5.52,3.25,3,0.14265,0
2684,2025-05-07,52,Employed,Single,3,East,821,56,0.01,2.0,2.68,3.68,2,0.08315,0
2685,2025-05-08,56,Retired,Married,0,North,891,106,0.68,0.56,4.56,2.67,3,0.08945,0
2686,2025-05-09,37,Employed,Married,3,South,312,58,0.11,1.37,2.8,2.21,2,0.2173,0
2687,2025-05-10,55,Unemployed,Single,0,East,798,92,1.34,1.54,7.21,3.06,3,0.11614999999999999,0
2688,2025-05-11,69,Employed,Divorced,4,West,744,94,0.26,1.11,4.45,2.48,3,0.12015,0
2689,2025-05-12,31,Unemployed,Single,1,West,639,66,0.64,2.12,6.52,2.72,2,0.14665,0
2690,2025-05-13,41,Retired,Single,1,North,623,113,0.65,2.8,5.26,3.05,3,0.13755,0
2691,2025-05-14,46,Employed,Married,0,North,895,101,0.83,0.7,7.56,1.52,3,0.10205000000000002,0
2692,2025-05-15,24,Retired,Married,0,East,897,74,1.17,0.31,3.18,2.77,2,0.08355000000000001,0
2693,2025-05-16,54,Unemployed,Single,4,East,456,4,0.71,4.47,1.71,2.81,1,0.14485,0
2694,2025-05-17,68,Unemployed,Single,3,West,874,94,0.04,1.06,4.13,3.92,3,0.08655,0
2695,2025-05-18,38,Employed,Divorced,4,East,730,83,1.16,3.41,4.44,2.92,2,0.1006,0
2696,2025-05-19,60,Unemployed,Single,1,West,854,3,0.12,2.76,2.61,4.07,1,0.06695000000000001,0
2697,2025-05-20,55,Unemployed,Married,1,East,706,7,0.96,1.4,5.64,3.62,1,0.13269999999999998,0
2698,2025-05-21,61,Employed,Married,3,South,457,41,1.21,1.21,5.57,3.22,2,0.19649999999999998,0
2699,2025-05-22,49,Retired,Married,1,South,484,34,0.42,1.4,7.0,3.18,2,0.195,0
2700,2025-05-23,49,Employed,Divorced,0,West,790,12,0.67,1.56,6.55,3.16,1,0.11465,1
2701,2025-05-24,58,Employed,Married,1,South,835,112,0.02,2.62,4.25,3.07,3,0.08130000000000001,0
2702,2025-05-25,62,Employed,Married,2,South,656,4,1.21,0.61,3.26,2.26,1,0.1412,0
2703,2025-05-26,41,Self-Employed,Married,3,North,661,39,1.05,3.28,2.43,3.17,2,0.1091,0
2704,2025-05-27,62,Self-Employed,Married,3,East,523,18,0.35,1.36,4.7,3.05,1,0.17415,1
2705,2025-05-28,33,Employed,Married,3,North,503,81,0.59,0.54,4.68,3.11,2,0.18724999999999997,0
2706,2025-05-29,69,Retired,Divorced,2,West,307,96,1.04,2.19,5.58,3.87,3,0.22425,1
2707,2025-05-30,61,Employed,Single,4,North,771,3,0.54,4.4,2.55,2.9,1,0.07100000000000001,0
2708,2025-05-31,37,Employed,Single,0,West,471,58,0.24,1.16,5.21,2.47,2,0.1917,0
2709,2025-06-01,29,Employed,Single,3,South,395,17,0.78,2.13,5.79,2.72,1,0.2039,0
2710,2025-06-02,61,Self-Employed,Single,1,North,605,109,1.09,2.14,4.03,3.42,3,0.14250000000000002,0
2711,2025-06-03,21,Retired,Single,0,South,557,23,0.48,3.89,5.85,3.14,1,0.1461,0
2712,2025-06-04,22,Self-Employed,Divorced,1,East,773,106,0.18,1.06,4.64,3.02,3,0.11435000000000001,0
2713,2025-06-05,68,Unemployed,Married,0,South,599,92,1.24,2.94,6.78,2.31,3,0.14975,1
2714,2025-06-06,49,Employed,Married,0,East,764,30,0.38,0.58,7.15,3.6,2,0.13395,1
2715,2025-06-07,53,Employed,Married,1,South,627,57,0.77,2.22,5.04,2.69,2,0.14125000000000001,0
2716,2025-06-08,30,Employed,Married,1,North,409,27,1.04,2.74,6.29,3.18,1,0.19679999999999997,1
2717,2025-06-09,60,Employed,Married,0,North,428,8,0.48,3.0,2.97,2.95,1,0.17285,0
2718,2025-06-10,41,Employed,Divorced,3,South,436,44,0.97,0.63,4.29,2.21,2,0.20115,0
2719,2025-06-11,48,Self-Employed,Single,1,West,838,89,0.69,-0.01,5.55,3.19,2,0.11335,1
2720,2025-06-12,31,Employed,Divorced,2,West,463,48,0.86,1.8,4.33,2.4,2,0.1829,0
2721,2025-06-13,54,Unemployed,Married,2,East,648,110,0.89,1.43,4.58,3.17,3,0.1416,0
2722,2025-06-14,28,Employed,Single,0,East,762,1,1.24,0.58,3.54,2.74,1,0.1164,0
2723,2025-06-15,42,Employed,Married,4,South,803,5,0.98,0.69,7.6,2.9,1,0.12535000000000002,1
2724,2025-06-16,28,Self-Employed,Married,0,North,450,28,0.4,1.52,3.57,3.35,1,0.18514999999999998,0
2725,2025-06-17,69,Employed,Single,0,East,545,25,0.09,3.71,6.16,2.37,1,0.15245,0
2726,2025-06-18,35,Unemployed,Married,3,South,409,27,0.0,0.77,4.24,4.55,1,0.20625,0
2727,2025-06-19,37,Self-Employed,Single,3,East,884,6,1.36,2.89,5.93,2.58,1,0.07475,0
2728,2025-06-20,43,Employed,Single,4,North,574,33,1.41,0.53,4.06,3.35,2,0.1665,1
2729,2025-06-21,44,Retired,Divorced,4,East,366,55,0.14,1.25,4.47,3.45,2,0.21335,1
2730,2025-06-22,65,Employed,Married,4,South,349,108,0.73,0.47,5.61,3.76,3,0.23109999999999997,0
2731,2025-06-23,39,Employed,Divorced,4,East,814,9,0.23,4.17,5.91,2.67,1,0.07935,0
2732,2025-06-24,25,Self-Employed,Married,4,West,525,111,1.42,2.96,6.32,2.63,3,0.16575,0
2733,2025-06-25,52,Employed,Single,0,East,877,104,0.37,2.7,5.04,3.55,3,0.07395,0
2734,2025-06-26,64,Unemployed,Married,0,North,805,103,0.75,2.65,6.61,3.27,3,0.1003,0
2735,2025-06-27,21,Unemployed,Married,2,North,454,56,0.25,1.19,5.35,3.28,2,0.19634999999999997,0
2736,2025-06-28,43,Retired,Widowed,2,North,779,46,0.5,2.04,4.77,3.7,2,0.1037,0
2737,2025-06-29,57,Employed,Single,1,North,410,85,0.4,0.95,6.27,3.05,2,0.21434999999999998,0
2738,2025-06-30,28,Employed,Divorced,0,South,782,26,0.71,4.69,5.16,3.09,1,0.0784,0
2739,2025-07-01,33,Unemployed,Divorced,4,East,573,38,0.63,0.88,5.36,3.66,2,0.16975,0
2740,2025-07-02,28,Employed,Married,1,East,454,21,0.5,1.14,3.52,3.09,1,0.18769999999999998,0
2741,2025-07-03,43,Employed,Divorced,3,East,466,118,0.16,3.6,4.04,2.49,3,0.1627,1
2742,2025-07-04,63,Employed,Single,0,East,318,18,0.73,1.9,5.61,2.55,1,0.22454999999999997,0
2743,2025-07-05,21,Employed,Widowed,2,South,644,99,1.28,2.6,3.68,2.87,3,0.1264,0
2744,2025-07-06,65,Employed,Married,0,North,868,8,1.1,1.92,5.04,3.18,1,0.084,0
2745,2025-07-07,44,Unemployed,Single,0,East,593,18,1.08,1.31,2.15,3.48,1,0.1444,1
2746,2025-07-08,55,Unemployed,Divorced,0,East,761,1,0.55,1.31,7.86,4.2,1,0.13095,0
2747,2025-07-09,44,Employed,Married,0,North,637,91,1.06,2.86,6.01,2.88,3,0.1372,0
2748,2025-07-10,37,Employed,Married,3,West,751,60,0.7,2.23,4.33,2.3,2,0.1066,0
2749,2025-07-11,25,Employed,Married,2,West,643,58,0.23,3.2,7.26,2.2,2,0.13855,0
2750,2025-07-12,40,Unemployed,Single,0,North,384,102,0.63,3.19,3.66,2.89,3,0.1854,0
2751,2025-07-13,41,Employed,Married,3,East,688,85,0.2,2.58,4.16,3.0,2,0.118,0
2752,2025-07-14,60,Unemployed,Married,1,North,526,114,0.17,3.05,5.76,3.31,3,0.1618,0
2753,2025-07-15,51,Employed,Single,0,East,585,69,0.03,2.54,6.4,4.22,2,0.15535000000000002,0
2754,2025-07-16,66,Self-Employed,Single,3,East,583,110,0.42,2.38,4.14,3.31,3,0.14615,0
2755,2025-07-17,56,Employed,Single,4,West,408,70,0.5,1.68,5.69,3.04,2,0.20465,0
2756,2025-07-18,31,Unemployed,Married,1,West,434,69,1.05,0.31,5.5,3.5,2,0.21089999999999998,0
2757,2025-07-19,35,Employed,Married,2,East,590,32,0.81,1.37,4.96,2.21,2,0.15860000000000002,0
2758,2025-07-20,39,Self-Employed,Married,0,East,807,77,1.29,3.45,4.19,3.12,2,0.0797,0
2759,2025-07-21,27,Employed,Divorced,0,East,328,64,0.26,2.29,6.26,2.19,2,0.22139999999999999,0
2760,2025-07-22,48,Unemployed,Married,3,West,693,24,0.4,1.6,1.98,3.7,1,0.11564999999999999,0
2761,2025-07-23,63,Unemployed,Single,2,East,326,69,1.41,3.2,5.21,2.32,2,0.20754999999999998,1
2762,2025-07-24,25,Employed,Divorced,4,North,766,27,0.67,1.55,3.97,3.5,1,0.10785,0
2763,2025-07-25,25,Unemployed,Married,1,South,312,17,1.18,2.71,4.82,3.41,1,0.21399999999999997,1
2764,2025-07-26,50,Self-Employed,Married,2,South,853,62,0.74,3.33,3.96,3.74,2,0.06825,0
2765,2025-07-27,52,Employed,Married,0,East,744,90,0.71,2.61,3.19,2.54,3,0.09885,0
2766,2025-07-28,28,Employed,Divorced,3,North,523,48,0.22,3.06,4.03,2.97,2,0.1538,0
2767,2025-07-29,30,Employed,Married,4,East,762,65,1.28,2.47,4.17,3.49,2,0.10065000000000002,0
2768,2025-07-30,58,Unemployed,Single,3,North,320,39,0.12,0.1,4.65,3.17,2,0.23725,0
2769,2025-07-31,67,Unemployed,Married,1,West,686,84,0.47,3.31,4.98,3.25,2,0.1153,0
2770,2025-08-01,52,Employed,Single,2,West,625,86,1.01,2.8,5.94,3.37,2,0.14045000000000002,0
2771,2025-08-02,68,Employed,Single,3,East,766,118,0.76,1.7,7.22,2.83,3,0.1226,0
2772,2025-08-03,48,Unemployed,Married,3,West,821,65,1.32,1.41,5.1,2.52,2,0.10114999999999999,1
2773,2025-08-04,37,Retired,Single,0,East,524,79,0.06,2.12,3.43,2.6,2,0.15995,0
2774,2025-08-05,51,Employed,Single,3,South,774,3,0.97,0.8,6.16,2.96,1,0.12430000000000001,0
2775,2025-08-06,28,Retired,Single,4,North,757,33,0.72,2.94,5.4,2.63,2,0.10335,0
2776,2025-08-07,60,Employed,Married,2,North,512,118,0.23,1.85,3.5,2.86,3,0.16599999999999998,0
2777,2025-08-08,45,Employed,Married,1,South,780,4,1.11,1.1,5.11,2.99,1,0.11455,0
2778,2025-08-09,29,Unemployed,Widowed,3,South,479,112,0.62,2.66,6.01,3.76,3,0.1787,0
2779,2025-08-10,22,Employed,Single,4,South,837,97,0.8,2.47,3.73,2.45,3,0.07970000000000001,0
2780,2025-08-11,35,Employed,Married,1,South,826,21,1.45,2.82,4.15,2.62,1,0.08105000000000001,0
2781,2025-08-12,23,Employed,Divorced,4,West,321,109,0.73,0.72,5.11,2.98,3,0.23309999999999997,1
2782,2025-08-13,69,Unemployed,Single,3,North,644,19,1.24,2.74,4.56,2.48,1,0.12940000000000002,0
2783,2025-08-14,56,Unemployed,Married,3,North,876,102,1.15,3.79,2.68,1.48,3,0.051500000000000004,0
2784,2025-08-15,24,Employed,Married,2,South,320,46,0.99,1.96,8.52,2.69,2,0.238,0
2785,2025-08-16,34,Employed,Single,0,East,707,113,1.35,1.89,4.1,2.87,3,0.11985,0
2786,2025-08-17,61,Employed,Divorced,4,East,786,76,0.38,0.61,3.95,3.09,2,0.11215000000000001,0
2787,2025-08-18,61,Self-Employed,Married,0,East,827,107,1.23,2.08,4.43,2.52,3,0.0896,0
2788,2025-08-19,45,Employed,Single,0,East,715,33,0.57,0.98,4.83,3.84,2,0.1306,0
2789,2025-08-20,30,Unemployed,Single,1,West,571,43,1.22,3.17,5.47,3.39,2,0.1479,0
2790,2025-08-21,41,Employed,Single,1,North,504,5,0.74,4.43,3.38,2.45,1,0.1416,0
2791,2025-08-22,56,Employed,Single,4,North,597,55,1.29,4.45,6.87,2.69,2,0.1356,0
2792,2025-08-23,32,Employed,Married,0,North,852,28,1.34,1.14,2.85,2.66,1,0.08485000000000001,0
2793,2025-08-24,47,Employed,Married,2,East,407,96,0.9,1.26,4.31,2.46,3,0.2022,1
2794,2025-08-25,60,Retired,Single,0,South,451,52,0.76,2.61,6.13,3.57,2,0.18679999999999997,0
2795,2025-08-26,22,Employed,Divorced,1,East,312,0,1.17,1.77,6.04,2.47,1,0.22949999999999998,1
2796,2025-08-27,33,Employed,Single,0,North,378,110,0.4,2.01,0.8,3.05,3,0.1844,0
2797,2025-08-28,52,Employed,Single,3,East,853,58,0.02,4.45,4.89,2.74,2,0.061700000000000005,0
2798,2025-08-29,51,Employed,Single,3,South,468,47,0.61,0.92,5.07,2.9,2,0.19415,0
2799,2025-08-30,36,Employed,Married,2,South,548,117,0.76,2.27,5.34,3.51,3,0.162,0
2800,2025-08-31,52,Employed,Married,4,East,420,6,0.45,2.38,4.08,3.16,1,0.1866,0
2801,2025-09-01,52,Employed,Single,0,North,686,85,0.58,3.05,4.6,3.18,2,0.11599999999999999,0
2802,2025-09-02,54,Self-Employed,Single,3,West,738,31,0.2,1.14,5.76,3.16,2,0.1279,0
2803,2025-09-03,31,Employed,Married,4,North,571,77,0.42,3.48,6.11,3.24,2,0.14800000000000002,0
2804,2025-09-04,30,Employed,Widowed,3,West,599,60,0.36,2.26,2.83,2.48,2,0.1368,0
2805,2025-09-05,35,Retired,Single,4,North,772,56,0.45,1.17,5.68,2.66,2,0.11870000000000001,0
2806,2025-09-06,37,Employed,Single,4,East,457,50,0.45,1.82,5.51,3.19,2,0.19009999999999996,1
2807,2025-09-07,60,Employed,Married,3,West,526,87,0.84,3.0,6.26,2.64,2,0.1648,0
2808,2025-09-08,38,Employed,Married,1,North,720,18,0.38,4.08,3.69,2.82,1,0.09265,0
2809,2025-09-09,29,Employed,Single,4,East,323,26,1.41,1.65,5.65,3.14,1,0.22599999999999998,0
2810,2025-09-10,45,Unemployed,Divorced,0,North,837,62,0.77,4.12,2.19,3.55,2,0.0555,0
2811,2025-09-11,60,Employed,Married,3,South,869,59,0.19,3.24,4.44,3.43,2,0.06755,1
2812,2025-09-12,34,Unemployed,Married,1,South,839,60,0.42,1.49,4.51,3.8,2,0.09290000000000001,0
2813,2025-09-13,45,Employed,Married,3,North,427,60,1.09,2.6,5.12,3.07,2,0.18785,0
2814,2025-09-14,42,Employed,Widowed,2,East,393,86,0.02,2.87,6.09,3.06,2,0.19849999999999998,1
2815,2025-09-15,50,Unemployed,Married,0,North,720,44,1.41,1.76,3.36,2.67,2,0.1142,0
2816,2025-09-16,40,Employed,Single,2,East,571,20,0.67,1.36,6.8,3.28,1,0.17265000000000003,1
2817,2025-09-17,41,Self-Employed,Single,4,West,783,43,0.78,1.87,1.48,3.63,2,0.08795,0
2818,2025-09-18,64,Employed,Married,4,South,304,92,1.48,1.61,2.47,2.72,3,0.21525,0
2819,2025-09-19,52,Unemployed,Single,2,West,456,0,0.76,2.28,6.41,3.22,1,0.19025,0
2820,2025-09-20,66,Employed,Married,2,East,351,94,1.42,4.18,5.16,3.56,3,0.19125,0
2821,2025-09-21,69,Unemployed,Married,4,North,542,90,1.37,2.46,7.56,2.58,3,0.17270000000000002,1
2822,2025-09-22,41,Employed,Married,1,South,719,43,1.41,3.81,6.15,3.27,2,0.1079,0
2823,2025-09-23,55,Unemployed,Widowed,0,East,724,99,1.22,2.57,5.02,3.3,3,0.1134,1
2824,2025-09-24,52,Employed,Single,3,East,379,61,0.44,4.89,4.26,1.89,2,0.17264999999999997,0
2825,2025-09-25,50,Unemployed,Divorced,2,South,653,60,0.52,1.19,4.06,2.73,2,0.14015,0
2826,2025-09-26,59,Employed,Married,0,North,592,90,0.55,-0.07,5.55,2.44,3,0.17545,0
2827,2025-09-27,69,Retired,Single,3,South,415,78,1.47,2.27,4.13,2.74,2,0.18919999999999998,0
2828,2025-09-28,32,Employed,Married,3,North,828,88,0.54,2.4,5.37,2.79,2,0.09085,0
2829,2025-09-29,61,Employed,Single,2,North,779,111,0.16,3.58,3.99,2.98,3,0.0844,0
2830,2025-09-30,67,Employed,Married,1,East,587,78,1.17,3.9,5.3,3.45,2,0.13574999999999998,0
2831,2025-10-01,38,Employed,Married,1,North,776,103,0.55,0.44,7.31,3.61,3,0.13315,0
2832,2025-10-02,41,Employed,Single,0,North,324,82,0.93,1.83,5.83,3.09,2,0.22485,0
2833,2025-10-03,33,Retired,Married,0,South,730,110,1.39,2.14,4.3,3.65,3,0.1126,0
2834,2025-10-04,41,Retired,Married,4,South,577,49,0.86,0.85,5.53,3.42,2,0.1699,0
2835,2025-10-05,28,Employed,Single,1,North,616,74,0.96,1.86,5.41,2.96,2,0.14945,1
2836,2025-10-06,66,Retired,Single,0,East,657,40,0.96,3.09,5.31,3.73,2,0.1264,0
2837,2025-10-07,60,Employed,Married,4,South,575,32,0.92,3.16,5.58,3.03,2,0.14755000000000001,0
2838,2025-10-08,66,Employed,Married,3,West,643,104,0.24,2.37,6.36,3.12,3,0.14235,0
2839,2025-10-09,27,Unemployed,Divorced,0,East,730,86,0.68,3.7,6.61,2.52,2,0.10855000000000001,0
2840,2025-10-10,43,Self-Employed,Divorced,4,South,858,11,0.01,2.35,5.0,3.18,1,0.082,0
2841,2025-10-11,64,Retired,Married,1,South,862,1,0.94,3.28,2.93,3.21,1,0.06135000000000001,0
2842,2025-10-12,52,Employed,Married,3,West,738,106,0.86,1.16,5.13,3.43,3,0.12455000000000001,0
2843,2025-10-13,31,Self-Employed,Married,0,North,761,20,0.48,1.23,4.76,2.89,1,0.11624999999999999,0
2844,2025-10-14,42,Employed,Married,1,South,569,13,0.79,4.08,5.83,2.64,1,0.1411,0
2845,2025-10-15,42,Employed,Single,3,West,730,33,0.74,1.51,3.18,3.2,2,0.11330000000000001,0
2846,2025-10-16,63,Employed,Single,2,West,320,78,0.38,3.01,5.75,3.37,2,0.21364999999999998,0
2847,2025-10-17,45,Retired,Married,1,South,442,84,0.44,1.47,5.19,2.83,2,0.19574999999999998,0
2848,2025-10-18,42,Unemployed,Single,2,East,652,63,1.14,2.39,3.54,2.58,2,0.12580000000000002,0
2849,2025-10-19,48,Unemployed,Married,0,South,764,22,1.13,1.86,1.89,2.79,1,0.09484999999999999,0
2850,2025-10-20,49,Employed,Married,4,West,767,84,0.7,2.72,6.3,3.79,2,0.10755,0
2851,2025-10-21,33,Employed,Single,0,South,812,49,1.08,2.71,3.52,2.51,2,0.08249999999999999,0
2852,2025-10-22,38,Employed,Married,1,East,763,13,0.68,1.34,2.78,2.5,1,0.10475,1
2853,2025-10-23,22,Employed,Divorced,2,North,693,84,1.28,2.75,4.15,3.93,2,0.11499999999999999,0
2854,2025-10-24,49,Employed,Married,2,North,357,75,0.5,0.86,6.76,2.92,2,0.23095,0
2855,2025-10-25,41,Unemployed,Single,3,South,425,105,1.39,3.73,5.29,2.39,3,0.1779,1
2856,2025-10-26,35,Employed,Single,0,South,760,45,0.81,2.36,5.67,2.29,2,0.10974999999999999,0
2857,2025-10-27,47,Employed,Married,0,West,351,117,0.8,-1.03,4.93,3.29,3,0.2422,1
2858,2025-10-28,51,Employed,Married,1,East,568,110,1.01,0.69,5.45,3.17,3,0.17335,0
2859,2025-10-29,35,Employed,Single,2,West,395,4,0.51,2.68,4.69,3.29,1,0.1929,0
2860,2025-10-30,43,Employed,Single,1,West,572,65,1.09,2.96,4.29,2.57,2,0.14384999999999998,1
2861,2025-10-31,44,Retired,Divorced,1,North,622,21,0.48,1.61,4.04,2.41,1,0.1436,1
2862,2025-11-01,64,Self-Employed,Married,2,West,872,69,0.6,2.16,4.54,3.27,2,0.0781,0
2863,2025-11-02,33,Unemployed,Widowed,1,West,432,107,1.01,2.73,8.62,2.48,3,0.20279999999999998,0
2864,2025-11-03,42,Employed,Married,2,North,388,1,0.57,3.31,5.86,2.92,1,0.19419999999999998,1
2865,2025-11-04,63,Employed,Divorced,1,North,304,28,0.3,2.91,3.71,2.56,1,0.20844999999999997,0
2866,2025-11-05,57,Employed,Single,4,East,656,60,1.31,1.44,3.0,3.82,2,0.1316,0
2867,2025-11-06,53,Unemployed,Married,1,East,642,99,1.38,3.36,4.86,3.46,3,0.1252,0
2868,2025-11-07,23,Unemployed,Single,1,East,503,70,0.94,-0.17,2.44,4.32,2,0.18314999999999998,0
2869,2025-11-08,39,Employed,Married,4,South,872,15,1.22,1.72,6.36,3.32,1,0.0916,0
2870,2025-11-09,43,Employed,Married,0,North,770,63,1.48,2.62,1.17,3.16,2,0.08215,1
2871,2025-11-10,49,Employed,Single,2,South,763,96,0.92,0.79,4.53,3.34,3,0.119,0
2872,2025-11-11,50,Self-Employed,Divorced,3,South,796,96,1.36,2.05,2.3,2.21,3,0.08700000000000001,0
2873,2025-11-12,59,Retired,Divorced,4,East,362,13,0.54,2.55,5.67,2.11,1,0.20734999999999998,0
2874,2025-11-13,64,Self-Employed,Single,0,North,855,42,1.05,1.22,3.86,3.36,2,0.08835,0
2875,2025-11-14,67,Employed,Married,1,South,538,75,0.08,2.19,6.06,2.71,2,0.16890000000000002,0
2876,2025-11-15,45,Employed,Single,0,West,839,42,1.18,0.78,1.75,3.0,2,0.0862,0
2877,2025-11-16,57,Employed,Married,4,West,497,69,1.24,3.01,6.69,2.19,2,0.1741,0
2878,2025-11-17,67,Employed,Married,1,North,329,54,0.6,2.53,5.53,2.74,2,0.21509999999999999,1
2879,2025-11-18,28,Employed,Single,0,South,508,75,0.96,2.74,4.95,2.82,2,0.16535,0
2880,2025-11-19,62,Unemployed,Divorced,3,East,362,116,1.29,1.93,3.74,3.46,3,0.20389999999999997,0
2881,2025-11-20,36,Unemployed,Single,2,South,356,30,1.33,0.33,4.54,3.07,2,0.2254,0
2882,2025-11-21,28,Employed,Married,2,West,732,75,0.16,1.87,6.08,2.31,2,0.1237,0
2883,2025-11-22,21,Unemployed,Married,4,West,607,73,1.24,3.73,3.75,2.74,2,0.1247,0
2884,2025-11-23,64,Employed,Single,1,East,874,39,0.41,3.02,4.83,3.55,2,0.07045,0
2885,2025-11-24,25,Employed,Single,1,North,765,26,1.09,3.75,4.55,2.77,1,0.089,0
2886,2025-11-25,23,Employed,Married,2,South,406,51,0.49,2.06,5.27,3.45,2,0.19924999999999998,0
2887,2025-11-26,21,Employed,Married,0,West,899,114,0.08,1.31,2.91,2.73,3,0.0717,0
2888,2025-11-27,24,Employed,Single,1,South,600,6,0.31,2.59,7.18,3.17,1,0.155,0
2889,2025-11-28,60,Employed,Married,3,East,345,45,0.61,1.81,6.4,3.03,2,0.22265000000000001,0
2890,2025-11-29,55,Employed,Single,3,East,376,99,1.11,1.44,2.34,2.95,3,0.19829999999999998,0
2891,2025-11-30,52,Retired,Single,1,North,468,32,0.15,0.27,2.05,2.34,2,0.18555,1
2892,2025-12-01,62,Employed,Married,1,East,428,90,1.22,2.33,7.11,2.19,3,0.20024999999999998,0
2893,2025-12-02,54,Employed,Single,2,North,567,7,1.5,2.94,5.1,3.12,1,0.14935,0
2894,2025-12-03,63,Employed,Married,4,South,899,4,1.18,0.84,2.3,3.02,1,0.07335000000000001,0
2895,2025-12-04,45,Self-Employed,Married,2,West,884,60,0.71,3.49,4.26,2.73,2,0.0604,0
2896,2025-12-05,30,Employed,Divorced,4,West,718,71,0.85,2.25,4.57,2.56,2,0.11585000000000001,0
2897,2025-12-06,41,Unemployed,Married,3,North,460,103,0.01,2.11,5.96,3.67,3,0.18869999999999998,0
2898,2025-12-07,66,Employed,Divorced,4,West,357,59,0.31,0.78,6.42,3.5,2,0.23005,0
2899,2025-12-08,59,Employed,Married,2,North,683,84,1.35,2.53,5.19,3.37,2,0.1249,0
2900,2025-12-09,47,Self-Employed,Married,1,North,809,23,0.03,0.85,4.74,3.81,1,0.10795,0
2901,2025-12-10,47,Employed,Widowed,4,South,729,6,1.36,1.05,4.29,2.45,1,0.1237,0
2902,2025-12-11,22,Employed,Married,2,South,639,60,0.17,0.33,7.11,3.14,2,0.1675,0
2903,2025-12-12,61,Employed,Single,3,East,877,82,0.2,4.7,4.37,2.31,2,0.05059999999999999,0
2904,2025-12-13,68,Self-Employed,Married,4,North,325,94,0.26,1.95,5.78,2.8,3,0.22315,0
2905,2025-12-14,33,Employed,Divorced,3,South,888,35,1.2,1.39,3.39,2.84,2,0.07605,0
2906,2025-12-15,29,Employed,Married,3,North,671,26,0.72,1.96,3.1,2.66,1,0.12315,0
2907,2025-12-16,56,Retired,Married,0,North,335,28,0.22,1.5,5.29,2.98,1,0.22269999999999998,0
2908,2025-12-17,42,Employed,Married,4,North,830,86,1.03,1.82,4.43,4.08,2,0.09145,0
2909,2025-12-18,62,Unemployed,Widowed,2,South,566,19,1.41,2.37,2.94,3.13,1,0.14450000000000002,0
2910,2025-12-19,46,Unemployed,Single,4,North,731,69,0.86,1.59,4.52,3.49,2,0.11895,0
2911,2025-12-20,32,Employed,Married,4,North,318,75,0.15,2.12,8.73,3.05,2,0.23795,0
2912,2025-12-21,37,Employed,Single,3,East,638,113,0.08,4.33,4.94,2.16,3,0.1169,0
2913,2025-12-22,34,Employed,Married,3,North,439,75,1.19,0.17,4.55,2.68,2,0.20629999999999998,0
2914,2025-12-23,34,Self-Employed,Married,3,East,366,113,0.94,0.86,4.55,2.73,3,0.21765,0
2915,2025-12-24,54,Self-Employed,Single,3,North,829,2,1.38,2.49,6.8,2.98,1,0.09684999999999999,0
2916,2025-12-25,40,Unemployed,Single,2,East,668,105,0.82,3.37,4.78,3.3,3,0.1182,0
2917,2025-12-26,31,Retired,Married,1,South,560,38,0.09,4.99,5.37,3.43,2,0.13195,0
2918,2025-12-27,36,Self-Employed,Single,0,South,878,98,0.61,2.41,6.08,3.17,3,0.0818,0
2919,2025-12-28,51,Employed,Single,3,West,881,82,0.99,0.78,6.96,3.53,2,0.10175000000000001,0
2920,2025-12-29,26,Employed,Married,3,North,502,44,0.58,3.51,3.91,2.67,2,0.15395,0
2921,2025-12-30,39,Unemployed,Single,0,West,709,67,1.5,2.12,3.56,3.28,2,0.11435000000000001,0
2922,2025-12-31,57,Employed,Married,3,West,379,30,0.61,2.09,3.93,3.25,2,0.19899999999999998,0
2923,2026-01-01,24,Employed,Divorced,1,East,412,105,0.82,0.06,5.98,3.45,3,0.2213,0
2924,2026-01-02,67,Unemployed,Single,4,South,436,37,0.34,3.17,6.15,2.63,2,0.18505,0
2925,2026-01-03,24,Employed,Single,0,North,488,96,0.23,1.08,5.29,3.92,3,0.18865,1
2926,2026-01-04,40,Retired,Married,2,North,576,5,0.97,2.57,6.47,2.61,1,0.15765,0
2927,2026-01-05,30,Self-Employed,Married,0,East,402,7,0.88,2.07,6.15,2.77,1,0.20455,1
2928,2026-01-06,44,Employed,Divorced,1,West,406,27,0.01,2.2,4.07,3.37,1,0.19185,0
2929,2026-01-07,55,Retired,Divorced,2,East,874,14,0.43,2.05,2.75,2.22,1,0.06975,0
2930,2026-01-08,46,Employed,Married,4,West,472,94,0.97,1.25,4.34,2.53,3,0.1862,0
2931,2026-01-09,57,Employed,Single,3,North,630,7,1.22,1.16,5.81,3.04,1,0.15495,0
2932,2026-01-10,58,Employed,Single,0,East,490,53,0.47,2.95,5.74,2.09,2,0.1717,0
2933,2026-01-11,41,Employed,Single,2,West,524,5,0.97,1.98,2.3,2.6,1,0.1557,0
2934,2026-01-12,60,Employed,Single,0,East,622,28,0.4,1.35,1.46,3.04,1,0.1333,0
2935,2026-01-13,59,Employed,Married,4,South,807,114,1.04,1.49,6.04,2.59,3,0.10855000000000001,0
2936,2026-01-14,41,Employed,Married,0,East,847,109,1.05,2.69,6.07,3.89,3,0.0867,0
2937,2026-01-15,30,Employed,Single,2,North,433,33,0.2,1.32,5.54,3.36,2,0.20124999999999998,0
2938,2026-01-16,58,Unemployed,Married,1,East,336,6,1.0,3.6,6.36,3.23,1,0.20679999999999998,1
2939,2026-01-17,66,Unemployed,Single,2,North,392,39,0.5,1.84,5.32,3.07,2,0.2052,1
2940,2026-01-18,24,Employed,Married,0,North,374,73,0.26,1.65,3.01,3.38,2,0.20005,0
2941,2026-01-19,65,Employed,Married,4,East,482,12,0.75,2.62,4.53,3.03,1,0.17095,1
2942,2026-01-20,40,Employed,Married,3,East,758,61,0.68,1.72,4.88,2.5,2,0.1127,0
2943,2026-01-21,37,Employed,Married,3,East,708,85,1.16,2.38,4.14,3.17,2,0.1149,0
2944,2026-01-22,27,Unemployed,Single,4,South,506,84,0.13,1.94,4.12,2.64,2,0.1697,0
2945,2026-01-23,24,Unemployed,Married,0,South,544,115,1.18,0.26,4.86,3.21,3,0.18070000000000003,0
2946,2026-01-24,49,Employed,Married,4,West,632,64,0.16,0.93,3.76,3.15,2,0.1465,0
2947,2026-01-25,34,Employed,Divorced,0,East,824,40,0.31,2.29,1.8,2.68,2,0.0751,0
2948,2026-01-26,23,Employed,Married,2,West,593,41,0.77,1.55,5.16,4.03,2,0.15705,0
2949,2026-01-27,44,Self-Employed,Married,1,West,572,115,0.69,4.06,6.87,3.64,3,0.14575,0
2950,2026-01-28,57,Employed,Married,0,North,678,65,1.48,1.21,1.69,2.97,2,0.12185,0
2951,2026-01-29,36,Retired,Divorced,3,West,325,115,0.88,0.69,5.25,3.25,3,0.23309999999999997,1
2952,2026-01-30,24,Unemployed,Single,3,East,843,92,0.49,2.04,3.48,3.17,3,0.08125,0
2953,2026-01-31,44,Employed,Married,1,South,390,10,1.35,2.25,6.02,2.73,1,0.2051,0
2954,2026-02-01,54,Self-Employed,Married,0,West,775,100,0.47,2.88,5.57,3.29,3,0.10030000000000001,0
2955,2026-02-02,50,Retired,Married,1,West,487,49,0.41,-0.5,6.58,2.9,2,0.21115,0
2956,2026-02-03,38,Self-Employed,Single,2,South,868,70,0.74,3.51,3.73,2.3,2,0.06155000000000001,0
2957,2026-02-04,39,Employed,Married,1,West,494,34,1.37,0.69,5.1,2.74,2,0.1901,1
2958,2026-02-05,51,Employed,Single,2,East,833,93,1.06,3.09,8.73,2.75,3,0.0995,0
2959,2026-02-06,39,Unemployed,Married,3,West,384,79,1.02,3.96,5.3,2.03,2,0.1859,0
2960,2026-02-07,69,Self-Employed,Married,2,North,891,78,1.09,2.75,6.06,3.67,2,0.07505,0
2961,2026-02-08,66,Self-Employed,Divorced,0,West,376,103,0.99,0.85,7.1,2.74,3,0.22799999999999998,0
2962,2026-02-09,39,Unemployed,Married,0,North,629,19,1.14,1.81,3.68,2.81,1,0.13805,0
2963,2026-02-10,42,Unemployed,Single,0,South,682,27,0.29,2.76,1.97,4.13,1,0.10675,0
2964,2026-02-11,44,Retired,Single,0,South,732,36,0.27,2.03,2.46,2.51,2,0.10400000000000001,0
2965,2026-02-12,65,Employed,Divorced,4,West,676,2,0.54,0.95,3.26,2.95,1,0.1328,0
2966,2026-02-13,32,Employed,Single,2,West,640,92,1.28,2.1,4.37,2.21,3,0.13585,0
2967,2026-02-14,50,Unemployed,Married,0,South,476,58,1.07,1.48,5.74,2.68,2,0.1899,0
2968,2026-02-15,58,Unemployed,Single,1,North,725,100,0.85,2.6,6.43,2.74,3,0.1199,0
2969,2026-02-16,51,Self-Employed,Married,1,South,723,72,0.03,0.94,3.39,3.56,2,0.1218,0
2970,2026-02-17,56,Employed,Married,4,South,473,26,0.35,0.07,8.22,2.58,1,0.21715,1
2971,2026-02-18,39,Unemployed,Single,2,North,705,31,1.21,0.98,6.95,3.43,2,0.1437,0
2972,2026-02-19,68,Unemployed,Single,2,South,381,47,0.36,0.29,4.24,4.35,2,0.21805000000000002,0
2973,2026-02-20,65,Employed,Divorced,2,West,320,45,1.1,1.37,8.57,3.88,2,0.24414999999999998,0
2974,2026-02-21,56,Employed,Married,4,West,697,113,0.28,2.67,5.89,1.57,3,0.1235,1
2975,2026-02-22,50,Employed,Married,2,South,629,102,0.91,1.61,4.9,3.25,3,0.14615,0
2976,2026-02-23,69,Employed,Divorced,2,West,524,94,0.94,1.98,3.59,3.79,3,0.16215000000000002,0
2977,2026-02-24,53,Employed,Divorced,0,East,701,46,1.13,0.99,3.33,2.59,2,0.1265,0
2978,2026-02-25,38,Employed,Single,2,South,737,89,0.66,2.02,6.41,2.96,2,0.12260000000000001,0
2979,2026-02-26,69,Employed,Widowed,0,East,571,39,0.95,1.04,5.14,2.84,2,0.16755000000000003,0
2980,2026-02-27,48,Self-Employed,Single,0,South,579,2,0.73,0.81,5.64,3.48,1,0.17035,0
2981,2026-02-28,67,Self-Employed,Single,2,South,522,74,1.42,1.77,3.29,2.76,2,0.16325,0
2982,2026-03-01,31,Unemployed,Divorced,1,East,886,115,0.78,1.32,5.82,3.96,3,0.08940000000000001,0
2983,2026-03-02,65,Employed,Single,3,South,808,28,0.31,-0.81,5.11,3.61,1,0.12664999999999998,0
2984,2026-03-03,53,Employed,Single,1,West,641,90,1.0,1.92,3.37,2.22,3,0.1324,0
2985,2026-03-04,37,Unemployed,Single,2,East,341,57,0.82,1.03,2.87,2.22,2,0.2138,1
2986,2026-03-05,26,Employed,Married,2,South,475,49,1.21,0.96,5.06,3.1,2,0.19195,0
2987,2026-03-06,24,Retired,Married,1,West,544,110,0.27,3.4,6.03,2.89,3,0.15515,1
2988,2026-03-07,40,Unemployed,Married,2,East,552,9,0.39,2.85,6.59,2.96,1,0.16144999999999998,1
2989,2026-03-08,68,Employed,Divorced,0,East,573,60,1.38,2.37,5.35,2.72,2,0.1548,0
2990,2026-03-09,67,Retired,Married,4,West,633,98,1.4,2.06,3.79,2.47,3,0.1351,0
2991,2026-03-10,47,Employed,Single,2,South,310,110,0.66,2.61,5.03,3.01,3,0.21655,1
2992,2026-03-11,35,Employed,Divorced,2,South,451,60,0.07,1.61,5.53,3.24,2,0.19379999999999997,0
2993,2026-03-12,26,Self-Employed,Single,1,East,488,22,0.46,2.08,3.85,3.52,1,0.17145,0
2994,2026-03-13,67,Employed,Single,0,North,510,5,0.37,1.6,4.29,3.6,1,0.17295,0
2995,2026-03-14,34,Retired,Single,1,South,396,74,0.62,2.11,5.04,3.02,2,0.2001,1
2996,2026-03-15,31,Employed,Married,1,South,638,59,0.48,2.29,5.33,3.18,2,0.13925,0
2997,2026-03-16,59,Employed,Single,2,West,346,106,1.24,2.22,3.11,2.16,3,0.20184999999999997,0
2998,2026-03-17,29,Self-Employed,Single,0,North,356,114,0.0,1.63,4.17,3.36,3,0.21054999999999996,0
2999,2026-03-18,46,Self-Employed,Single,2,North,374,26,0.97,2.69,5.21,3.67,1,0.20065,0
3000,2026-03-19,36,Employed,Single,2,East,553,54,1.0,1.8,5.75,3.33,2,0.1675,0
3001,2026-03-20,25,Employed,Married,2,West,870,30,0.99,1.77,5.21,2.98,2,0.08585000000000001,0
3002,2026-03-21,30,Unemployed,Married,2,West,897,29,0.78,0.18,5.44,2.52,1,0.09615000000000001,0
3003,2026-03-22,23,Employed,Married,4,South,469,66,0.92,1.15,5.38,2.52,2,0.19315,0
3004,2026-03-23,33,Unemployed,Single,3,East,445,12,1.22,2.87,3.77,2.9,1,0.17389999999999997,0
3005,2026-03-24,63,Self-Employed,Single,0,South,332,58,1.18,2.78,7.07,3.23,2,0.21955,1
3006,2026-03-25,69,Unemployed,Widowed,4,North,814,53,0.05,1.98,4.42,1.97,2,0.09380000000000001,0
3007,2026-03-26,50,Unemployed,Single,3,West,556,103,0.05,1.44,3.87,2.34,3,0.16095,0
3008,2026-03-27,65,Employed,Divorced,3,East,425,20,1.26,2.15,2.81,3.47,1,0.1813,0
3009,2026-03-28,26,Self-Employed,Single,3,South,412,42,0.86,-0.39,4.22,3.86,2,0.217,1
3010,2026-03-29,37,Unemployed,Divorced,4,South,641,10,1.44,2.14,3.96,2.91,1,0.13315,0
3011,2026-03-30,65,Employed,Single,0,North,347,108,0.65,0.75,4.44,3.33,3,0.22294999999999998,1
3012,2026-03-31,39,Retired,Married,1,West,663,66,0.27,1.91,5.48,2.94,2,0.13755,1
3013,2026-04-01,62,Employed,Married,3,North,697,37,0.71,2.21,6.78,3.06,2,0.13255,0
3014,2026-04-02,55,Employed,Married,1,South,494,94,0.65,1.65,6.22,2.45,3,0.1861,0
3015,2026-04-03,66,Employed,Single,1,West,620,23,0.78,2.75,1.98,3.28,1,0.1224,0
3016,2026-04-04,46,Retired,Married,2,West,437,105,1.21,1.37,6.51,2.63,3,0.2046,0
3017,2026-04-05,25,Employed,Married,1,North,654,50,0.98,1.27,5.78,3.12,2,0.1477,0
3018,2026-04-06,49,Unemployed,Single,2,West,369,75,0.28,2.62,7.7,3.38,2,0.21505,0
3019,2026-04-07,57,Unemployed,Single,0,North,881,60,1.1,1.64,4.04,3.31,2,0.07855000000000001,0
3020,2026-04-08,40,Employed,Married,0,West,782,45,0.89,3.35,3.49,2.6,2,0.08345,0
3021,2026-04-09,69,Employed,Single,2,West,358,42,0.87,2.01,6.3,3.14,2,0.21689999999999998,0
3022,2026-04-10,41,Unemployed,Married,0,East,688,26,1.02,2.55,6.13,2.71,1,0.12815,0
3023,2026-04-11,30,Employed,Single,3,West,650,84,0.85,2.93,3.98,3.37,2,0.1231,0
3024,2026-04-12,25,Unemployed,Married,0,South,638,88,0.69,1.93,4.62,3.42,2,0.1393,0
3025,2026-04-13,56,Employed,Single,2,East,895,29,0.96,0.47,5.72,3.39,1,0.09515000000000001,0
3026,2026-04-14,26,Employed,Married,3,North,735,93,1.09,2.63,5.52,3.75,3,0.11254999999999998,0
3027,2026-04-15,46,Unemployed,Single,1,South,749,62,0.34,3.19,4.95,3.27,2,0.1006,0
3028,2026-04-16,24,Employed,Single,1,North,676,9,0.75,1.73,5.14,3.78,1,0.13440000000000002,0
3029,2026-04-17,59,Employed,Single,1,North,690,2,0.69,2.99,3.77,3.38,1,0.11145,0
3030,2026-04-18,59,Employed,Widowed,2,South,780,76,0.06,0.83,4.7,2.66,2,0.11520000000000001,0
3031,2026-04-19,55,Employed,Single,1,North,413,59,1.25,2.15,2.92,3.14,2,0.18485,0
3032,2026-04-20,21,Employed,Married,0,East,471,26,0.57,1.71,4.99,3.55,1,0.18510000000000001,0
3033,2026-04-21,44,Unemployed,Single,1,South,317,81,0.11,0.42,2.95,3.59,2,0.2263,0
3034,2026-04-22,56,Employed,Single,4,North,534,44,0.69,2.4,3.34,2.81,2,0.1542,0
3035,2026-04-23,26,Employed,Married,4,North,609,61,0.24,1.11,9.78,2.8,2,0.18055,0
3036,2026-04-24,61,Self-Employed,Married,1,West,580,23,1.06,2.38,2.15,3.34,1,0.13695000000000002,1
3037,2026-04-25,66,Employed,Widowed,1,West,495,45,0.86,1.0,6.46,2.64,2,0.19355000000000003,0
3038,2026-04-26,64,Employed,Divorced,4,North,414,77,0.41,0.33,5.41,2.93,2,0.21525,0
3039,2026-04-27,51,Retired,Married,1,South,696,102,1.43,1.29,5.45,3.09,3,0.13535000000000003,0
3040,2026-04-28,40,Unemployed,Married,3,East,862,43,0.44,3.04,3.4,2.96,2,0.06609999999999999,0
3041,2026-04-29,44,Self-Employed,Married,4,North,717,62,0.83,1.84,6.09,3.45,2,0.12780000000000002,0
3042,2026-04-30,45,Self-Employed,Single,2,North,583,3,1.2,2.04,2.27,3.41,1,0.1402,0
3043,2026-05-01,56,Employed,Divorced,4,North,884,15,0.77,2.14,4.26,3.11,1,0.0739,0
3044,2026-05-02,41,Self-Employed,Married,0,West,627,50,1.44,2.1,5.03,2.47,2,0.14240000000000003,0
3045,2026-05-03,50,Employed,Married,3,South,640,73,1.27,3.87,7.49,3.73,2,0.13375,1
3046,2026-05-04,44,Employed,Single,2,North,520,111,1.38,1.96,5.98,2.65,3,0.17529999999999998,0
3047,2026-05-05,64,Employed,Single,1,West,308,100,0.56,0.09,4.35,2.76,3,0.23884999999999998,1
3048,2026-05-06,62,Employed,Divorced,0,North,381,90,0.82,1.63,4.58,2.62,3,0.20635,0
3049,2026-05-07,50,Employed,Single,0,North,593,47,1.26,2.07,5.86,2.28,2,0.15535000000000002,0
3050,2026-05-08,42,Retired,Married,3,South,674,64,1.36,0.74,3.18,3.52,2,0.135,0
3051,2026-05-09,48,Employed,Single,2,West,833,68,1.42,1.76,6.66,3.93,2,0.10245000000000001,0
3052,2026-05-10,27,Employed,Married,0,East,714,76,1.32,1.77,4.86,2.39,2,0.12310000000000001,0
3053,2026-05-11,55,Employed,Single,2,South,398,44,1.1,3.78,3.69,2.1,2,0.17615,0
3054,2026-05-12,48,Employed,Married,2,East,681,2,0.04,1.32,2.91,3.08,1,0.1261,0
3055,2026-05-13,34,Unemployed,Single,0,West,803,16,0.47,2.95,1.25,3.18,1,0.071,0
3056,2026-05-14,30,Employed,Divorced,2,West,746,82,0.19,1.85,7.63,1.94,2,0.12815,0
3057,2026-05-15,36,Employed,Married,3,East,643,36,0.23,2.86,2.17,2.49,2,0.1165,0
3058,2026-05-16,36,Employed,Single,0,West,724,4,0.44,3.4,5.72,3.67,1,0.1086,0
3059,2026-05-17,51,Unemployed,Married,3,South,605,46,0.11,2.38,5.65,3.31,2,0.1482,0
3060,2026-05-18,62,Employed,Single,3,North,447,105,0.36,1.94,4.28,3.66,3,0.18524999999999997,0
3061,2026-05-19,45,Employed,Single,2,East,753,43,1.44,3.15,4.83,2.48,2,0.09939999999999999,0
3062,2026-05-20,33,Employed,Divorced,2,North,332,87,0.47,0.54,4.4,3.0,2,0.22859999999999997,0
3063,2026-05-21,26,Employed,Married,0,East,800,106,0.24,2.17,5.33,2.97,3,0.09995000000000001,0
3064,2026-05-22,64,Employed,Single,1,North,618,32,1.08,0.75,4.42,3.54,2,0.15510000000000002,0
3065,2026-05-23,29,Self-Employed,Single,0,North,492,118,1.24,2.8,4.57,2.69,3,0.16685,1
3066,2026-05-24,65,Self-Employed,Single,3,South,479,20,0.47,2.1,4.88,2.75,1,0.17865,0
3067,2026-05-25,56,Unemployed,Divorced,2,North,817,66,0.42,1.93,5.94,3.26,2,0.10115000000000002,0
3068,2026-05-26,63,Employed,Single,3,East,690,67,0.36,1.63,5.9,3.39,2,0.13570000000000002,0
3069,2026-05-27,40,Employed,Widowed,4,North,820,114,0.59,2.68,4.81,2.77,3,0.08725,1
3070,2026-05-28,38,Employed,Divorced,4,West,656,31,0.13,0.21,4.62,3.12,2,0.152,0
3071,2026-05-29,63,Retired,Single,3,North,872,23,1.0,3.9,5.84,3.47,1,0.0672,0
3072,2026-05-30,41,Self-Employed,Single,1,North,763,115,1.23,1.86,3.71,3.16,3,0.10419999999999999,0
3073,2026-05-31,24,Unemployed,Divorced,1,West,398,34,1.0,0.7,3.25,2.78,2,0.20475,1
3074,2026-06-01,53,Employed,Single,0,West,447,17,0.63,-0.63,2.99,3.15,1,0.20449999999999996,0
3075,2026-06-02,47,Employed,Single,0,East,869,66,0.43,1.83,5.36,3.33,2,0.08625,0
3076,2026-06-03,27,Employed,Single,0,West,615,102,0.61,2.23,6.64,3.04,3,0.15215,0
3077,2026-06-04,26,Self-Employed,Married,2,West,481,53,0.64,2.31,5.11,3.27,2,0.1772,0
3078,2026-06-05,35,Retired,Married,1,East,846,25,1.0,0.55,5.4,3.48,1,0.10500000000000001,0
3079,2026-06-06,38,Retired,Single,3,East,602,59,1.39,0.77,4.22,3.21,2,0.15789999999999998,0
3080,2026-06-07,52,Employed,Single,4,North,857,116,0.11,3.36,5.39,3.43,3,0.0741,0
3081,2026-06-08,31,Employed,Divorced,1,South,898,87,1.43,0.45,5.21,2.92,2,0.09205,0
3082,2026-06-09,40,Retired,Married,1,East,303,64,1.37,2.11,5.72,2.76,2,0.22674999999999998,0
3083,2026-06-10,44,Self-Employed,Married,1,West,406,50,0.18,1.61,1.41,3.71,2,0.18445,0
3084,2026-06-11,35,Employed,Married,0,North,374,113,0.28,1.46,5.64,1.88,3,0.21509999999999999,0
3085,2026-06-12,68,Employed,Married,2,West,339,97,0.47,1.73,5.95,3.21,3,0.2227,0
3086,2026-06-13,27,Employed,Married,3,East,418,59,0.84,1.46,5.91,2.85,2,0.20544999999999997,0
3087,2026-06-14,41,Employed,Single,0,South,372,58,0.2,1.43,4.82,3.34,2,0.2118,0
3088,2026-06-15,62,Employed,Single,2,North,851,75,0.3,3.0,7.63,2.41,2,0.09040000000000001,0
3089,2026-06-16,46,Self-Employed,Married,1,East,503,16,1.35,1.6,6.41,3.18,1,0.1853,1
3090,2026-06-17,64,Employed,Married,2,East,395,84,0.16,0.78,7.18,3.3,2,0.22435,0
3091,2026-06-18,34,Employed,Widowed,0,West,578,20,0.6,1.92,5.68,3.2,1,0.1597,0
3092,2026-06-19,57,Employed,Single,1,South,442,66,1.14,0.94,5.0,2.57,2,0.2001,0
3093,2026-06-20,41,Unemployed,Divorced,0,East,414,107,1.33,0.91,5.89,2.7,3,0.21184999999999998,0
3094,2026-06-21,38,Self-Employed,Divorced,3,West,775,27,0.5,3.46,4.06,3.35,1,0.08695,0
3095,2026-06-22,25,Employed,Single,1,North,432,88,0.25,1.82,6.24,2.95,2,0.19999999999999998,0
3096,2026-06-23,23,Retired,Married,2,West,467,43,1.11,0.72,4.32,2.0,2,0.19265,0
3097,2026-06-24,43,Retired,Married,0,North,544,69,1.16,1.9,4.12,2.76,2,0.16060000000000002,0
3098,2026-06-25,46,Employed,Divorced,4,West,576,61,1.47,2.06,3.03,3.59,2,0.14555,0
3099,2026-06-26,57,Employed,Married,2,South,558,41,0.21,1.79,6.51,2.93,2,0.17015000000000002,0
3100,2026-06-27,44,Unemployed,Married,2,West,345,93,1.06,1.51,8.02,2.34,3,0.23375,1
3101,2026-06-28,69,Unemployed,Married,1,South,645,95,0.63,0.61,7.05,2.82,3,0.1629,0
3102,2026-06-29,39,Retired,Single,2,South,536,21,1.37,1.58,6.35,2.99,1,0.17695,0
3103,2026-06-30,45,Unemployed,Single,0,North,352,37,0.61,1.21,6.39,2.63,2,0.22685,0
3104,2026-07-01,41,Self-Employed,Married,4,West,447,13,0.67,1.88,6.34,3.67,1,0.19615,0
3105,2026-07-02,32,Employed,Married,3,West,832,97,0.19,2.42,4.81,2.85,3,0.08685000000000001,0
3106,2026-07-03,61,Employed,Married,4,West,389,106,0.48,3.75,4.43,2.89,3,0.1824,0
3107,2026-07-04,53,Employed,Married,0,South,532,110,0.6,2.77,3.54,2.92,3,0.152,0
3108,2026-07-05,24,Employed,Single,1,East,350,25,0.03,-0.71,7.79,2.1,1,0.25354999999999994,1
3109,2026-07-06,62,Self-Employed,Married,0,West,693,39,0.66,2.22,4.7,3.19,2,0.12304999999999999,1
3110,2026-07-07,27,Self-Employed,Single,2,West,513,53,0.5,3.52,5.21,2.7,2,0.15760000000000002,1
3111,2026-07-08,42,Unemployed,Married,1,East,750,12,1.21,1.86,3.32,1.78,1,0.1055,0
3112,2026-07-09,53,Employed,Widowed,3,North,638,93,0.16,3.56,3.84,2.25,3,0.1191,0
3113,2026-07-10,37,Self-Employed,Married,3,West,650,18,1.14,0.9,3.52,2.97,1,0.1411,0
3114,2026-07-11,44,Employed,Single,0,East,584,41,1.07,1.12,4.46,3.61,2,0.1601,0
3115,2026-07-12,54,Employed,Single,2,West,882,40,0.36,1.83,5.96,3.36,2,0.086,0
3116,2026-07-13,48,Unemployed,Married,3,South,544,49,0.12,1.85,5.7,3.28,2,0.16900000000000004,1
3117,2026-07-14,63,Self-Employed,Married,4,East,849,102,1.26,2.84,5.9,3.05,3,0.08385000000000001,0
3118,2026-07-15,61,Retired,Married,1,South,883,2,0.37,2.0,4.98,3.19,1,0.07915,0
3119,2026-07-16,59,Employed,Single,4,East,525,30,0.22,1.89,6.12,3.05,2,0.17545,0
3120,2026-07-17,42,Employed,Married,3,North,740,75,0.54,4.48,4.78,2.63,2,0.08909999999999998,0
3121,2026-07-18,69,Employed,Married,3,South,773,14,0.6,1.22,5.68,2.65,1,0.11795,0
3122,2026-07-19,37,Employed,Single,0,West,743,53,0.49,3.29,4.41,3.01,2,0.09839999999999999,0
3123,2026-07-20,54,Unemployed,Married,0,East,711,52,1.46,2.42,6.66,2.62,2,0.12635000000000002,0
3124,2026-07-21,26,Self-Employed,Single,1,West,545,44,1.32,1.63,3.66,2.16,2,0.16075,0
3125,2026-07-22,66,Unemployed,Married,0,North,882,37,1.31,2.26,6.69,3.3,2,0.08535000000000001,0
3126,2026-07-23,26,Employed,Divorced,2,East,799,103,0.6,1.18,5.54,3.22,3,0.11115,0
3127,2026-07-24,54,Unemployed,Married,1,North,849,77,1.44,2.09,7.28,2.15,2,0.09825,0
3128,2026-07-25,21,Employed,Married,2,East,416,98,1.03,2.0,4.01,2.38,3,0.19105,0
3129,2026-07-26,30,Unemployed,Married,0,South,663,79,1.25,2.48,4.65,3.17,2,0.1277,1
3130,2026-07-27,41,Employed,Single,1,West,503,49,0.75,1.88,4.61,2.43,2,0.1735,0
3131,2026-07-28,25,Employed,Married,3,South,650,23,0.24,3.67,3.71,3.01,1,0.11435000000000001,0
3132,2026-07-29,22,Employed,Married,4,South,618,16,1.33,1.12,7.96,3.42,1,0.1691,0
3133,2026-07-30,42,Retired,Single,3,South,658,17,0.73,1.31,3.93,2.77,1,0.13705,0
3134,2026-07-31,68,Employed,Single,2,South,816,41,1.45,2.24,3.61,3.33,2,0.08665,0
3135,2026-08-01,22,Employed,Married,3,East,788,16,0.38,1.19,7.18,2.75,1,0.122,0
3136,2026-08-02,30,Unemployed,Single,3,West,406,15,1.49,2.67,6.15,2.84,1,0.19755,0
3137,2026-08-03,54,Employed,Single,4,East,471,84,0.33,3.31,4.71,3.21,2,0.16770000000000002,0
3138,2026-08-04,36,Employed,Married,4,East,818,87,0.55,1.48,2.22,3.34,2,0.08679999999999999,0
3139,2026-08-05,68,Employed,Single,3,East,827,97,0.89,2.09,7.57,2.37,3,0.10519999999999999,0
3140,2026-08-06,59,Employed,Divorced,4,South,619,51,1.04,2.65,7.92,2.34,2,0.15335,0
3141,2026-08-07,42,Retired,Single,3,North,336,35,1.08,2.88,5.92,2.24,2,0.2118,0
3142,2026-08-08,32,Unemployed,Married,1,South,798,106,0.71,5.48,5.78,3.84,3,0.0696,0
3143,2026-08-09,44,Employed,Married,3,East,564,90,0.12,0.64,5.31,2.78,3,0.17415000000000003,1
3144,2026-08-10,67,Retired,Married,0,South,701,38,0.74,3.49,4.36,2.65,2,0.10665,0
3145,2026-08-11,60,Employed,Single,4,West,517,80,0.5,1.36,6.82,3.15,2,0.18625,0
3146,2026-08-12,58,Employed,Divorced,4,West,629,24,0.99,1.4,4.42,2.17,1,0.14584999999999998,0
3147,2026-08-13,30,Employed,Married,2,South,485,114,0.27,2.14,5.84,2.81,3,0.18155,0
3148,2026-08-14,55,Employed,Married,2,South,680,101,0.59,2.06,5.33,3.0,3,0.13105,0
3149,2026-08-15,69,Employed,Single,0,North,508,41,1.45,3.25,4.98,2.51,2,0.1604,0
3150,2026-08-16,52,Retired,Single,4,South,862,20,0.13,0.53,3.72,2.42,1,0.09280000000000001,0
3151,2026-08-17,27,Unemployed,Married,4,South,587,67,0.9,-0.98,3.21,2.81,2,0.17409999999999998,0
3152,2026-08-18,41,Employed,Single,2,North,387,88,0.14,3.93,5.74,2.75,2,0.18764999999999998,0
3153,2026-08-19,40,Self-Employed,Married,2,South,435,58,0.24,0.56,4.35,2.74,2,0.20239999999999997,0
3154,2026-08-20,46,Unemployed,Single,3,South,457,29,0.91,3.01,5.22,2.25,1,0.17675,0
3155,2026-08-21,24,Retired,Married,4,South,454,56,0.67,3.39,5.3,2.25,2,0.17409999999999998,0
3156,2026-08-22,66,Unemployed,Widowed,4,South,762,32,0.82,3.13,5.46,3.63,2,0.1005,0
3157,2026-08-23,42,Employed,Married,3,South,519,102,1.32,2.51,4.82,2.34,3,0.16425,0
3158,2026-08-24,35,Unemployed,Married,4,East,758,89,1.23,2.75,5.97,2.9,2,0.10785,1
3159,2026-08-25,60,Self-Employed,Married,0,South,466,88,1.33,1.48,4.88,2.92,2,0.1881,1
3160,2026-08-26,41,Self-Employed,Married,2,North,621,52,0.92,0.09,4.64,2.76,2,0.16205000000000003,0
3161,2026-08-27,35,Employed,Divorced,2,South,861,15,0.73,1.65,6.11,2.92,1,0.09380000000000001,0
3162,2026-08-28,42,Employed,Divorced,2,East,811,48,0.69,1.46,5.04,2.82,2,0.10285,0
3163,2026-08-29,48,Employed,Married,1,North,386,87,1.11,1.06,5.35,2.79,2,0.21465,1
3164,2026-08-30,34,Employed,Single,0,North,844,4,0.78,2.05,6.42,3.53,1,0.09560000000000002,0
3165,2026-08-31,47,Employed,Married,0,South,574,117,0.16,0.05,5.63,2.52,3,0.17915,1
3166,2026-09-01,61,Unemployed,Single,3,West,440,118,0.21,3.25,6.4,2.68,3,0.1845,0
3167,2026-09-02,60,Employed,Married,1,East,652,105,0.54,1.93,2.63,3.46,3,0.12585000000000002,1
3168,2026-09-03,48,Self-Employed,Married,4,West,304,102,0.1,1.51,8.96,2.7,3,0.24869999999999998,1
3169,2026-09-04,46,Employed,Married,0,South,681,76,0.36,1.69,6.08,2.78,2,0.13824999999999998,1
3170,2026-09-05,69,Retired,Divorced,1,East,633,93,0.98,1.84,5.9,2.7,3,0.14785,1
3171,2026-09-06,22,Employed,Married,1,West,774,59,0.02,0.96,4.79,3.52,2,0.11585000000000001,0
3172,2026-09-07,45,Employed,Single,0,East,329,70,0.91,0.96,2.75,3.44,2,0.21689999999999998,0
3173,2026-09-08,23,Self-Employed,Divorced,3,South,646,110,1.16,0.69,6.08,2.41,3,0.157,0
3174,2026-09-09,28,Unemployed,Single,1,East,893,80,0.26,0.58,6.66,3.71,2,0.09925000000000002,0
3175,2026-09-10,64,Retired,Married,2,South,792,54,0.27,1.14,2.44,1.92,2,0.0978,0
3176,2026-09-11,53,Employed,Single,1,West,794,90,0.04,1.85,6.33,2.16,3,0.10965,0
3177,2026-09-12,62,Employed,Single,4,East,687,34,0.77,3.1,7.32,2.21,2,0.12885000000000002,0
3178,2026-09-13,55,Retired,Widowed,0,North,552,68,0.98,0.42,7.26,2.45,2,0.1891,0
3179,2026-09-14,26,Employed,Single,4,South,329,41,0.69,2.92,5.8,2.78,2,0.21255,1
3180,2026-09-15,59,Self-Employed,Married,3,East,641,68,0.58,0.39,4.88,2.46,2,0.15525,0
3181,2026-09-16,43,Employed,Single,2,North,586,23,0.68,2.1,6.42,2.4,1,0.15960000000000002,0
3182,2026-09-17,45,Employed,Divorced,0,North,696,70,1.17,0.48,5.62,3.23,2,0.14430000000000004,0
3183,2026-09-18,63,Employed,Divorced,1,North,808,70,0.05,0.74,5.55,2.82,2,0.11335,0
3184,2026-09-19,39,Employed,Single,2,North,543,117,1.18,2.32,4.21,3.37,3,0.15710000000000002,0
3185,2026-09-20,25,Self-Employed,Single,1,South,520,54,1.0,2.3,2.58,3.43,2,0.15489999999999998,1
3186,2026-09-21,31,Retired,Married,3,East,455,13,0.36,2.75,6.29,3.05,1,0.1852,0
3187,2026-09-22,32,Employed,Single,0,North,682,54,0.79,1.07,4.51,3.32,2,0.13635,0
3188,2026-09-23,30,Unemployed,Married,3,East,619,14,0.07,3.0,3.53,2.87,1,0.1279,0
3189,2026-09-24,28,Employed,Single,3,East,672,4,0.57,3.56,3.33,2.35,1,0.10805000000000001,0
3190,2026-09-25,44,Employed,Single,3,West,830,100,0.26,2.23,4.73,2.26,3,0.08885000000000001,0
3191,2026-09-26,48,Employed,Married,3,East,514,3,0.03,0.21,3.17,2.0,1,0.18025,0
3192,2026-09-27,61,Retired,Single,1,South,666,29,0.54,0.07,6.62,3.35,1,0.16090000000000002,0
3193,2026-09-28,56,Unemployed,Divorced,4,South,413,83,1.09,2.15,5.81,3.04,2,0.19929999999999998,1
3194,2026-09-29,57,Self-Employed,Single,1,North,499,52,1.38,1.43,6.68,1.48,2,0.18935,0
3195,2026-09-30,41,Unemployed,Single,2,East,324,89,0.99,1.0,3.45,3.28,2,0.22124999999999997,0
3196,2026-10-01,28,Self-Employed,Widowed,3,South,420,72,0.6,1.83,2.91,2.99,2,0.18625,0
3197,2026-10-02,29,Retired,Married,2,South,302,29,1.5,1.64,7.64,2.51,1,0.2413,0
3198,2026-10-03,67,Unemployed,Married,1,South,744,107,0.42,1.84,3.8,2.5,3,0.1096,0
3199,2026-10-04,35,Retired,Single,3,North,553,111,0.28,1.12,5.14,2.82,3,0.17125,0
3200,2026-10-05,68,Employed,Married,1,South,319,85,0.7,3.98,3.85,3.56,2,0.19469999999999998,0
3201,2026-10-06,66,Employed,Married,3,East,503,103,0.76,0.91,3.77,2.98,3,0.179,0
3202,2026-10-07,60,Employed,Single,1,South,656,104,0.53,1.73,5.89,2.6,3,0.14315,1
3203,2026-10-08,38,Employed,Married,0,South,427,107,1.04,-0.04,4.81,4.07,3,0.2127,0
3204,2026-10-09,62,Self-Employed,Married,4,North,657,93,0.28,0.84,6.97,3.46,3,0.1572,0
3205,2026-10-10,40,Employed,Single,4,East,591,83,0.77,0.7,2.32,3.45,2,0.15185,0
3206,2026-10-11,26,Self-Employed,Married,3,South,473,91,0.75,1.46,4.97,3.48,3,0.187,0
3207,2026-10-12,32,Employed,Married,0,East,654,60,1.24,1.75,4.23,3.59,2,0.13515,0
3208,2026-10-13,22,Employed,Single,2,East,336,70,1.39,1.58,4.63,3.21,2,0.21834999999999996,0
3209,2026-10-14,27,Employed,Married,0,South,609,116,0.99,1.45,4.74,3.01,3,0.15195,0
3210,2026-10-15,36,Retired,Single,3,North,881,67,0.46,2.21,5.96,3.05,2,0.08245,0
3211,2026-10-16,23,Employed,Married,0,East,383,91,1.03,2.29,4.72,2.31,3,0.19995,0
3212,2026-10-17,65,Employed,Married,2,West,809,54,0.38,-0.38,4.74,1.88,2,0.12025000000000001,0
3213,2026-10-18,23,Unemployed,Married,3,South,743,98,1.45,3.06,7.61,3.35,3,0.1167,0
3214,2026-10-19,47,Self-Employed,Divorced,4,East,719,96,1.23,2.26,3.17,3.91,3,0.10850000000000001,0
3215,2026-10-20,63,Employed,Single,0,East,504,70,0.65,0.04,3.37,2.81,2,0.18545,0
3216,2026-10-21,60,Employed,Married,4,East,787,72,1.18,2.9,7.79,3.69,2,0.1082,0
3217,2026-10-22,58,Employed,Married,4,South,387,97,0.61,3.02,7.56,3.77,3,0.20585,0
3218,2026-10-23,53,Retired,Married,1,West,551,102,0.11,0.01,2.31,2.74,3,0.16870000000000002,0
3219,2026-10-24,48,Employed,Married,2,East,330,41,1.06,1.69,8.21,3.6,2,0.23664999999999997,0
3220,2026-10-25,21,Employed,Single,0,East,720,97,0.61,2.26,5.87,3.32,3,0.12175,1
3221,2026-10-26,28,Employed,Single,4,North,360,76,1.4,3.07,3.94,2.84,2,0.194,0
3222,2026-10-27,57,Employed,Single,4,South,878,28,0.46,2.49,5.01,3.27,1,0.07565000000000001,0
3223,2026-10-28,52,Unemployed,Widowed,2,South,525,34,1.26,1.44,4.36,3.14,2,0.17115000000000002,0
3224,2026-10-29,68,Employed,Single,4,East,634,44,1.02,0.92,5.0,2.02,2,0.15230000000000002,0
3225,2026-10-30,63,Employed,Divorced,4,North,878,73,1.28,0.52,4.38,4.24,2,0.0922,0
3226,2026-10-31,57,Employed,Married,4,East,410,93,0.44,1.07,3.23,2.46,3,0.19795,0
3227,2026-11-01,24,Employed,Single,4,East,790,107,0.69,2.54,3.02,3.1,3,0.0872,0
3228,2026-11-02,50,Employed,Married,1,South,571,89,1.23,2.92,5.32,3.92,2,0.14965,1
3229,2026-11-03,26,Unemployed,Married,1,North,333,98,0.97,1.62,3.8,2.86,3,0.21455,0
3230,2026-11-04,66,Unemployed,Divorced,3,East,511,91,0.54,3.1,2.86,2.63,3,0.15055,0
3231,2026-11-05,39,Retired,Single,0,South,599,28,0.77,2.41,5.8,3.06,1,0.15015,1
3232,2026-11-06,52,Unemployed,Single,2,East,672,115,1.49,4.53,5.78,2.83,3,0.1106,0
3233,2026-11-07,29,Self-Employed,Single,3,East,424,69,1.11,0.17,5.78,3.61,2,0.2162,1
3234,2026-11-08,32,Employed,Single,1,North,402,2,0.92,1.78,5.12,2.58,1,0.2023,0
3235,2026-11-09,31,Unemployed,Married,1,North,419,92,1.24,2.21,3.69,2.71,3,0.1866,0
3236,2026-11-10,66,Unemployed,Divorced,1,North,846,56,0.66,3.85,6.81,2.96,2,0.07905000000000001,0
3237,2026-11-11,36,Unemployed,Single,3,East,630,65,1.43,0.55,6.32,2.36,2,0.16360000000000002,0
3238,2026-11-12,21,Employed,Married,1,West,608,118,0.83,1.03,8.34,2.72,3,0.1744,1
3239,2026-11-13,65,Employed,Married,3,North,869,21,0.49,2.06,6.89,2.73,1,0.0916,0
3240,2026-11-14,41,Unemployed,Single,1,West,711,109,0.13,0.78,5.48,2.37,3,0.13685,0
3241,2026-11-15,50,Unemployed,Single,4,West,698,110,0.56,1.75,7.65,2.69,3,0.14125,0
3242,2026-11-16,33,Retired,Married,4,West,605,113,0.85,0.36,5.11,3.37,3,0.16570000000000001,0
3243,2026-11-17,54,Employed,Divorced,0,South,462,26,1.05,3.2,5.12,2.0,1,0.1731,0
3244,2026-11-18,24,Employed,Married,1,East,364,114,1.31,3.68,4.93,3.51,3,0.19184999999999997,1
3245,2026-11-19,48,Employed,Single,0,North,515,21,1.42,3.72,4.24,2.74,1,0.15025,1
3246,2026-11-20,58,Unemployed,Single,3,East,325,73,0.15,2.15,8.34,3.16,2,0.23395,1
3247,2026-11-21,51,Employed,Single,0,East,883,115,0.9,2.18,3.75,3.5,3,0.0712,0
3248,2026-11-22,47,Employed,Married,1,South,343,112,1.0,1.99,2.51,2.53,3,0.20189999999999997,0
3249,2026-11-23,25,Retired,Married,3,South,389,48,0.26,2.86,4.3,3.22,2,0.19065,1
3250,2026-11-24,45,Employed,Single,3,South,432,82,0.82,3.26,5.55,2.35,2,0.18214999999999998,0
3251,2026-11-25,23,Unemployed,Married,4,East,460,23,0.5,2.71,4.19,2.3,1,0.17384999999999998,0
3252,2026-11-26,53,Employed,Married,3,West,679,26,0.12,2.24,4.47,2.88,1,0.12519999999999998,0
3253,2026-11-27,24,Unemployed,Married,3,East,560,35,0.1,2.71,2.12,2.92,2,0.13849999999999998,0
3254,2026-11-28,45,Self-Employed,Widowed,0,South,682,106,1.14,1.99,3.13,3.48,3,0.12025,0
3255,2026-11-29,40,Retired,Single,3,East,668,16,0.92,0.66,3.02,2.26,1,0.1365,0
3256,2026-11-30,54,Retired,Divorced,2,South,410,55,1.07,1.41,6.26,3.3,2,0.2097,1
3257,2026-12-01,46,Employed,Single,4,South,376,9,1.03,2.21,2.9,2.79,1,0.19339999999999996,1
3258,2026-12-02,25,Employed,Single,4,North,508,53,0.2,1.13,4.03,2.93,2,0.17685,0
3259,2026-12-03,55,Employed,Divorced,3,West,312,80,0.23,1.06,4.72,1.93,2,0.22999999999999998,0
3260,2026-12-04,48,Self-Employed,Divorced,0,South,869,107,0.38,2.62,3.38,2.88,3,0.06845,0
3261,2026-12-05,49,Unemployed,Married,4,North,847,73,0.6,2.68,5.41,3.37,2,0.08349999999999999,0
3262,2026-12-06,29,Employed,Married,4,West,324,73,1.41,2.3,5.67,2.84,2,0.21935,1
3263,2026-12-07,58,Self-Employed,Married,2,South,845,37,1.01,1.5,7.19,2.81,2,0.1047,0
3264,2026-12-08,26,Employed,Married,3,West,439,80,0.38,1.66,5.0,3.92,2,0.19365,0
3265,2026-12-09,39,Unemployed,Single,4,West,574,89,0.08,2.7,1.83,2.97,2,0.13365000000000002,0
3266,2026-12-10,64,Retired,Married,4,East,669,89,1.03,1.1,4.13,2.1,2,0.13740000000000002,0
3267,2026-12-11,31,Employed,Married,4,North,521,114,0.94,0.55,4.57,2.2,3,0.1821,0
3268,2026-12-12,22,Employed,Married,4,West,336,97,1.01,2.51,6.93,3.72,3,0.22054999999999997,0
3269,2026-12-13,67,Employed,Married,0,East,428,3,0.39,1.88,4.66,2.74,1,0.1925,1
3270,2026-12-14,64,Self-Employed,Married,1,West,615,49,0.78,3.31,5.61,3.39,2,0.1362,0
3271,2026-12-15,64,Employed,Divorced,2,East,622,90,0.54,0.93,4.55,2.8,3,0.15295,0
3272,2026-12-16,29,Employed,Married,0,South,732,60,1.23,3.07,5.81,3.19,2,0.11035,0
3273,2026-12-17,41,Employed,Widowed,2,South,517,20,0.1,1.42,4.05,2.76,1,0.1718,0
3274,2026-12-18,44,Employed,Single,4,East,547,35,0.41,2.78,2.49,2.92,2,0.14290000000000003,1
3275,2026-12-19,54,Employed,Married,2,South,410,101,0.9,0.71,1.06,3.22,3,0.19069999999999998,0
3276,2026-12-20,42,Self-Employed,Married,3,South,446,45,0.31,0.39,5.76,2.36,2,0.20840000000000003,0
3277,2026-12-21,23,Employed,Married,3,South,643,94,1.01,2.35,5.49,3.14,3,0.13820000000000002,0
3278,2026-12-22,32,Unemployed,Married,1,West,808,70,0.21,1.72,5.6,3.09,2,0.1038,0
3279,2026-12-23,48,Unemployed,Married,1,East,804,43,0.03,2.16,5.18,2.22,2,0.0983,0
3280,2026-12-24,50,Employed,Divorced,2,North,851,63,1.3,1.02,2.06,4.33,2,0.08235,0
3281,2026-12-25,46,Employed,Married,0,North,433,97,0.5,2.33,4.03,2.81,3,0.18359999999999999,0
3282,2026-12-26,68,Unemployed,Single,0,East,763,17,0.24,3.27,4.85,2.47,1,0.0958,0
3283,2026-12-27,41,Retired,Married,4,West,490,87,0.26,3.1,3.91,3.74,2,0.16105,0
3284,2026-12-28,48,Employed,Married,0,South,462,12,1.33,1.33,5.85,2.37,1,0.19545,0
3285,2026-12-29,46,Employed,Single,1,South,755,12,0.98,0.74,4.77,2.69,1,0.12269999999999999,0
3286,2026-12-30,53,Employed,Divorced,0,West,360,24,1.43,2.0,5.99,3.07,1,0.21495,1
3287,2026-12-31,41,Self-Employed,Married,4,North,304,4,1.2,2.85,6.73,2.7,1,0.22415,0
3288,2027-01-01,55,Employed,Married,3,East,336,38,1.15,0.31,5.67,3.26,2,0.23624999999999996,0
3289,2027-01-02,54,Employed,Single,0,East,759,28,0.75,2.61,5.25,3.27,1,0.1054,0
3290,2027-01-03,61,Self-Employed,Single,0,West,516,107,1.23,4.01,3.03,2.61,3,0.14105,0
3291,2027-01-04,67,Self-Employed,Married,1,South,438,56,0.62,2.64,5.09,3.73,2,0.18455,0
3292,2027-01-05,38,Employed,Single,2,South,398,45,1.24,0.44,2.6,2.84,2,0.2041,1
3293,2027-01-06,31,Employed,Married,3,South,563,32,1.14,0.87,3.19,3.1,2,0.1615,0
3294,2027-01-07,43,Self-Employed,Single,2,East,898,87,1.02,1.31,5.43,2.8,2,0.08455,0
3295,2027-01-08,68,Employed,Married,4,North,895,9,0.49,1.85,3.1,2.78,1,0.06825,0
3296,2027-01-09,42,Employed,Single,4,East,523,57,0.95,2.35,8.4,2.96,2,0.18275,0
3297,2027-01-10,37,Unemployed,Single,2,West,310,24,0.76,2.72,6.37,3.92,1,0.22215,0
3298,2027-01-11,25,Employed,Married,1,East,626,104,0.69,1.7,5.07,3.21,3,0.14685,1
3299,2027-01-12,64,Unemployed,Single,1,West,649,73,1.49,2.26,0.81,2.47,2,0.1142,0
3300,2027-01-13,31,Retired,Married,1,East,678,38,0.76,0.92,2.15,3.04,2,0.12705,0
3301,2027-01-14,50,Employed,Divorced,3,North,530,15,0.05,1.29,8.42,2.72,1,0.1917,0
3302,2027-01-15,35,Employed,Married,4,West,440,59,0.94,2.88,4.18,3.49,2,0.1771,1
3303,2027-01-16,47,Self-Employed,Married,4,South,348,27,1.09,2.45,6.78,2.94,1,0.2174,0
3304,2027-01-17,55,Unemployed,Single,4,South,750,75,1.33,2.58,4.22,2.29,2,0.1028,0
3305,2027-01-18,53,Retired,Single,3,East,790,43,0.95,0.96,3.5,3.2,2,0.1054,0
3306,2027-01-19,40,Unemployed,Divorced,4,East,504,57,0.03,1.96,3.4,2.59,2,0.1664,0
3307,2027-01-20,36,Employed,Married,2,North,708,31,0.18,2.09,2.7,3.2,2,0.1106,0
3308,2027-01-21,54,Self-Employed,Married,0,North,706,62,0.24,2.32,5.85,3.48,2,0.12455,1
3309,2027-01-22,22,Employed,Married,3,South,350,114,0.32,3.02,5.57,2.86,3,0.20514999999999997,0
3310,2027-01-23,55,Employed,Married,0,East,474,92,1.2,2.05,4.19,2.92,3,0.17695,0
3311,2027-01-24,60,Employed,Single,2,West,560,44,0.46,3.59,1.89,3.09,2,0.12855,0
3312,2027-01-25,48,Employed,Married,1,North,779,52,0.47,0.03,4.63,2.67,2,0.1231,0
3313,2027-01-26,67,Unemployed,Married,1,West,522,60,1.13,1.69,5.84,3.04,2,0.1768,0
3314,2027-01-27,59,Employed,Married,1,West,568,49,0.62,3.03,8.31,3.1,2,0.16425,1
3315,2027-01-28,26,Employed,Divorced,3,North,617,26,0.1,1.25,6.54,2.56,1,0.16094999999999998,0
3316,2027-01-29,29,Employed,Single,1,East,684,25,0.88,2.83,5.29,3.6,1,0.12215,0
3317,2027-01-30,40,Unemployed,Single,3,West,885,2,0.2,2.1,3.73,2.14,1,0.07139999999999999,0
3318,2027-01-31,21,Unemployed,Divorced,3,East,518,89,0.86,3.9,6.87,3.4,2,0.16085,0
3319,2027-02-01,28,Employed,Married,0,West,353,38,1.17,1.85,5.17,3.69,2,0.21409999999999998,1
3320,2027-02-02,43,Employed,Married,1,East,499,64,1.39,1.86,5.24,3.39,2,0.17785,1
3321,2027-02-03,23,Employed,Single,4,East,638,34,0.1,3.8,6.77,2.47,2,0.13135,0
3322,2027-02-04,24,Retired,Single,1,East,604,52,0.46,1.64,4.63,3.43,2,0.15075,1
3323,2027-02-05,45,Self-Employed,Married,1,East,544,90,0.98,3.06,6.35,4.05,3,0.16015000000000001,0
3324,2027-02-06,67,Employed,Single,1,North,507,45,0.47,2.31,3.2,2.91,2,0.16115000000000002,0
3325,2027-02-07,58,Self-Employed,Married,4,West,810,67,0.68,3.09,3.93,3.0,2,0.08125,0
3326,2027-02-08,35,Employed,Divorced,4,East,558,82,0.03,1.65,5.71,3.39,2,0.16755,0
3327,2027-02-09,41,Unemployed,Married,3,South,679,21,1.04,1.89,4.91,2.56,1,0.13090000000000002,0
3328,2027-02-10,55,Employed,Single,4,West,462,59,1.32,1.63,4.61,2.23,2,0.18625,1
3329,2027-02-11,66,Employed,Married,3,West,640,5,1.47,0.03,3.22,3.21,1,0.15080000000000002,0
3330,2027-02-12,34,Employed,Single,0,East,875,51,1.25,1.73,6.44,3.02,2,0.09115,0
3331,2027-02-13,56,Employed,Single,3,West,829,72,0.05,5.2,2.52,2.48,2,0.04835,0
3332,2027-02-14,32,Retired,Single,1,South,333,74,0.98,1.27,6.32,3.19,2,0.23064999999999997,1
3333,2027-02-15,37,Employed,Single,2,South,622,85,0.74,2.15,5.08,2.83,2,0.1434,1
3334,2027-02-16,59,Unemployed,Divorced,2,South,480,110,1.41,3.19,5.1,3.19,3,0.1686,0
3335,2027-02-17,29,Unemployed,Single,1,West,646,72,1.35,2.52,4.93,3.09,2,0.13295,0
3336,2027-02-18,55,Employed,Single,3,West,491,28,1.48,1.92,3.7,3.07,1,0.17155,0
3337,2027-02-19,33,Employed,Widowed,1,East,878,42,1.29,1.11,4.95,2.99,2,0.08915000000000001,0
3338,2027-02-20,35,Employed,Single,4,West,545,73,0.82,3.44,5.55,2.12,2,0.1521,0
3339,2027-02-21,38,Unemployed,Married,3,West,544,33,1.07,3.11,5.62,2.25,2,0.15600000000000003,0
3340,2027-02-22,53,Employed,Single,1,East,432,30,1.45,3.42,4.85,3.9,2,0.17704999999999999,0
3341,2027-02-23,26,Employed,Single,4,South,496,85,0.87,3.32,4.83,3.69,2,0.16195,0
3342,2027-02-24,47,Employed,Divorced,4,East,646,45,1.26,0.57,4.82,2.86,2,0.1519,0
3343,2027-02-25,43,Unemployed,Single,3,North,348,3,1.41,1.65,4.62,3.21,1,0.2146,1
3344,2027-02-26,47,Employed,Married,0,West,363,1,0.86,2.31,2.35,2.16,1,0.19290000000000002,0
3345,2027-02-27,54,Employed,Single,0,West,403,4,0.24,1.05,4.22,2.26,1,0.20484999999999998,0
3346,2027-02-28,66,Employed,Single,4,North,512,45,0.23,1.37,3.44,1.53,2,0.17049999999999998,0
3347,2027-03-01,58,Employed,Single,0,North,816,78,0.17,2.64,4.76,2.46,2,0.0884,0
3348,2027-03-02,34,Unemployed,Single,4,North,418,18,0.71,2.6,3.62,2.67,1,0.18259999999999998,1
3349,2027-03-03,56,Employed,Single,0,East,541,37,0.72,3.76,5.52,3.35,2,0.14975000000000002,0
3350,2027-03-04,28,Unemployed,Married,4,South,579,58,0.93,1.28,6.78,2.88,2,0.17135,1
3351,2027-03-05,55,Self-Employed,Married,4,East,723,78,0.72,1.07,4.52,3.13,2,0.12615,1
3352,2027-03-06,39,Self-Employed,Single,4,North,662,109,1.46,4.1,5.41,2.82,3,0.11555000000000001,0
3353,2027-03-07,50,Self-Employed,Married,4,East,605,71,0.44,1.75,4.29,2.93,2,0.1477,0
3354,2027-03-08,34,Employed,Divorced,2,West,785,19,1.31,0.1,4.85,2.82,1,0.122,1
3355,2027-03-09,40,Employed,Divorced,0,East,613,75,0.15,2.4,7.04,3.13,2,0.15295,0
3356,2027-03-10,69,Self-Employed,Married,4,North,812,67,0.9,0.92,2.68,1.63,2,0.09620000000000001,1
3357,2027-03-11,45,Employed,Divorced,1,West,466,52,0.97,1.61,3.99,3.0,2,0.18235,0
3358,2027-03-12,60,Self-Employed,Single,3,South,693,101,1.16,0.58,5.16,2.92,3,0.14175,0
3359,2027-03-13,44,Employed,Single,1,East,362,106,0.75,3.11,4.75,3.83,3,0.19714999999999996,0
3360,2027-03-14,34,Retired,Married,1,East,571,54,0.3,2.41,4.44,3.11,2,0.15035,0
3361,2027-03-15,46,Self-Employed,Married,2,North,336,117,0.55,0.71,3.23,3.79,3,0.22004999999999997,1
3362,2027-03-16,58,Employed,Married,0,South,315,38,0.41,2.2,5.65,2.61,2,0.22249999999999998,0
3363,2027-03-17,43,Employed,Married,2,West,642,35,0.63,2.67,4.85,2.62,2,0.13205,0
3364,2027-03-18,42,Unemployed,Widowed,0,North,645,57,0.79,1.79,5.96,3.84,2,0.14565,0
3365,2027-03-19,68,Unemployed,Married,4,North,838,14,0.94,3.66,6.56,2.88,1,0.0817,0
3366,2027-03-20,39,Employed,Married,2,East,532,0,1.27,3.04,4.94,2.6,1,0.1563,0
3367,2027-03-21,66,Unemployed,Married,3,South,875,94,1.37,1.52,6.99,3.01,3,0.096,0
3368,2027-03-22,23,Employed,Single,0,North,715,8,0.69,1.77,6.57,3.1,1,0.13140000000000002,0
3369,2027-03-23,62,Employed,Single,2,East,566,22,0.13,0.76,4.35,3.62,1,0.16765,0
3370,2027-03-24,39,Unemployed,Single,3,West,625,51,1.2,0.3,7.2,2.6,2,0.17175,0
3371,2027-03-25,29,Unemployed,Married,1,North,742,25,0.72,1.13,5.98,3.37,1,0.1281,0
3372,2027-03-26,48,Self-Employed,Single,4,West,859,103,0.82,1.3,6.92,3.88,3,0.10185,0
3373,2027-03-27,40,Unemployed,Married,4,West,375,107,0.89,3.33,2.26,3.56,3,0.17925,1
3374,2027-03-28,65,Employed,Single,1,East,546,102,1.0,0.63,6.01,3.9,3,0.18225000000000002,1
3375,2027-03-29,27,Unemployed,Married,2,South,879,59,1.34,2.1,5.47,3.01,2,0.08159999999999999,0
3376,2027-03-30,34,Employed,Single,1,West,612,17,1.43,2.21,3.77,3.3,1,0.13875,0
3377,2027-03-31,29,Employed,Single,3,North,875,96,1.41,1.29,2.75,2.61,3,0.0771,0
3378,2027-04-01,39,Employed,Divorced,0,South,891,104,1.21,3.02,4.77,4.23,3,0.0659,0
3379,2027-04-02,67,Employed,Married,2,South,642,102,1.33,1.69,5.07,3.45,3,0.14295000000000002,0
3380,2027-04-03,34,Employed,Widowed,0,East,481,77,0.07,1.41,4.12,3.12,2,0.18125,0
3381,2027-04-04,58,Employed,Widowed,1,North,698,57,1.27,3.64,3.87,2.97,2,0.10344999999999999,0
3382,2027-04-05,56,Employed,Single,4,North,540,64,0.11,1.16,4.18,1.93,2,0.1693,0
3383,2027-04-06,60,Employed,Single,0,East,591,76,1.12,2.78,3.99,1.91,2,0.13940000000000002,0
3384,2027-04-07,37,Self-Employed,Divorced,0,East,353,115,0.25,1.43,6.4,2.45,3,0.22444999999999998,0
3385,2027-04-08,50,Employed,Widowed,4,South,444,78,0.54,0.78,3.8,2.73,2,0.19519999999999998,0
3386,2027-04-09,29,Employed,Married,0,West,655,100,0.28,1.67,2.53,3.32,3,0.1272,0
3387,2027-04-10,53,Unemployed,Married,0,West,897,68,0.67,4.36,6.18,3.4,2,0.05804999999999999,0
3388,2027-04-11,45,Unemployed,Married,4,West,776,13,0.62,0.56,6.37,3.0,1,0.12725,0
3389,2027-04-12,34,Unemployed,Single,4,West,321,77,0.07,1.3,4.82,3.16,2,0.22585,0
3390,2027-04-13,31,Employed,Married,1,North,630,45,1.25,3.23,3.31,2.91,2,0.12175000000000001,0
3391,2027-04-14,55,Unemployed,Married,1,North,591,68,1.28,1.06,2.09,3.55,2,0.1471,1
3392,2027-04-15,61,Employed,Married,0,East,535,74,1.18,1.4,5.05,2.63,2,0.1725,0
3393,2027-04-16,34,Employed,Single,2,East,328,31,1.27,2.13,5.77,2.84,2,0.22054999999999997,1
3394,2027-04-17,50,Employed,Single,1,West,459,50,1.13,1.78,3.78,3.1,2,0.18135,0
3395,2027-04-18,61,Unemployed,Single,1,East,829,68,1.41,2.51,6.2,2.61,2,0.09365,0
3396,2027-04-19,24,Employed,Single,2,North,849,99,0.86,1.74,2.85,2.25,3,0.0796,0
3397,2027-04-20,24,Employed,Divorced,2,West,400,14,0.87,2.01,5.11,3.18,1,0.20045,0
3398,2027-04-21,48,Employed,Single,4,West,589,52,1.29,1.87,1.95,4.13,2,0.1388,0
3399,2027-04-22,28,Unemployed,Single,1,North,676,70,0.52,1.18,3.58,3.06,2,0.1321,0
3400,2027-04-23,22,Self-Employed,Single,3,South,472,68,0.08,0.15,2.37,3.37,2,0.18735000000000002,0
3401,2027-04-24,61,Employed,Married,3,West,642,93,1.12,3.92,5.85,2.83,3,0.12455000000000001,0
3402,2027-04-25,66,Self-Employed,Married,0,East,878,14,0.38,1.17,5.51,3.2,1,0.09135000000000001,0
3403,2027-04-26,42,Employed,Single,1,South,490,29,0.71,1.23,8.67,2.29,1,0.20355,0
3404,2027-04-27,61,Self-Employed,Single,3,North,738,77,0.36,2.2,5.29,2.46,2,0.11495,0
3405,2027-04-28,36,Employed,Single,1,South,854,23,1.24,0.97,4.36,3.31,1,0.0936,1
3406,2027-04-29,49,Unemployed,Married,1,South,642,87,1.44,2.92,3.45,2.88,2,0.12255000000000002,1
3407,2027-04-30,69,Employed,Single,3,West,424,34,0.08,2.25,6.48,2.17,2,0.1989,0
3408,2027-05-01,68,Self-Employed,Divorced,1,South,851,68,0.35,1.73,8.96,2.79,2,0.10975000000000001,0
3409,2027-05-02,50,Employed,Married,2,East,659,11,0.28,1.5,6.51,3.46,1,0.1478,0
3410,2027-05-03,32,Employed,Single,0,West,802,83,1.01,0.8,5.32,2.69,2,0.11309999999999999,0
3411,2027-05-04,55,Employed,Married,4,North,472,45,0.64,2.31,5.1,1.87,2,0.1794,0
3412,2027-05-05,31,Employed,Single,3,East,693,68,0.68,2.14,2.55,3.88,2,0.11309999999999999,1
3413,2027-05-06,66,Employed,Married,4,West,760,119,0.24,1.35,6.32,3.06,3,0.1231,1
3414,2027-05-07,41,Unemployed,Single,0,South,419,35,0.62,2.52,3.92,3.81,2,0.18464999999999998,0
3415,2027-05-08,41,Employed,Married,2,East,572,84,0.45,3.58,3.2,3.18,2,0.13219999999999998,0
3416,2027-05-09,25,Self-Employed,Married,2,West,657,47,0.92,2.01,4.72,2.68,2,0.13425,0
3417,2027-05-10,68,Unemployed,Divorced,2,West,685,102,0.33,1.75,3.83,3.18,3,0.1254,0
3418,2027-05-11,40,Self-Employed,Single,2,North,618,66,0.92,1.04,3.61,3.16,2,0.14815,0
3419,2027-05-12,57,Unemployed,Single,3,West,560,92,0.57,1.84,4.27,3.92,3,0.15794999999999998,0
3420,2027-05-13,23,Self-Employed,Married,3,North,580,53,0.52,1.58,2.16,3.64,2,0.14500000000000002,0
3421,2027-05-14,64,Employed,Divorced,1,South,628,88,0.46,0.95,4.61,3.34,2,0.15155000000000002,1
3422,2027-05-15,53,Unemployed,Divorced,1,West,423,90,1.01,2.45,5.36,3.19,3,0.19155,0
3423,2027-05-16,29,Employed,Single,0,West,775,35,0.84,2.27,3.52,3.04,2,0.09615000000000001,1
3424,2027-05-17,29,Self-Employed,Single,1,South,577,51,1.28,2.08,7.02,2.71,2,0.16505000000000003,0
3425,2027-05-18,24,Unemployed,Married,0,West,392,21,0.36,1.64,4.14,3.54,1,0.2013,0
3426,2027-05-19,55,Employed,Single,0,West,846,37,0.06,2.92,3.38,2.79,2,0.07120000000000001,0
3427,2027-05-20,37,Employed,Single,0,East,427,98,0.27,0.25,6.23,2.88,3,0.21689999999999998,1
3428,2027-05-21,54,Employed,Single,2,North,831,61,0.52,0.3,5.1,3.03,2,0.10975,0
3429,2027-05-22,44,Unemployed,Married,4,West,466,64,0.27,2.23,7.01,2.69,2,0.19125,1
3430,2027-05-23,52,Retired,Divorced,4,West,535,2,0.13,3.26,7.41,2.78,1,0.1657,0
3431,2027-05-24,21,Employed,Widowed,3,North,331,87,0.67,2.12,2.93,3.0,2,0.2057,0
3432,2027-05-25,28,Self-Employed,Single,0,East,530,7,1.02,2.13,8.34,2.96,1,0.1829,0
3433,2027-05-26,65,Retired,Married,2,North,490,111,1.13,0.95,1.47,3.73,3,0.17035,0
3434,2027-05-27,43,Employed,Divorced,1,West,890,117,0.6,-0.14,3.1,2.24,3,0.08940000000000001,0
3435,2027-05-28,67,Employed,Single,1,South,807,38,0.72,1.03,2.99,3.28,2,0.0979,0
3436,2027-05-29,60,Unemployed,Married,3,South,756,17,1.13,2.64,7.02,2.76,1,0.1147,0
3437,2027-05-30,32,Unemployed,Married,3,East,554,104,0.53,0.43,5.78,2.83,3,0.18109999999999998,0
3438,2027-05-31,32,Unemployed,Single,0,East,578,2,1.18,1.15,5.41,1.81,1,0.16604999999999998,0
3439,2027-06-01,66,Employed,Married,0,West,355,17,1.45,0.43,1.39,2.63,1,0.20889999999999997,0
3440,2027-06-02,67,Employed,Single,1,East,405,79,1.32,1.09,4.97,3.26,2,0.2077,0
3441,2027-06-03,35,Employed,Married,1,West,880,95,0.68,3.14,8.66,2.65,3,0.0869,0
3442,2027-06-04,61,Employed,Single,1,South,491,116,0.87,1.39,5.77,2.76,3,0.18719999999999998,0
3443,2027-06-05,39,Employed,Single,1,East,577,0,1.07,2.91,4.51,2.85,1,0.1442,0
3444,2027-06-06,46,Unemployed,Single,4,West,843,116,0.52,1.42,6.62,3.1,3,0.10315,0
3445,2027-06-07,49,Employed,Divorced,0,North,474,25,1.2,3.44,5.22,3.83,1,0.16820000000000002,0
3446,2027-06-08,42,Unemployed,Married,0,East,384,51,0.66,2.35,4.25,2.96,2,0.19675,0
3447,2027-06-09,60,Employed,Married,1,West,515,111,1.27,1.54,3.98,4.45,3,0.17075,0
3448,2027-06-10,41,Self-Employed,Married,2,West,313,11,0.38,1.84,5.81,4.29,1,0.2274,0
3449,2027-06-11,58,Employed,Married,1,North,336,37,0.02,0.56,4.58,3.82,2,0.2283,1
3450,2027-06-12,40,Employed,Single,3,South,326,84,0.95,1.49,5.25,3.51,2,0.22484999999999997,0
3451,2027-06-13,49,Employed,Married,2,North,875,40,0.68,3.42,1.51,3.17,2,0.049600000000000005,0
3452,2027-06-14,24,Retired,Single,3,West,369,52,0.09,2.36,4.84,3.76,2,0.20335,0
3453,2027-06-15,27,Unemployed,Single,2,North,453,12,0.73,-0.09,3.41,4.06,1,0.1997,0
3454,2027-06-16,48,Employed,Married,3,North,737,119,0.25,1.83,6.56,3.06,3,0.12525,0
3455,2027-06-17,48,Employed,Single,1,West,570,75,0.94,2.17,3.41,3.13,2,0.14785,0
3456,2027-06-18,24,Retired,Single,1,South,840,12,0.67,2.75,3.85,3.39,1,0.07675000000000001,0
3457,2027-06-19,42,Employed,Married,2,North,373,17,0.26,1.63,2.97,2.95,1,0.20029999999999998,1
3458,2027-06-20,32,Employed,Married,3,North,870,18,0.62,1.88,6.24,3.74,1,0.08990000000000001,0
3459,2027-06-21,65,Self-Employed,Married,4,East,448,18,0.35,3.03,5.78,2.38,1,0.18159999999999998,0
3460,2027-06-22,23,Retired,Married,2,East,805,114,0.98,1.76,3.36,3.17,3,0.09295,0
3461,2027-06-23,42,Employed,Married,2,West,309,69,0.44,1.27,3.61,2.41,2,0.2231,1
3462,2027-06-24,64,Employed,Married,0,West,801,47,1.23,2.84,6.19,2.98,2,0.09730000000000001,1
3463,2027-06-25,22,Retired,Single,2,West,361,70,0.02,2.85,8.06,2.63,2,0.21654999999999996,0
3464,2027-06-26,44,Employed,Single,4,East,687,70,0.61,-0.16,5.67,2.97,2,0.1532,0
3465,2027-06-27,54,Employed,Married,1,West,531,27,0.93,2.26,6.72,2.16,1,0.17325000000000002,0
3466,2027-06-28,47,Self-Employed,Single,3,North,883,118,0.03,0.99,4.6,3.3,3,0.08735000000000001,0
3467,2027-06-29,61,Unemployed,Widowed,0,North,827,91,0.32,2.4,3.41,2.81,3,0.08130000000000001,0
3468,2027-06-30,21,Employed,Married,3,South,849,18,0.49,2.95,4.75,3.53,1,0.077,0
3469,2027-07-01,28,Retired,Single,1,West,744,79,0.03,2.62,6.63,2.97,2,0.11595,0
3470,2027-07-02,43,Self-Employed,Single,2,North,620,80,0.82,2.72,4.15,3.42,2,0.13355,0
3471,2027-07-03,58,Employed,Single,4,North,382,85,0.95,1.34,4.48,2.77,2,0.20849999999999996,1
3472,2027-07-04,26,Retired,Single,0,South,733,82,0.34,1.54,8.34,3.4,2,0.13805,0
3473,2027-07-05,42,Employed,Single,4,North,316,47,0.82,2.59,7.65,4.05,2,0.22834999999999997,0
3474,2027-07-06,45,Employed,Married,4,South,668,28,1.5,2.07,5.21,2.62,1,0.13335000000000002,0
3475,2027-07-07,38,Self-Employed,Divorced,4,South,881,47,1.33,0.46,6.77,3.41,2,0.10400000000000001,0
3476,2027-07-08,37,Employed,Married,4,East,882,18,0.09,2.89,3.22,2.38,1,0.061700000000000005,0
3477,2027-07-09,32,Employed,Single,1,North,554,110,0.19,0.54,6.0,2.93,3,0.18109999999999998,0
3478,2027-07-10,26,Employed,Single,4,East,755,98,0.74,2.32,5.16,2.08,3,0.10885,0
3479,2027-07-11,46,Employed,Married,4,North,860,46,0.37,2.21,5.63,3.33,2,0.08605,0
3480,2027-07-12,47,Unemployed,Married,1,East,832,88,0.12,3.18,2.98,2.7,2,0.0701,0
3481,2027-07-13,28,Self-Employed,Married,3,South,691,59,0.38,1.76,2.68,3.37,2,0.11805,0
3482,2027-07-14,39,Retired,Divorced,1,South,619,47,0.09,-0.03,4.16,3.15,2,0.16135,0
3483,2027-07-15,62,Employed,Married,2,South,519,19,0.79,2.14,2.95,2.88,1,0.15860000000000002,0
3484,2027-07-16,21,Employed,Married,1,South,713,100,0.74,2.33,3.58,3.39,3,0.11134999999999999,0
3485,2027-07-17,49,Employed,Single,3,North,331,18,0.01,3.07,8.88,3.53,1,0.22594999999999998,1
3486,2027-07-18,65,Employed,Married,2,West,315,41,0.72,1.47,6.85,2.79,2,0.23579999999999998,0
3487,2027-07-19,69,Employed,Single,2,North,708,76,0.78,2.7,5.52,3.55,2,0.11860000000000001,0
3488,2027-07-20,55,Unemployed,Married,0,East,472,110,0.91,2.9,5.68,2.89,3,0.1764,0
3489,2027-07-21,60,Retired,Married,4,North,478,75,1.46,1.27,5.63,1.63,2,0.19095,0
3490,2027-07-22,34,Retired,Single,2,North,872,48,1.47,2.32,4.71,3.11,2,0.07735,0
3491,2027-07-23,55,Employed,Single,2,East,796,14,0.79,0.53,5.49,2.68,1,0.11815,0
3492,2027-07-24,68,Unemployed,Single,3,South,403,59,1.27,2.56,6.42,2.81,2,0.20074999999999998,0
3493,2027-07-25,65,Employed,Single,2,East,616,67,0.13,2.22,4.65,1.99,2,0.14205,0
3494,2027-07-26,40,Employed,Single,3,East,887,78,0.8,0.76,7.17,3.15,2,0.1015,0
3495,2027-07-27,69,Unemployed,Single,4,West,480,80,1.02,1.6,4.63,2.66,2,0.18214999999999998,0
3496,2027-07-28,33,Self-Employed,Single,0,West,431,26,0.85,3.08,3.51,2.74,1,0.174,0
3497,2027-07-29,58,Employed,Single,0,South,454,74,0.35,2.2,5.39,3.53,2,0.18644999999999998,1
3498,2027-07-30,69,Employed,Widowed,4,East,658,54,0.09,1.32,4.71,1.95,2,0.14085,0
3499,2027-07-31,66,Employed,Single,4,East,534,86,0.58,1.23,4.62,3.19,2,0.1723,0
3500,2027-08-01,69,Unemployed,Single,1,East,464,14,0.97,3.0,6.32,3.2,1,0.1806,0
3501,2027-08-02,28,Employed,Married,2,North,726,51,1.49,1.51,4.46,3.12,2,0.1207,0
3502,2027-08-03,63,Retired,Divorced,2,West,787,30,0.35,2.22,3.6,3.55,2,0.09405,0
3503,2027-08-04,40,Employed,Married,2,West,512,116,1.38,1.59,4.41,3.44,3,0.17315,0
3504,2027-08-05,53,Employed,Single,3,South,456,89,0.1,-0.21,3.89,3.06,2,0.20255,0
3505,2027-08-06,46,Employed,Married,1,West,374,6,1.4,1.35,3.87,2.62,1,0.20735,0
3506,2027-08-07,59,Employed,Married,2,West,734,12,1.25,3.14,6.47,2.78,1,0.11245000000000001,0
3507,2027-08-08,41,Employed,Married,3,South,477,53,0.03,4.14,3.47,2.99,2,0.1517,0
3508,2027-08-09,69,Unemployed,Married,3,East,611,12,0.45,1.23,5.18,1.83,1,0.15585,0
3509,2027-08-10,62,Unemployed,Divorced,0,North,426,115,0.08,2.33,4.5,2.75,3,0.18769999999999998,0
3510,2027-08-11,63,Retired,Divorced,3,South,676,19,1.49,4.33,4.84,3.6,1,0.1069,0
3511,2027-08-12,61,Unemployed,Married,4,West,644,97,0.64,3.2,1.94,2.8,3,0.11170000000000001,0
3512,2027-08-13,29,Unemployed,Married,3,South,524,9,0.99,0.79,5.97,3.4,1,0.18595,1
3513,2027-08-14,44,Self-Employed,Married,4,West,316,113,0.35,1.74,4.58,3.44,3,0.22149999999999997,0
3514,2027-08-15,57,Unemployed,Married,4,East,796,51,1.4,2.26,6.46,3.61,2,0.1057,0
3515,2027-08-16,69,Employed,Single,0,East,772,36,0.41,3.27,5.6,2.84,2,0.0973,0
3516,2027-08-17,61,Employed,Widowed,0,East,610,51,0.39,0.8,5.07,2.87,2,0.15985,0
3517,2027-08-18,37,Employed,Single,3,West,436,114,0.47,2.77,5.01,3.15,3,0.18334999999999999,0
3518,2027-08-19,44,Employed,Married,0,South,774,26,0.69,2.7,8.36,2.6,1,0.1163,0
3519,2027-08-20,41,Employed,Divorced,0,West,516,33,0.03,1.7,3.8,2.65,2,0.168,0
3520,2027-08-21,59,Retired,Single,2,East,495,99,0.9,4.14,5.44,3.5,3,0.15705000000000002,0
3521,2027-08-22,61,Employed,Married,3,East,500,61,0.05,1.09,5.36,2.65,2,0.1859,0
3522,2027-08-23,59,Employed,Single,3,East,665,15,0.81,2.36,2.58,3.26,1,0.11805,0
3523,2027-08-24,33,Employed,Single,3,West,827,58,0.69,2.2,4.91,3.2,2,0.09079999999999999,0
3524,2027-08-25,31,Employed,Single,0,North,699,20,0.36,2.38,2.66,3.0,1,0.10975000000000001,0
3525,2027-08-26,66,Employed,Single,0,East,824,15,0.49,3.16,4.9,3.13,1,0.0819,0
3526,2027-08-27,39,Employed,Single,4,South,889,80,1.06,0.66,2.57,3.34,2,0.079,0
3527,2027-08-28,31,Employed,Widowed,1,East,513,78,0.01,2.16,5.57,3.72,2,0.17300000000000001,0
3528,2027-08-29,33,Employed,Widowed,1,West,640,12,0.47,3.97,3.11,2.53,1,0.11085,0
3529,2027-08-30,66,Unemployed,Single,1,South,628,32,1.02,2.8,4.98,2.51,2,0.13490000000000002,0
3530,2027-08-31,65,Unemployed,Married,2,West,418,53,0.23,1.34,2.56,2.95,2,0.18989999999999999,0
3531,2027-09-01,21,Employed,Single,0,North,724,68,0.84,1.2,5.71,3.18,2,0.13055,0
3532,2027-09-02,60,Employed,Single,4,North,672,26,0.25,2.52,4.88,3.14,1,0.1262,0
3533,2027-09-03,64,Employed,Single,4,West,478,51,0.23,1.51,4.72,3.86,2,0.184,0
3534,2027-09-04,39,Unemployed,Widowed,1,East,731,64,1.16,1.86,5.21,2.52,2,0.1197,0
3535,2027-09-05,32,Employed,Divorced,2,South,701,43,0.4,1.26,5.79,2.17,2,0.1361,0
3536,2027-09-06,28,Employed,Single,2,East,693,29,0.56,4.07,3.71,3.26,1,0.0996,0
3537,2027-09-07,28,Unemployed,Single,1,West,865,22,1.1,2.35,4.97,3.11,1,0.0801,0
3538,2027-09-08,65,Employed,Single,1,West,378,78,0.27,2.05,4.3,2.93,2,0.2015,1
3539,2027-09-09,32,Employed,Married,0,East,723,99,0.8,0.37,6.95,3.4,3,0.1453,0
3540,2027-09-10,68,Employed,Married,2,South,417,82,1.38,1.17,4.39,2.18,2,0.20099999999999998,1
3541,2027-09-11,53,Retired,Single,4,South,667,93,0.83,1.94,3.79,2.13,3,0.1278,0
3542,2027-09-12,65,Unemployed,Married,1,South,405,15,0.07,1.94,2.74,2.0,1,0.18805,0
3543,2027-09-13,46,Unemployed,Single,0,South,404,54,0.88,3.66,4.6,2.65,2,0.1804,0
3544,2027-09-14,59,Employed,Divorced,4,South,602,17,0.14,2.12,3.96,3.61,1,0.1431,0
3545,2027-09-15,48,Employed,Married,2,North,447,89,0.42,3.04,5.54,2.26,2,0.18055,1
3546,2027-09-16,25,Retired,Married,1,North,449,16,1.27,2.18,5.33,3.02,1,0.18760000000000002,0
3547,2027-09-17,28,Retired,Married,1,West,555,74,0.02,2.86,5.8,3.15,2,0.15665,0
3548,2027-09-18,45,Employed,Married,0,North,381,51,0.12,0.33,3.11,3.77,2,0.212,0
3549,2027-09-19,47,Unemployed,Single,0,South,315,44,0.55,0.74,0.9,2.57,2,0.21334999999999998,0
3550,2027-09-20,66,Employed,Single,2,South,492,55,1.5,2.92,5.0,2.55,2,0.1678,0
3551,2027-09-21,43,Employed,Divorced,1,South,373,92,0.44,3.5,6.23,3.52,3,0.19789999999999996,0
3552,2027-09-22,50,Self-Employed,Single,0,West,576,53,0.24,0.29,4.41,2.46,2,0.17015000000000002,0
3553,2027-09-23,65,Employed,Single,1,West,360,8,0.82,2.01,7.68,3.6,1,0.2233,1
3554,2027-09-24,67,Retired,Married,2,East,835,112,0.78,0.5,4.81,3.18,3,0.1053,1
3555,2027-09-25,43,Employed,Married,1,North,834,16,0.67,1.34,3.9,2.12,1,0.0926,0
3556,2027-09-26,69,Employed,Married,4,North,642,26,1.42,0.1,5.62,3.33,1,0.16160000000000002,1
3557,2027-09-27,67,Retired,Divorced,1,East,694,36,0.42,1.88,7.07,3.23,2,0.13805,1
3558,2027-09-28,40,Retired,Married,3,East,557,21,0.44,1.82,4.94,2.88,1,0.16225,0
3559,2027-09-29,38,Employed,Single,3,North,497,71,0.21,1.8,6.13,2.69,2,0.1834,0
3560,2027-09-30,38,Employed,Married,2,South,352,66,1.05,1.71,4.37,3.81,2,0.21174999999999997,0
3561,2027-10-01,22,Self-Employed,Married,2,North,570,37,0.48,2.63,4.4,1.78,2,0.1482,0
3562,2027-10-02,24,Employed,Single,2,South,500,98,1.2,3.71,6.68,2.24,3,0.1663,1
3563,2027-10-03,50,Retired,Single,4,West,695,95,1.46,0.79,2.34,2.74,3,0.12505,1
3564,2027-10-04,53,Retired,Single,4,North,677,71,0.07,1.16,3.43,3.24,2,0.1313,1
3565,2027-10-05,56,Employed,Married,1,North,834,43,1.49,2.13,5.87,3.0,2,0.09455000000000001,0
3566,2027-10-06,38,Employed,Divorced,0,West,387,90,0.38,1.73,4.48,2.65,3,0.20335,1
3567,2027-10-07,57,Employed,Married,3,West,697,95,0.63,1.68,5.45,3.26,3,0.13119999999999998,0
3568,2027-10-08,39,Retired,Widowed,3,West,481,35,1.17,0.69,5.8,2.13,2,0.19685,0
3569,2027-10-09,67,Employed,Single,3,West,582,97,1.0,1.54,3.02,3.18,3,0.1492,0
3570,2027-10-10,48,Employed,Divorced,1,West,832,24,1.17,1.55,3.01,2.85,1,0.08654999999999999,0
3571,2027-10-11,60,Employed,Married,1,East,860,94,0.7,2.22,6.73,3.34,3,0.09145,1
3572,2027-10-12,40,Self-Employed,Single,2,East,489,41,1.37,1.09,4.42,3.25,2,0.18395,0
3573,2027-10-13,69,Employed,Widowed,0,West,504,110,1.18,2.89,3.99,3.38,3,0.16005000000000003,0
3574,2027-10-14,53,Employed,Single,2,West,343,12,0.46,0.74,5.56,2.69,1,0.22964999999999997,1
3575,2027-10-15,32,Retired,Divorced,1,West,599,55,1.42,3.55,6.47,2.63,2,0.1421,0
3576,2027-10-16,35,Retired,Divorced,4,West,578,78,1.44,1.18,6.17,3.1,2,0.16954999999999998,0
3577,2027-10-17,61,Unemployed,Married,2,South,684,117,0.62,3.44,5.69,2.27,3,0.11805,0
3578,2027-10-18,59,Employed,Married,1,South,610,50,0.98,1.25,6.74,4.11,2,0.1637,0
3579,2027-10-19,22,Employed,Single,1,West,827,49,1.22,2.83,5.76,3.8,2,0.08875,0
3580,2027-10-20,49,Self-Employed,Married,4,West,573,76,1.23,1.64,4.17,2.22,2,0.1562,0
3581,2027-10-21,61,Employed,Single,4,North,781,51,0.02,2.08,5.39,3.11,2,0.1059,0
3582,2027-10-22,30,Retired,Married,4,West,750,115,0.94,2.6,6.18,3.59,3,0.1124,0
3583,2027-10-23,22,Self-Employed,Married,0,West,831,32,1.46,1.67,3.79,2.8,2,0.0895,1
3584,2027-10-24,31,Employed,Divorced,1,East,830,94,0.35,0.1,4.15,2.63,3,0.10725000000000001,0
3585,2027-10-25,33,Retired,Single,4,South,824,24,1.19,1.36,5.3,3.59,1,0.10189999999999999,0
3586,2027-10-26,30,Retired,Married,0,West,316,111,0.8,1.49,6.03,3.68,3,0.23124999999999998,0
3587,2027-10-27,34,Employed,Divorced,3,South,329,57,0.33,3.73,4.97,2.19,2,0.20029999999999998,0
3588,2027-10-28,38,Employed,Married,3,South,769,39,0.08,1.95,5.39,3.06,2,0.11019999999999999,0
3589,2027-10-29,29,Employed,Single,3,North,603,86,1.14,2.17,1.27,2.94,2,0.12890000000000001,0
3590,2027-10-30,59,Employed,Single,1,South,854,37,0.47,1.88,7.4,2.12,2,0.0997,0
3591,2027-10-31,48,Employed,Single,0,South,392,2,0.56,2.22,6.16,2.2,1,0.2056,0
3592,2027-11-01,23,Self-Employed,Married,0,West,877,115,0.73,0.76,6.09,2.54,3,0.0986,0
3593,2027-11-02,40,Retired,Married,3,East,883,15,0.76,1.31,5.96,3.01,1,0.09095,0
3594,2027-11-03,26,Employed,Widowed,2,West,461,1,0.31,2.66,6.1,3.65,1,0.18365,0
3595,2027-11-04,47,Employed,Single,3,West,627,22,1.01,1.78,7.09,1.61,1,0.1559,0
3596,2027-11-05,22,Self-Employed,Single,1,East,553,97,1.04,1.9,6.68,3.06,3,0.17115000000000002,0
3597,2027-11-06,49,Employed,Married,3,East,739,29,0.21,1.98,5.64,2.52,1,0.11865,0
3598,2027-11-07,58,Unemployed,Married,3,North,870,110,0.8,2.69,6.21,3.27,3,0.08165,0
3599,2027-11-08,23,Employed,Divorced,0,East,843,9,0.91,1.36,5.42,3.51,1,0.09775,0
3600,2027-11-09,36,Employed,Married,3,West,419,64,0.28,2.1,3.86,3.52,2,0.18855,0
3601,2027-11-10,50,Employed,Married,4,East,813,21,1.34,-0.15,4.24,2.95,1,0.11445000000000001,0
3602,2027-11-11,60,Unemployed,Married,4,East,848,51,0.72,0.39,4.37,2.83,2,0.10095,0
3603,2027-11-12,22,Employed,Divorced,2,East,396,110,0.17,1.75,4.74,3.67,3,0.2022,1
3604,2027-11-13,37,Unemployed,Married,1,South,669,55,0.5,0.89,4.64,2.83,2,0.14205,0
3605,2027-11-14,61,Employed,Single,1,North,716,32,0.72,2.98,3.27,3.03,2,0.10255,0
3606,2027-11-15,32,Employed,Single,0,South,556,88,0.02,0.93,5.32,2.77,2,0.1733,0
3607,2027-11-16,55,Employed,Single,1,South,427,85,0.05,1.87,6.11,3.17,2,0.2001,0
3608,2027-11-17,63,Retired,Married,2,North,658,79,0.08,2.8,4.3,2.32,2,0.12400000000000001,0
3609,2027-11-18,21,Retired,Single,4,South,455,29,0.81,2.49,4.51,2.85,1,0.1789,0
3610,2027-11-19,65,Employed,Single,0,East,356,81,0.5,1.46,6.13,3.05,2,0.22204999999999997,0
3611,2027-11-20,35,Employed,Single,4,North,881,23,1.34,1.61,5.28,3.52,1,0.08505,0
3612,2027-11-21,46,Employed,Married,2,South,855,4,0.84,2.47,6.32,2.91,1,0.08815,0
3613,2027-11-22,57,Employed,Single,0,West,375,52,1.14,2.81,6.1,1.77,2,0.20365,0
3614,2027-11-23,41,Employed,Married,3,South,457,100,1.03,3.5,3.81,2.7,3,0.16479999999999997,0
3615,2027-11-24,69,Retired,Single,1,West,384,54,0.78,2.81,5.34,3.73,2,0.1976,0
3616,2027-11-25,51,Retired,Single,2,East,621,22,1.12,2.69,5.9,3.08,1,0.14235000000000003,0
3617,2027-11-26,45,Employed,Married,0,West,608,105,0.82,2.34,3.96,2.64,3,0.1394,0
3618,2027-11-27,43,Employed,Single,4,South,829,90,0.58,2.12,3.25,2.5,3,0.08280000000000001,0
3619,2027-11-28,44,Unemployed,Single,0,South,583,118,0.65,1.63,4.97,3.19,3,0.1578,0
3620,2027-11-29,58,Unemployed,Single,3,South,341,75,1.26,2.5,1.85,2.66,2,0.19399999999999998,0
3621,2027-11-30,48,Employed,Divorced,2,North,433,9,0.84,1.76,0.02,3.01,1,0.16924999999999998,0
3622,2027-12-01,41,Employed,Married,0,North,703,97,0.57,2.7,5.9,2.62,3,0.12175,0
3623,2027-12-02,63,Employed,Single,2,South,792,119,0.27,2.72,3.86,2.55,3,0.0891,0
3624,2027-12-03,38,Employed,Single,2,South,521,32,0.74,2.47,4.55,2.81,2,0.1628,0
3625,2027-12-04,56,Employed,Widowed,4,East,528,79,0.38,1.38,5.36,2.94,2,0.176,1
3626,2027-12-05,55,Employed,Married,1,North,751,92,1.43,1.91,4.94,2.97,3,0.11285,1
3627,2027-12-06,65,Self-Employed,Married,3,North,605,61,0.74,3.08,3.85,2.86,2,0.1322,0
3628,2027-12-07,29,Employed,Married,0,North,418,81,0.01,0.29,7.94,3.55,2,0.2273,0
3629,2027-12-08,58,Employed,Married,1,West,623,26,0.14,2.19,4.88,2.8,1,0.14175,0
3630,2027-12-09,50,Employed,Married,4,South,458,6,0.43,2.76,9.14,3.72,1,0.1986,0
3631,2027-12-10,64,Unemployed,Married,1,East,538,99,0.14,2.43,3.59,2.92,3,0.15415,0
3632,2027-12-11,54,Unemployed,Married,2,East,695,26,1.34,4.07,4.43,2.67,1,0.10269999999999999,0
3633,2027-12-12,52,Employed,Single,2,South,619,73,1.28,0.39,5.04,3.15,2,0.16155000000000003,1
3634,2027-12-13,23,Employed,Divorced,3,South,488,9,1.46,0.82,5.11,3.37,1,0.19035000000000002,0
3635,2027-12-14,23,Retired,Married,0,East,608,74,1.06,2.18,6.49,2.59,2,0.15365,0
3636,2027-12-15,48,Employed,Single,0,West,548,56,0.97,2.93,1.51,2.28,2,0.13624999999999998,0
3637,2027-12-16,64,Employed,Divorced,4,East,837,29,1.39,2.06,7.29,3.5,1,0.10160000000000001,0
3638,2027-12-17,35,Employed,Divorced,3,West,805,2,1.42,3.32,2.19,3.67,1,0.07150000000000001,0
3639,2027-12-18,61,Employed,Widowed,0,West,693,28,1.32,1.42,3.83,3.27,1,0.12669999999999998,0
3640,2027-12-19,43,Employed,Divorced,2,North,705,13,1.29,1.73,5.08,2.63,1,0.12685000000000002,0
3641,2027-12-20,60,Retired,Widowed,3,South,480,76,1.01,2.76,5.62,2.92,2,0.17550000000000002,1
3642,2027-12-21,31,Self-Employed,Single,1,North,320,82,0.0,1.65,4.7,2.4,2,0.22199999999999998,1
3643,2027-12-22,68,Employed,Married,3,West,882,24,0.64,2.94,4.28,3.52,1,0.0665,0
3644,2027-12-23,52,Retired,Married,3,East,893,9,0.95,2.69,5.01,3.11,1,0.0699,0
3645,2027-12-24,56,Employed,Single,0,North,454,78,0.82,1.58,4.4,3.22,2,0.18769999999999998,0
3646,2027-12-25,53,Employed,Single,4,East,858,91,1.23,2.3,6.63,3.06,3,0.09065000000000001,0
3647,2027-12-26,44,Self-Employed,Widowed,4,West,493,103,1.23,1.52,6.04,3.0,3,0.18674999999999997,0
3648,2027-12-27,59,Self-Employed,Single,0,East,523,48,0.9,1.11,5.67,3.1,2,0.1815,0
3649,2027-12-28,54,Employed,Divorced,0,North,698,37,0.03,1.61,6.53,3.0,2,0.13705,0
3650,2027-12-29,48,Employed,Single,0,West,579,70,0.55,1.82,5.52,3.58,2,0.15965000000000001,1
3651,2027-12-30,57,Self-Employed,Single,4,South,309,13,0.34,2.11,4.64,2.3,1,0.21985,0
3652,2027-12-31,27,Self-Employed,Married,0,North,675,29,0.51,1.89,2.59,2.57,1,0.1203,0
3653,2028-01-01,24,Self-Employed,Single,1,North,771,39,0.93,0.24,7.8,2.82,2,0.13885000000000003,0
3654,2028-01-02,57,Employed,Married,1,South,451,11,0.1,2.99,6.68,2.91,1,0.18574999999999997,0
3655,2028-01-03,21,Employed,Married,2,West,423,91,0.03,0.3,3.19,3.5,3,0.2022,0
3656,2028-01-04,21,Employed,Single,1,South,852,113,0.66,2.19,6.1,2.32,3,0.09060000000000001,0
3657,2028-01-05,67,Employed,Single,3,North,723,13,1.19,1.26,5.69,3.27,1,0.1301,0
3658,2028-01-06,40,Retired,Single,2,West,822,0,0.05,2.15,3.59,2.93,1,0.08595,0
3659,2028-01-07,39,Employed,Single,1,East,812,67,1.27,1.78,7.08,3.43,2,0.10959999999999999,1
3660,2028-01-08,49,Employed,Married,3,North,470,48,0.58,2.35,5.25,3.2,2,0.18025000000000002,0
3661,2028-01-09,30,Unemployed,Married,1,East,864,17,0.18,2.52,3.28,2.94,1,0.0702,1
3662,2028-01-10,38,Employed,Single,3,South,424,114,0.85,3.04,3.17,2.5,3,0.17445,1
3663,2028-01-11,48,Employed,Married,0,West,474,35,1.43,2.77,5.62,3.17,2,0.1769,0
3664,2028-01-12,55,Unemployed,Single,3,South,803,63,0.81,2.04,3.57,2.8,2,0.0917,0
3665,2028-01-13,63,Unemployed,Single,0,East,684,95,1.03,2.94,3.9,2.95,3,0.11410000000000001,0
3666,2028-01-14,67,Self-Employed,Single,3,North,870,27,1.22,1.49,5.64,3.39,1,0.0908,0
3667,2028-01-15,51,Employed,Divorced,3,West,405,91,1.2,3.68,4.01,3.74,3,0.177,0
3668,2028-01-16,47,Self-Employed,Divorced,1,South,827,101,0.11,1.41,4.3,2.18,3,0.09565,0
3669,2028-01-17,31,Unemployed,Married,3,East,337,31,1.11,1.53,3.82,3.39,2,0.21455,0
3670,2028-01-18,69,Employed,Single,1,East,694,71,1.42,0.18,6.01,3.65,2,0.14975,0
3671,2028-01-19,69,Employed,Single,3,North,776,24,1.05,1.33,6.86,2.92,1,0.122,0
3672,2028-01-20,58,Unemployed,Married,4,East,766,46,1.25,1.73,2.44,2.42,2,0.09839999999999999,0
3673,2028-01-21,25,Employed,Married,2,West,804,19,0.73,1.73,3.52,3.18,1,0.0943,0
3674,2028-01-22,28,Unemployed,Widowed,1,East,614,32,0.48,3.68,1.63,2.91,2,0.11285,0
3675,2028-01-23,54,Employed,Single,1,North,584,29,1.01,2.58,5.19,4.76,1,0.14915,0
3676,2028-01-24,68,Employed,Single,0,South,763,36,0.74,2.94,5.31,3.17,2,0.10139999999999999,0
3677,2028-01-25,32,Employed,Married,4,West,563,79,1.34,2.0,3.58,2.76,2,0.15215,0
3678,2028-01-26,58,Unemployed,Married,0,South,728,52,1.46,1.3,4.34,2.27,2,0.1217,0
3679,2028-01-27,21,Employed,Married,4,South,664,88,1.23,4.18,5.69,2.51,2,0.11565,0
3680,2028-01-28,51,Employed,Married,4,East,480,101,1.49,1.9,7.33,3.44,3,0.19265,0
3681,2028-01-29,24,Self-Employed,Widowed,3,East,543,116,0.52,2.64,3.89,2.13,3,0.1523,0
3682,2028-01-30,69,Unemployed,Married,0,North,612,105,1.34,1.05,5.16,2.15,3,0.1573,0
3683,2028-01-31,65,Retired,Divorced,2,East,375,73,0.49,0.83,5.82,3.5,2,0.22205000000000003,1
3684,2028-02-01,25,Employed,Widowed,4,East,561,68,0.18,3.5,7.7,2.81,2,0.15825,0
3685,2028-02-02,50,Employed,Married,4,South,530,7,0.93,2.43,5.6,2.87,1,0.16620000000000001,0
3686,2028-02-03,44,Retired,Single,1,West,679,96,0.68,1.78,7.86,3.29,3,0.14675,0
3687,2028-02-04,23,Self-Employed,Single,3,East,608,100,1.38,1.81,2.84,2.88,3,0.1391,0
3688,2028-02-05,31,Employed,Married,2,West,687,0,0.74,0.96,5.62,2.2,1,0.14175,1
3689,2028-02-06,65,Employed,Married,4,East,624,94,1.39,1.44,4.6,2.67,3,0.1476,0
3690,2028-02-07,24,Unemployed,Divorced,1,East,755,6,0.12,2.43,4.96,3.23,1,0.10675,0
3691,2028-02-08,46,Employed,Single,0,North,811,61,1.25,2.05,3.18,3.03,2,0.08765,0
3692,2028-02-09,47,Self-Employed,Single,4,East,642,110,1.14,2.75,6.83,3.75,3,0.14115,0
3693,2028-02-10,66,Employed,Married,1,North,815,86,1.08,-0.74,5.87,3.21,2,0.128,0
3694,2028-02-11,63,Employed,Single,0,South,741,57,0.53,2.17,5.32,2.57,2,0.11465,0
3695,2028-02-12,47,Self-Employed,Single,3,West,848,87,1.18,2.78,2.43,3.7,2,0.06735000000000001,0
3696,2028-02-13,62,Employed,Single,0,East,882,77,0.72,-0.21,6.37,3.74,2,0.10845000000000002,0
3697,2028-02-14,26,Employed,Married,4,North,561,86,1.07,0.97,4.0,2.65,2,0.16505,0
3698,2028-02-15,35,Employed,Single,2,South,762,72,0.83,0.55,3.82,3.28,2,0.11810000000000001,0
3699,2028-02-16,50,Employed,Divorced,0,East,526,7,0.24,3.3,2.74,3.33,1,0.1442,0
3700,2028-02-17,62,Unemployed,Married,2,North,822,63,0.1,2.07,4.5,3.17,2,0.0913,1
3701,2028-02-18,57,Unemployed,Divorced,2,North,488,7,0.55,2.14,4.17,2.31,1,0.17245,0
3702,2028-02-19,57,Unemployed,Married,0,South,508,2,1.4,3.13,7.01,4.49,1,0.17174999999999999,0
3703,2028-02-20,62,Employed,Single,3,East,312,57,0.79,1.89,3.49,2.79,2,0.21555,1
3704,2028-02-21,57,Employed,Single,0,East,461,31,1.2,1.35,3.92,3.18,2,0.18585000000000002,1
3705,2028-02-22,55,Employed,Single,1,West,871,115,0.86,2.17,4.11,3.46,3,0.0761,0
3706,2028-02-23,43,Retired,Married,2,East,792,67,1.44,2.43,3.77,2.79,2,0.09155,0
3707,2028-02-24,26,Unemployed,Single,4,North,734,48,0.55,0.87,3.01,3.62,2,0.11785000000000001,0
3708,2028-02-25,24,Unemployed,Single,2,West,304,37,0.09,3.57,5.97,3.0,2,0.21314999999999998,0
3709,2028-02-26,38,Employed,Married,4,West,501,1,1.17,0.11,4.74,2.68,1,0.19235000000000002,0
3710,2028-02-27,29,Employed,Single,1,East,715,8,1.06,2.33,4.19,2.29,1,0.1139,0
3711,2028-02-28,69,Employed,Single,1,West,311,45,0.79,3.67,4.02,2.81,2,0.20065,0
3712,2028-02-29,49,Employed,Married,1,North,696,64,0.49,2.12,5.19,3.18,2,0.12575,0
3713,2028-03-01,33,Employed,Divorced,0,North,640,48,0.28,-0.05,4.03,2.84,2,0.15565,0
3714,2028-03-02,67,Retired,Single,2,South,672,74,0.72,3.49,4.9,3.33,2,0.11660000000000001,0
3715,2028-03-03,37,Employed,Single,4,North,677,28,1.0,1.52,5.72,3.83,1,0.13915,0
3716,2028-03-04,65,Employed,Widowed,1,South,524,89,0.87,2.78,5.52,2.85,2,0.1638,0
3717,2028-03-05,52,Employed,Single,1,West,481,90,0.66,2.42,7.16,3.57,3,0.18635000000000002,0
3718,2028-03-06,68,Retired,Widowed,4,South,596,101,0.81,1.98,6.47,3.09,3,0.15855,1
3719,2028-03-07,42,Self-Employed,Single,2,East,606,28,0.16,-0.06,5.5,3.15,1,0.1716,0
3720,2028-03-08,24,Self-Employed,Divorced,2,South,730,32,1.04,2.41,5.57,3.01,2,0.11625000000000002,0
3721,2028-03-09,25,Retired,Single,4,East,417,27,1.1,2.74,7.94,3.2,1,0.20304999999999998,0
3722,2028-03-10,57,Employed,Divorced,3,West,651,94,0.02,0.4,3.8,2.59,3,0.14725,0
3723,2028-03-11,61,Self-Employed,Single,2,South,887,82,0.41,3.67,5.75,2.64,2,0.0653,0
3724,2028-03-12,69,Employed,Married,4,North,345,111,0.14,1.61,3.71,2.7,3,0.2112,1
3725,2028-03-13,33,Employed,Single,4,East,526,25,1.5,3.82,6.25,2.13,1,0.15655,0
3726,2028-03-14,54,Unemployed,Single,1,West,655,113,0.89,2.67,5.96,2.39,3,0.13435,0
3727,2028-03-15,65,Unemployed,Married,4,North,593,28,0.7,2.02,4.63,2.95,1,0.1497,0
3728,2028-03-16,42,Employed,Married,0,East,539,10,0.69,2.1,6.95,2.71,1,0.174,0
3729,2028-03-17,43,Employed,Divorced,1,West,647,104,1.45,2.98,5.09,2.98,3,0.12890000000000001,0
3730,2028-03-18,23,Employed,Married,1,West,440,95,0.99,3.53,5.5,3.31,3,0.17720000000000002,1
3731,2028-03-19,62,Employed,Divorced,2,North,503,84,0.25,1.03,2.58,3.12,2,0.17185,0
3732,2028-03-20,54,Employed,Married,3,West,568,101,0.67,1.4,8.38,2.95,3,0.1809,1
3733,2028-03-21,52,Employed,Widowed,2,South,612,33,1.16,3.66,3.45,2.08,2,0.12265,0
3734,2028-03-22,65,Employed,Widowed,0,West,717,103,0.64,1.12,3.13,3.02,3,0.1202,0
3735,2028-03-23,69,Unemployed,Single,1,East,436,85,0.46,2.02,5.93,2.66,2,0.19544999999999998,0
3736,2028-03-24,41,Employed,Divorced,1,East,650,47,1.49,1.31,5.26,3.35,2,0.1457,0
3737,2028-03-25,66,Employed,Married,4,East,460,26,1.4,2.74,2.7,2.6,1,0.16609999999999997,0
3738,2028-03-26,64,Employed,Single,3,South,472,71,1.41,-0.46,3.71,2.43,2,0.20015,0
3739,2028-03-27,41,Unemployed,Married,3,North,429,39,0.2,2.73,4.39,3.71,2,0.18239999999999998,0
3740,2028-03-28,64,Employed,Single,4,South,378,109,0.35,3.16,3.89,2.1,3,0.18835,0
3741,2028-03-29,31,Employed,Married,0,South,868,30,0.66,2.66,5.29,3.84,2,0.07785,1
3742,2028-03-30,59,Employed,Single,3,South,356,64,1.25,1.17,6.4,3.05,2,0.2263,0
3743,2028-03-31,24,Unemployed,Single,1,West,699,38,1.11,-1.54,8.3,2.83,2,0.17715,0
3744,2028-04-01,21,Self-Employed,Married,0,North,662,97,1.27,1.32,2.7,2.78,3,0.1298,1
3745,2028-04-02,48,Unemployed,Married,2,West,634,110,1.38,2.65,4.9,3.44,3,0.1345,1
3746,2028-04-03,44,Retired,Divorced,2,South,433,23,1.17,1.98,5.13,3.11,1,0.1926,0
3747,2028-04-04,55,Unemployed,Widowed,0,East,313,91,0.39,2.88,5.11,3.09,3,0.2135,1
3748,2028-04-05,33,Self-Employed,Married,1,South,582,113,0.43,1.78,5.3,2.97,3,0.1582,0
3749,2028-04-06,67,Employed,Single,2,North,720,67,0.53,1.73,5.12,2.77,2,0.12329999999999999,1
3750,2028-04-07,54,Employed,Married,1,East,426,81,0.45,3.6,6.74,3.63,2,0.18619999999999998,0
3751,2028-04-08,31,Retired,Married,4,North,517,92,0.37,1.31,5.58,2.76,3,0.18055,0
3752,2028-04-09,56,Employed,Married,3,South,788,22,1.13,2.65,2.73,2.36,1,0.08515,0
3753,2028-04-10,37,Employed,Single,0,North,559,100,0.05,2.78,3.02,3.15,3,0.14255,1
3754,2028-04-11,55,Self-Employed,Married,3,West,517,60,1.09,4.37,6.36,2.28,2,0.15385,0
3755,2028-04-12,38,Employed,Single,4,East,788,26,1.24,3.66,5.74,3.74,1,0.09010000000000001,0
3756,2028-04-13,60,Self-Employed,Married,2,North,742,15,0.1,2.55,4.59,3.21,1,0.10694999999999999,0
3757,2028-04-14,42,Self-Employed,Married,1,East,398,44,0.09,2.71,5.71,1.94,2,0.19695,0
3758,2028-04-15,44,Employed,Divorced,1,East,481,26,0.43,3.26,5.92,3.19,1,0.17175,0
3759,2028-04-16,39,Unemployed,Married,4,South,468,72,0.31,1.36,6.52,2.81,2,0.197,0
3760,2028-04-17,57,Employed,Single,0,South,532,4,0.87,3.76,4.65,3.64,1,0.14765,0
3761,2028-04-18,59,Employed,Divorced,3,East,392,58,1.01,1.97,6.2,2.93,2,0.20829999999999999,1
3762,2028-04-19,41,Employed,Married,2,North,771,71,0.95,2.68,4.81,2.94,2,0.0995,0
3763,2028-04-20,28,Self-Employed,Single,0,East,815,81,0.54,2.36,2.79,2.8,2,0.0816,0
3764,2028-04-21,48,Unemployed,Married,4,South,384,34,0.75,1.24,5.58,2.85,2,0.2145,0
3765,2028-04-22,25,Employed,Single,4,North,818,69,0.96,1.62,6.9,1.96,2,0.10880000000000001,0
3766,2028-04-23,37,Self-Employed,Married,1,East,680,106,0.18,1.2,6.17,2.72,3,0.14385,0
3767,2028-04-24,57,Employed,Married,2,South,706,86,0.34,2.22,6.8,2.5,2,0.13029999999999997,1
3768,2028-04-25,56,Retired,Married,0,East,531,45,1.34,0.47,5.26,2.79,2,0.18385,0
3769,2028-04-26,39,Employed,Single,1,East,550,89,0.51,1.01,3.73,3.55,2,0.16605000000000003,0
3770,2028-04-27,47,Unemployed,Single,2,East,384,55,1.2,1.56,5.29,3.81,2,0.20985,1
3771,2028-04-28,54,Employed,Widowed,3,North,618,114,0.38,1.84,4.44,3.1,3,0.1443,0
3772,2028-04-29,31,Employed,Married,3,South,492,102,0.06,3.46,5.49,2.7,3,0.16485000000000002,1
3773,2028-04-30,65,Employed,Single,1,South,599,23,0.75,2.99,5.09,2.29,1,0.1408,0
3774,2028-05-01,67,Unemployed,Single,0,West,657,9,1.34,1.88,6.54,2.75,1,0.14465,0
3775,2028-05-02,32,Employed,Single,2,East,856,78,1.23,3.81,2.93,2.38,2,0.057550000000000004,0
3776,2028-05-03,41,Retired,Married,3,East,752,37,0.38,2.34,1.49,2.89,2,0.09104999999999999,0
3777,2028-05-04,31,Employed,Married,3,West,862,83,1.36,2.67,5.12,2.97,2,0.0784,0
3778,2028-05-05,59,Employed,Married,0,East,805,92,0.72,0.11,4.47,3.09,3,0.11499999999999999,1
3779,2028-05-06,48,Employed,Married,1,North,364,69,0.07,1.06,4.22,3.05,2,0.21449999999999997,1
3780,2028-05-07,25,Unemployed,Married,4,West,865,47,0.04,3.05,3.94,2.04,2,0.06795000000000001,1
3781,2028-05-08,37,Employed,Married,2,South,521,8,0.73,2.65,4.95,2.52,1,0.163,0
3782,2028-05-09,40,Unemployed,Single,3,East,765,114,0.82,3.8,5.62,2.53,3,0.09385000000000002,0
3783,2028-05-10,61,Retired,Married,4,South,371,49,0.12,3.72,5.82,2.78,2,0.19415,0
3784,2028-05-11,66,Retired,Widowed,0,East,773,68,1.38,1.47,0.73,3.05,2,0.0907,0
3785,2028-05-12,32,Employed,Married,1,West,318,47,1.08,3.15,4.84,2.62,2,0.2082,0
3786,2028-05-13,26,Self-Employed,Married,2,South,821,38,1.2,1.02,2.33,4.58,2,0.0912,0
3787,2028-05-14,37,Unemployed,Married,0,East,714,82,0.88,0.41,6.34,3.61,2,0.1441,0
3788,2028-05-15,39,Employed,Divorced,1,North,663,4,1.0,2.32,5.93,2.48,1,0.1357,0
3789,2028-05-16,46,Self-Employed,Married,0,West,827,83,0.58,2.77,3.4,3.66,2,0.07755000000000001,0
3790,2028-05-17,68,Employed,Single,3,East,379,10,1.02,2.33,5.13,3.83,1,0.20259999999999997,0
3791,2028-05-18,64,Employed,Widowed,3,East,489,118,1.47,2.96,2.0,2.37,3,0.15315,1
3792,2028-05-19,64,Employed,Divorced,4,East,447,113,0.97,1.42,5.66,2.41,3,0.19734999999999997,0
3793,2028-05-20,52,Employed,Single,0,West,742,59,0.51,3.02,5.68,3.06,2,0.10769999999999999,0
3794,2028-05-21,26,Employed,Married,3,East,564,26,0.43,1.48,6.14,3.53,1,0.1699,1
3795,2028-05-22,56,Employed,Married,1,East,808,92,1.45,4.39,5.93,3.16,3,0.07875,0
3796,2028-05-23,58,Self-Employed,Single,4,South,600,6,0.28,2.86,4.19,2.14,1,0.13735,0
3797,2028-05-24,31,Employed,Widowed,2,South,765,59,1.21,3.58,3.46,2.6,2,0.08525,0
3798,2028-05-25,53,Employed,Married,0,West,664,49,0.7,0.76,3.96,2.71,2,0.1412,1
3799,2028-05-26,44,Employed,Divorced,3,West,698,66,0.67,1.58,4.81,3.42,2,0.12875,0
3800,2028-05-27,43,Self-Employed,Single,1,North,792,68,1.12,1.91,3.1,2.29,2,0.0934,0
3801,2028-05-28,35,Self-Employed,Married,0,East,841,54,0.22,0.84,4.48,2.37,2,0.09875000000000002,0
3802,2028-05-29,47,Self-Employed,Single,1,South,779,76,0.7,3.61,4.48,3.03,2,0.08655000000000002,0
3803,2028-05-30,31,Unemployed,Married,4,South,467,15,0.05,2.06,6.68,3.0,1,0.19105,0
3804,2028-05-31,37,Employed,Married,3,East,390,117,1.01,0.49,5.71,3.45,3,0.22114999999999999,0
3805,2028-06-01,34,Unemployed,Married,3,East,599,11,0.09,1.5,3.92,2.69,1,0.14985,0
3806,2028-06-02,47,Employed,Single,4,West,473,102,0.13,0.88,5.44,3.54,3,0.19515,1
3807,2028-06-03,38,Employed,Single,1,North,672,26,1.27,2.75,5.63,3.46,1,0.12764999999999999,0
3808,2028-06-04,48,Self-Employed,Single,0,North,323,117,0.66,2.61,2.4,2.95,3,0.20015,0
3809,2028-06-05,67,Employed,Single,1,West,500,108,0.3,2.65,8.11,2.73,3,0.18405,0
3810,2028-06-06,67,Self-Employed,Married,0,West,306,32,0.89,2.98,4.73,3.84,2,0.21234999999999998,0
3811,2028-06-07,24,Self-Employed,Married,4,South,305,78,0.78,4.2,3.65,3.23,2,0.19499999999999998,0
3812,2028-06-08,27,Employed,Married,2,West,460,84,0.62,3.81,5.03,2.86,2,0.16704999999999998,0
3813,2028-06-09,65,Employed,Married,0,North,896,107,1.36,1.55,3.62,2.51,3,0.07360000000000001,0
3814,2028-06-10,55,Employed,Single,3,South,547,80,1.12,4.13,2.36,3.65,2,0.12875000000000003,0
3815,2028-06-11,68,Retired,Single,3,North,465,54,0.23,1.8,5.84,2.68,2,0.18995,0
3816,2028-06-12,29,Self-Employed,Single,3,East,727,51,0.86,2.1,5.06,2.73,2,0.11754999999999999,0
3817,2028-06-13,28,Employed,Married,1,North,444,36,0.13,2.07,5.39,2.62,2,0.19024999999999997,0
3818,2028-06-14,65,Employed,Married,1,South,810,112,0.37,2.66,2.46,2.81,3,0.07819999999999999,0
3819,2028-06-15,37,Self-Employed,Single,1,North,842,119,1.36,0.13,5.68,3.2,3,0.1116,0
3820,2028-06-16,37,Unemployed,Single,3,South,808,14,0.69,2.02,4.66,2.74,1,0.0961,0
3821,2028-06-17,69,Employed,Divorced,0,South,519,83,1.34,2.3,3.12,2.95,2,0.15785000000000002,0
3822,2028-06-18,53,Employed,Married,3,West,875,82,0.25,0.32,3.64,2.65,2,0.09124999999999998,0
3823,2028-06-19,52,Unemployed,Married,0,North,375,64,0.31,0.3,7.36,3.24,2,0.23504999999999998,0
3824,2028-06-20,28,Employed,Married,1,West,618,67,0.53,1.17,4.34,2.95,2,0.1505,0
3825,2028-06-21,39,Employed,Single,2,West,337,2,0.55,1.26,7.29,2.38,1,0.23459999999999998,0
3826,2028-06-22,58,Retired,Widowed,1,North,865,71,1.12,2.04,3.56,2.94,2,0.07615,0
3827,2028-06-23,23,Self-Employed,Married,4,South,813,104,0.9,1.87,4.14,3.12,3,0.09375,0
3828,2028-06-24,25,Employed,Single,0,East,545,107,0.83,3.17,4.38,2.79,3,0.14895,0
3829,2028-06-25,33,Employed,Married,2,North,439,4,0.9,1.62,6.16,1.96,1,0.19984999999999997,0
3830,2028-06-26,67,Employed,Married,1,West,557,8,1.1,1.64,5.37,3.63,1,0.16620000000000001,0
3831,2028-06-27,66,Employed,Single,2,West,680,0,1.34,3.0,5.25,2.5,1,0.12125,0
3832,2028-06-28,51,Unemployed,Married,3,South,777,118,0.62,0.1,6.56,3.31,3,0.13255,0
3833,2028-06-29,36,Employed,Single,0,West,484,106,1.2,3.77,5.91,2.81,3,0.16585,0
3834,2028-06-30,52,Unemployed,Single,4,East,602,29,0.74,0.48,2.96,2.95,1,0.1545,0
3835,2028-07-01,42,Retired,Married,3,West,793,70,1.08,3.02,6.43,2.9,2,0.09870000000000001,0
3836,2028-07-02,49,Employed,Single,2,South,463,85,1.31,2.84,3.39,3.5,2,0.1678,0
3837,2028-07-03,42,Employed,Married,1,North,502,19,0.05,3.57,6.48,3.12,1,0.16620000000000001,1
3838,2028-07-04,63,Employed,Widowed,0,South,707,92,0.82,1.29,5.66,3.07,3,0.13365,0
3839,2028-07-05,23,Retired,Single,4,West,509,26,1.48,2.04,5.85,2.39,1,0.1766,0
3840,2028-07-06,30,Unemployed,Married,1,South,400,88,0.74,0.85,4.34,3.75,2,0.2082,0
3841,2028-07-07,62,Employed,Married,4,West,745,109,1.3,1.94,3.38,2.24,3,0.10625,1
3842,2028-07-08,41,Self-Employed,Married,0,South,860,98,0.28,1.9,4.77,3.65,3,0.08485000000000001,0
3843,2028-07-09,36,Self-Employed,Married,2,North,667,90,0.91,3.55,5.44,2.09,3,0.11995,0
3844,2028-07-10,32,Retired,Single,4,West,538,62,1.31,2.54,5.86,3.91,2,0.16440000000000002,0
3845,2028-07-11,22,Employed,Married,0,East,590,74,0.65,1.97,4.23,3.21,2,0.14895,0
3846,2028-07-12,61,Employed,Married,4,East,671,80,0.73,1.95,3.99,2.74,2,0.12769999999999998,0
3847,2028-07-13,44,Unemployed,Widowed,1,East,730,30,0.12,1.54,4.52,2.31,2,0.1197,0
3848,2028-07-14,55,Employed,Single,4,East,579,81,0.06,1.76,6.2,2.99,2,0.16365000000000002,0
3849,2028-07-15,50,Employed,Divorced,1,West,766,18,0.7,2.08,2.29,3.23,1,0.09414999999999998,0
3850,2028-07-16,50,Employed,Single,1,West,615,113,1.27,3.94,4.58,3.03,3,0.12475,0
3851,2028-07-17,67,Employed,Widowed,0,North,376,101,1.4,2.4,3.96,2.8,3,0.19679999999999997,0
3852,2028-07-18,55,Employed,Married,3,South,450,92,0.99,0.96,5.75,2.64,3,0.20165,0
3853,2028-07-19,39,Retired,Married,4,West,695,78,1.24,4.61,6.61,3.59,2,0.10819999999999999,0
3854,2028-07-20,28,Employed,Married,2,East,795,61,1.1,3.03,2.56,2.84,2,0.07875,0
3855,2028-07-21,46,Employed,Single,1,West,596,6,1.05,2.97,5.48,3.19,1,0.1437,0
3856,2028-07-22,69,Self-Employed,Single,3,East,706,100,1.15,1.78,6.33,3.27,3,0.13235,1
3857,2028-07-23,60,Employed,Single,1,North,586,36,0.76,2.8,3.53,2.38,2,0.13815,0
3858,2028-07-24,27,Employed,Single,3,South,792,70,0.69,2.3,6.45,2.95,2,0.10625000000000001,0
3859,2028-07-25,50,Unemployed,Single,3,West,835,85,0.24,0.64,3.51,3.66,2,0.0974,0
3860,2028-07-26,27,Unemployed,Married,2,South,755,75,1.27,2.45,5.89,3.15,2,0.1112,0
3861,2028-07-27,23,Self-Employed,Married,3,East,791,7,0.07,0.75,6.76,3.22,1,0.12355,1
3862,2028-07-28,21,Self-Employed,Single,2,East,308,56,0.4,2.3,3.86,2.79,2,0.2143,0
3863,2028-07-29,56,Employed,Divorced,0,South,431,81,0.78,2.39,4.6,3.54,2,0.18635,0
3864,2028-07-30,45,Retired,Married,1,North,376,27,1.46,1.09,6.67,3.98,1,0.22344999999999998,0
3865,2028-07-31,57,Employed,Widowed,2,South,430,81,1.18,2.12,1.45,2.61,2,0.17354999999999998,0
3866,2028-08-01,21,Unemployed,Married,1,South,711,94,0.55,2.59,5.73,3.39,3,0.12000000000000002,1
3867,2028-08-02,35,Employed,Single,4,West,389,16,1.07,1.49,7.7,2.31,1,0.22135,0
3868,2028-08-03,57,Retired,Married,0,West,797,86,1.4,2.46,0.53,3.3,2,0.0738,1
3869,2028-08-04,33,Unemployed,Married,4,East,653,10,0.81,3.27,6.62,3.22,1,0.13215,0
3870,2028-08-05,60,Unemployed,Single,4,West,570,14,0.69,2.84,6.24,2.43,1,0.15530000000000002,1
3871,2028-08-06,28,Employed,Single,3,North,691,29,0.83,1.69,4.92,3.46,1,0.12995,0
3872,2028-08-07,25,Employed,Single,3,North,731,115,0.47,3.45,5.61,2.5,3,0.1058,0
3873,2028-08-08,29,Self-Employed,Single,4,North,771,94,1.36,2.75,5.37,3.97,3,0.10160000000000001,0
3874,2028-08-09,21,Unemployed,Married,3,East,607,5,1.2,1.83,4.18,3.07,1,0.14585,0
3875,2028-08-10,56,Employed,Married,1,North,807,11,1.06,1.38,6.86,2.92,1,0.11375,0
3876,2028-08-11,55,Retired,Single,3,North,354,86,0.88,2.62,4.99,2.67,2,0.20525,0
3877,2028-08-12,22,Unemployed,Married,4,West,336,60,1.45,3.09,5.59,3.3,2,0.20804999999999998,1
3878,2028-08-13,60,Employed,Married,3,East,354,102,0.45,3.13,3.56,3.17,3,0.193,0
3879,2028-08-14,43,Unemployed,Single,3,South,823,103,0.42,2.62,1.5,3.07,3,0.07055,0
3880,2028-08-15,29,Employed,Single,2,North,762,35,0.36,1.66,3.23,2.62,2,0.10405000000000002,0
3881,2028-08-16,54,Employed,Single,2,West,777,34,1.11,2.57,7.74,2.87,2,0.11374999999999999,0
3882,2028-08-17,66,Employed,Single,4,South,510,66,1.2,1.14,5.97,2.63,2,0.18595,0
3883,2028-08-18,34,Self-Employed,Single,1,North,525,105,0.9,2.29,4.35,2.14,3,0.16260000000000002,0
3884,2028-08-19,24,Unemployed,Single,0,South,306,119,0.98,3.8,5.86,2.93,3,0.2098,0
3885,2028-08-20,50,Employed,Married,0,South,839,91,0.52,0.99,5.63,2.44,3,0.10350000000000001,0
3886,2028-08-21,51,Self-Employed,Married,4,East,511,78,0.06,1.45,2.3,4.01,2,0.16425,0
3887,2028-08-22,58,Self-Employed,Single,1,East,488,76,0.38,2.95,6.27,3.94,2,0.17485,0
3888,2028-08-23,31,Unemployed,Single,1,North,374,62,0.88,1.12,2.14,3.18,2,0.201,1
3889,2028-08-24,55,Employed,Married,1,North,413,82,1.22,3.53,4.06,2.08,2,0.17675,0
3890,2028-08-25,28,Unemployed,Divorced,2,East,450,39,1.17,2.98,3.53,3.23,2,0.17034999999999997,0
3891,2028-08-26,23,Employed,Married,4,North,735,81,0.27,3.02,5.3,2.89,2,0.10755,0
3892,2028-08-27,34,Employed,Married,0,North,383,30,0.08,3.14,5.32,3.56,2,0.19445,0
3893,2028-08-28,33,Employed,Single,1,East,511,36,1.28,0.71,0.49,3.51,2,0.1626,0
3894,2028-08-29,65,Employed,Single,4,South,760,84,0.11,0.92,6.85,2.62,2,0.13005,1
3895,2028-08-30,52,Unemployed,Divorced,0,North,476,102,0.59,3.32,5.09,2.82,3,0.16825,0
3896,2028-08-31,54,Employed,Single,2,West,611,4,0.14,1.69,6.44,2.78,1,0.15755000000000002,0
3897,2028-09-01,65,Unemployed,Widowed,3,East,458,114,0.85,1.93,5.05,2.79,3,0.18645,0
3898,2028-09-02,39,Employed,Married,0,North,485,80,0.55,2.71,5.26,2.21,2,0.17295,1
3899,2028-09-03,58,Employed,Married,0,North,770,82,0.3,2.15,2.85,3.19,2,0.09525000000000002,0
3900,2028-09-04,36,Retired,Single,0,East,608,3,0.89,3.08,3.83,3.04,1,0.13135,0
3901,2028-09-05,22,Unemployed,Married,3,West,545,117,0.55,2.58,4.68,2.84,3,0.15635,0
3902,2028-09-06,60,Employed,Married,1,West,683,25,0.25,1.8,6.04,3.14,1,0.13645000000000002,0
3903,2028-09-07,37,Employed,Single,3,East,341,23,1.05,1.91,4.32,3.16,1,0.21225,0
3904,2028-09-08,54,Employed,Single,0,West,584,38,1.26,2.26,3.92,3.58,2,0.146,1
3905,2028-09-09,62,Employed,Divorced,2,North,599,55,0.41,2.39,3.64,3.45,2,0.13955,0
3906,2028-09-10,36,Unemployed,Married,0,West,735,53,0.28,2.8,5.54,3.52,2,0.11095000000000001,0
3907,2028-09-11,58,Unemployed,Married,2,North,668,37,0.11,2.17,4.86,2.55,2,0.1306,0
3908,2028-09-12,22,Employed,Single,4,South,785,109,0.79,1.92,3.68,2.44,3,0.09795000000000001,1
3909,2028-09-13,22,Retired,Married,2,West,735,53,1.25,1.82,4.71,3.48,2,0.11660000000000001,0
3910,2028-09-14,46,Self-Employed,Married,0,South,727,18,0.38,1.57,3.87,3.85,1,0.1169,0
3911,2028-09-15,33,Employed,Married,3,East,480,93,0.69,3.6,3.53,3.42,3,0.15665,0
3912,2028-09-16,67,Employed,Married,0,West,639,25,0.24,1.13,2.6,3.16,1,0.13695000000000002,0
3913,2028-09-17,51,Self-Employed,Married,0,North,790,51,0.61,0.74,2.96,3.0,2,0.1049,0
3914,2028-09-18,54,Self-Employed,Married,4,West,794,74,0.02,2.89,4.92,4.43,2,0.0922,1
3915,2028-09-19,59,Employed,Single,1,East,462,117,1.37,2.48,1.96,3.42,3,0.1645,0
3916,2028-09-20,23,Employed,Divorced,0,East,857,60,1.01,4.06,3.74,2.9,2,0.05885,0
3917,2028-09-21,28,Employed,Married,4,North,755,102,0.5,1.92,5.97,3.99,3,0.1169,0
3918,2028-09-22,43,Unemployed,Single,3,West,391,66,1.32,1.97,6.47,3.86,2,0.2099,0
3919,2028-09-23,34,Employed,Married,4,South,404,115,0.27,1.18,5.56,2.28,3,0.20999999999999996,0
3920,2028-09-24,47,Employed,Married,4,East,738,21,0.12,2.1,6.22,2.39,1,0.1206,0
3921,2028-09-25,49,Unemployed,Single,2,East,797,16,1.41,0.27,5.03,2.9,1,0.1182,0
3922,2028-09-26,59,Retired,Single,1,North,627,10,0.46,0.11,3.42,3.64,1,0.15425,0
3923,2028-09-27,59,Retired,Married,1,West,840,110,1.4,1.46,6.03,2.71,3,0.10055,0
3924,2028-09-28,21,Employed,Single,3,South,808,38,0.96,2.07,5.73,2.49,2,0.10095000000000001,0
3925,2028-09-29,37,Employed,Married,4,West,550,60,1.47,1.41,4.19,3.41,2,0.16435000000000002,0
3926,2028-09-30,61,Employed,Single,3,West,490,110,1.13,1.42,4.07,2.04,3,0.17865,1
3927,2028-10-01,50,Employed,Married,3,South,346,90,0.16,0.49,4.93,2.82,3,0.22824999999999998,0
3928,2028-10-02,33,Retired,Single,1,North,550,48,1.28,2.63,6.7,2.46,2,0.1647,0
3929,2028-10-03,41,Employed,Single,1,East,363,106,0.22,1.29,4.44,3.0,3,0.21355,0
3930,2028-10-04,39,Employed,Divorced,1,North,619,92,1.04,3.66,0.44,2.53,3,0.10585,0
3931,2028-10-05,39,Employed,Married,0,North,823,60,0.75,1.93,5.65,2.92,2,0.09820000000000001,1
3932,2028-10-06,45,Employed,Single,4,West,591,11,1.06,0.95,3.34,3.21,1,0.15445,0
3933,2028-10-07,42,Unemployed,Single,3,South,328,12,1.15,-0.31,5.67,3.06,1,0.24445,0
3934,2028-10-08,51,Employed,Married,4,East,736,57,1.21,0.77,5.61,2.73,2,0.13135000000000002,0
3935,2028-10-09,37,Employed,Married,3,West,896,10,1.25,1.94,7.31,2.83,1,0.08815,0
3936,2028-10-10,43,Employed,Widowed,3,East,885,63,1.27,-0.38,4.85,4.13,2,0.1018,0
3937,2028-10-11,52,Employed,Widowed,3,West,346,30,0.62,1.21,5.74,3.44,2,0.22509999999999997,0
3938,2028-10-12,30,Employed,Married,3,South,716,10,1.33,1.47,5.2,2.88,1,0.1273,0
3939,2028-10-13,30,Self-Employed,Married,2,East,892,104,1.08,1.26,6.32,3.09,3,0.091,1
3940,2028-10-14,56,Self-Employed,Married,2,East,750,42,1.26,1.42,-0.33,3.23,2,0.09165,0
3941,2028-10-15,28,Unemployed,Married,0,North,854,35,1.48,1.53,3.98,2.62,2,0.08610000000000001,0
3942,2028-10-16,40,Retired,Single,1,West,373,1,0.17,1.21,4.63,3.0,1,0.2128,0
3943,2028-10-17,52,Retired,Single,3,West,352,86,0.56,3.47,5.07,2.46,2,0.19764999999999996,0
3944,2028-10-18,34,Retired,Single,4,West,532,60,1.21,1.38,3.18,2.5,2,0.1641,1
3945,2028-10-19,48,Employed,Single,2,North,499,35,0.13,-0.63,5.44,3.44,2,0.20375,0
3946,2028-10-20,66,Employed,Single,1,North,848,77,0.81,0.36,6.32,3.5,2,0.11100000000000002,0
3947,2028-10-21,44,Employed,Married,0,East,396,100,1.29,2.6,3.96,3.58,3,0.1898,0
3948,2028-10-22,35,Unemployed,Married,1,West,348,48,0.03,2.45,3.54,2.96,2,0.2012,0
3949,2028-10-23,42,Retired,Married,3,West,821,26,1.41,1.47,5.59,2.75,1,0.103,0
3950,2028-10-24,50,Unemployed,Single,1,East,339,11,1.47,0.59,5.24,3.01,1,0.23055000000000003,1
3951,2028-10-25,24,Employed,Single,3,East,452,57,0.48,2.71,5.35,2.1,2,0.18165,0
3952,2028-10-26,33,Retired,Married,2,East,405,92,1.15,0.41,2.82,3.69,3,0.20375,0
3953,2028-10-27,43,Employed,Single,2,South,852,5,0.19,2.37,9.1,1.65,1,0.1038,0
3954,2028-10-28,28,Employed,Married,3,South,510,43,1.16,1.57,1.3,3.49,2,0.1583,0
3955,2028-10-29,38,Employed,Widowed,4,East,501,46,0.72,2.5,6.3,2.51,2,0.17625000000000002,0
3956,2028-10-30,32,Employed,Single,2,North,732,22,1.29,1.49,3.92,3.0,1,0.1167,0
3957,2028-10-31,51,Employed,Single,4,North,864,114,0.32,3.46,9.53,2.57,3,0.09205,0
3958,2028-11-01,34,Employed,Married,3,West,446,73,1.01,0.16,5.66,2.58,2,0.2102,0
3959,2028-11-02,54,Employed,Widowed,3,South,798,97,1.18,2.58,6.6,1.78,3,0.1027,0
3960,2028-11-03,38,Self-Employed,Married,2,South,581,107,0.3,1.65,5.75,2.37,3,0.162,0
3961,2028-11-04,54,Unemployed,Divorced,4,East,609,75,1.23,1.3,1.33,3.46,2,0.1364,0
3962,2028-11-05,31,Self-Employed,Single,3,East,350,95,1.44,3.26,5.17,2.39,3,0.20074999999999998,0
3963,2028-11-06,61,Employed,Widowed,2,East,794,25,0.92,0.98,5.54,2.37,1,0.1144,0
3964,2028-11-07,32,Unemployed,Single,3,East,708,6,1.18,2.23,5.71,2.95,1,0.12425,0
3965,2028-11-08,69,Retired,Single,1,East,572,31,0.8,2.12,6.77,1.84,2,0.16465,0
3966,2028-11-09,35,Employed,Divorced,1,North,757,32,0.9,0.77,5.34,2.82,2,0.12474999999999999,0
3967,2028-11-10,51,Employed,Divorced,2,North,419,81,0.02,2.83,6.21,3.13,2,0.19299999999999998,0
3968,2028-11-11,69,Employed,Single,3,East,345,98,0.79,4.02,3.86,3.19,3,0.18785000000000002,0
3969,2028-11-12,49,Employed,Single,2,North,542,19,0.86,3.62,2.35,2.48,1,0.13505,0
3970,2028-11-13,46,Self-Employed,Single,0,East,610,94,1.01,2.4,3.61,3.6,3,0.13655,0
3971,2028-11-14,38,Unemployed,Single,2,East,861,68,0.25,1.77,3.89,3.51,2,0.08150000000000002,0
3972,2028-11-15,52,Employed,Single,2,South,630,95,0.36,2.82,3.62,2.14,3,0.1274,0
3973,2028-11-16,42,Unemployed,Widowed,1,North,310,51,1.13,2.97,3.16,3.36,2,0.20359999999999998,0
3974,2028-11-17,58,Unemployed,Married,1,North,723,110,0.25,2.09,3.56,3.08,3,0.11115,0
3975,2028-11-18,37,Retired,Married,3,South,347,41,0.62,-0.39,4.34,3.25,2,0.23384999999999997,1
3976,2028-11-19,43,Employed,Married,2,North,676,82,0.38,0.44,3.47,2.69,2,0.13895000000000002,1
3977,2028-11-20,44,Retired,Married,2,South,867,0,0.82,2.46,8.85,2.35,1,0.0979,0
3978,2028-11-21,28,Employed,Married,3,West,307,62,1.48,2.32,2.9,2.93,2,0.20955,0
3979,2028-11-22,61,Self-Employed,Married,4,North,825,6,1.28,1.54,5.66,3.19,1,0.10164999999999999,0
3980,2028-11-23,26,Employed,Single,3,East,669,57,0.4,2.27,4.19,3.2,2,0.126,0
3981,2028-11-24,25,Employed,Married,1,South,739,85,0.55,0.54,5.81,3.17,2,0.1339,0
3982,2028-11-25,64,Unemployed,Married,1,East,865,49,1.38,1.82,4.64,2.46,2,0.08375,0
3983,2028-11-26,49,Employed,Married,2,East,783,33,1.35,1.66,6.28,3.69,2,0.11405000000000001,0
3984,2028-11-27,48,Employed,Widowed,1,North,572,50,0.24,0.04,4.4,3.6,2,0.17359999999999998,0
3985,2028-11-28,31,Employed,Married,3,South,430,119,1.24,2.09,5.13,3.12,3,0.19225,0
3986,2028-11-29,21,Self-Employed,Married,2,West,820,119,0.45,0.47,1.69,2.52,3,0.09375,0
3987,2028-11-30,63,Employed,Single,3,East,413,9,0.82,2.88,2.94,3.13,1,0.17764999999999997,0
3988,2028-12-01,39,Unemployed,Married,3,East,831,110,0.01,2.33,2.67,2.79,3,0.07730000000000001,0
3989,2028-12-02,29,Employed,Single,2,West,798,105,1.5,1.33,7.27,2.82,3,0.11854999999999999,0
3990,2028-12-03,47,Employed,Single,4,South,638,25,1.14,0.98,6.4,3.34,1,0.1577,1
3991,2028-12-04,54,Employed,Single,1,North,320,31,0.36,0.61,5.29,2.79,2,0.23535,0
3992,2028-12-05,64,Employed,Married,0,East,332,41,1.03,1.52,6.57,3.71,2,0.22964999999999997,1
3993,2028-12-06,24,Employed,Single,0,North,432,90,0.44,2.77,3.48,3.32,3,0.17669999999999997,0
3994,2028-12-07,56,Employed,Divorced,0,South,325,61,0.13,1.66,7.23,3.5,2,0.23329999999999998,0
3995,2028-12-08,38,Retired,Single,1,West,663,11,0.64,1.83,5.15,2.55,1,0.1367,1
3996,2028-12-09,35,Self-Employed,Divorced,4,North,391,39,0.92,0.89,4.64,2.69,2,0.21155000000000002,0
3997,2028-12-10,33,Employed,Married,3,South,844,86,0.13,1.49,6.52,2.38,2,0.1017,0
3998,2028-12-11,39,Employed,Single,2,North,537,77,0.78,1.77,6.43,3.66,2,0.17520000000000002,1
3999,2028-12-12,69,Unemployed,Single,4,North,317,33,0.77,2.12,2.87,4.44,2,0.20889999999999997,0
4000,2028-12-13,26,Employed,Married,0,East,573,80,0.94,1.82,6.29,3.26,2,0.16500000000000004,0
4001,2028-12-14,68,Employed,Married,1,North,588,69,0.37,2.45,4.74,3.13,2,0.1472,0
4002,2028-12-15,32,Unemployed,Married,1,East,326,26,0.03,2.65,5.42,2.76,1,0.21409999999999998,1
4003,2028-12-16,57,Self-Employed,Single,2,South,733,7,0.49,3.53,4.38,3.81,1,0.09834999999999999,0
4004,2028-12-17,37,Self-Employed,Married,3,South,407,96,0.6,2.22,3.35,2.98,3,0.1878,0
4005,2028-12-18,43,Employed,Widowed,4,East,623,98,0.95,2.42,2.97,2.68,3,0.12990000000000002,0
4006,2028-12-19,46,Employed,Single,4,West,830,46,1.4,1.48,4.07,2.26,2,0.09305,0
4007,2028-12-20,49,Self-Employed,Married,4,North,403,80,0.31,3.54,5.65,2.48,2,0.1871,0
4008,2028-12-21,53,Employed,Single,3,South,631,25,1.03,1.53,5.38,3.04,1,0.14884999999999998,1
4009,2028-12-22,47,Employed,Married,3,South,661,56,0.15,2.6,5.3,2.08,2,0.13025,1
4010,2028-12-23,45,Employed,Married,3,West,588,6,0.29,1.51,6.2,2.39,1,0.1639,0
4011,2028-12-24,30,Employed,Single,2,South,743,109,0.76,1.86,4.92,3.83,3,0.11525,0
4012,2028-12-25,67,Retired,Single,1,East,336,87,1.06,2.02,7.84,3.41,2,0.22999999999999998,0
4013,2028-12-26,43,Unemployed,Single,0,West,647,88,1.29,0.05,5.57,2.84,2,0.16060000000000002,0
4014,2028-12-27,41,Unemployed,Married,3,South,342,98,1.12,2.2,3.52,3.47,3,0.2051,1
4015,2028-12-28,41,Employed,Married,1,West,425,25,0.02,1.92,2.99,2.62,1,0.1845,0
4016,2028-12-29,63,Employed,Widowed,3,West,308,58,1.03,1.33,5.5,3.39,2,0.2322,1
4017,2028-12-30,33,Employed,Married,0,South,825,113,1.24,1.0,4.68,2.82,3,0.10214999999999999,0
4018,2028-12-31,57,Employed,Single,3,South,430,117,0.79,1.36,3.27,3.98,3,0.19024999999999997,1
4019,2029-01-01,53,Retired,Divorced,1,South,624,68,1.45,0.94,4.76,2.43,2,0.1534,0
4020,2029-01-02,44,Employed,Married,2,West,483,115,0.01,1.5,4.17,3.77,3,0.1801,0
4021,2029-01-03,64,Employed,Married,0,East,581,117,1.23,1.33,4.33,2.94,3,0.1581,1
4022,2029-01-04,31,Employed,Single,1,East,352,46,0.5,1.65,7.04,2.06,2,0.22569999999999998,0
4023,2029-01-05,37,Self-Employed,Single,4,North,852,101,0.98,2.76,6.08,3.15,3,0.08480000000000001,1
4024,2029-01-06,24,Employed,Divorced,4,South,832,34,1.04,1.09,6.57,3.35,2,0.10894999999999999,0
4025,2029-01-07,67,Employed,Married,4,East,676,29,0.46,1.42,7.58,3.75,1,0.1497,0
4026,2029-01-08,45,Employed,Single,2,North,594,49,1.49,2.12,5.19,3.38,2,0.15125,0
4027,2029-01-09,50,Unemployed,Married,3,North,507,88,0.15,1.02,5.38,2.53,2,0.18495,0
4028,2029-01-10,29,Employed,Divorced,3,South,776,23,0.24,2.76,5.49,3.52,1,0.10085000000000001,0
4029,2029-01-11,41,Retired,Single,3,North,368,29,1.34,1.04,6.66,3.03,1,0.2259,0
4030,2029-01-12,40,Unemployed,Married,2,East,736,83,0.18,2.13,6.58,2.21,2,0.12260000000000001,1
4031,2029-01-13,39,Employed,Widowed,4,North,600,53,0.57,3.06,4.12,2.96,2,0.135,0
4032,2029-01-14,39,Unemployed,Single,3,North,326,66,1.1,1.02,3.28,2.41,2,0.21969999999999998,1
4033,2029-01-15,32,Employed,Married,2,East,852,31,1.19,1.2,3.39,2.93,2,0.08695,1
4034,2029-01-16,57,Retired,Married,2,North,405,7,1.43,1.55,5.08,3.36,1,0.20365,0
4035,2029-01-17,62,Employed,Married,1,North,885,114,1.18,2.02,3.15,2.44,3,0.0693,0
4036,2029-01-18,37,Employed,Single,3,West,871,49,1.27,1.87,5.55,3.15,2,0.0863,0
4037,2029-01-19,57,Employed,Single,4,North,310,46,1.42,1.98,1.81,3.54,2,0.20675,0
4038,2029-01-20,68,Employed,Married,0,North,515,86,0.83,2.51,7.81,2.69,2,0.1802,0
4039,2029-01-21,59,Retired,Single,2,West,620,45,0.52,1.81,2.94,2.86,2,0.1366,0
4040,2029-01-22,48,Employed,Married,1,West,759,79,1.14,0.53,4.02,3.53,2,0.12005,0
4041,2029-01-23,61,Self-Employed,Single,0,West,825,34,0.25,3.27,4.13,3.56,2,0.07669999999999999,0
4042,2029-01-24,55,Employed,Single,2,South,878,60,0.1,2.43,7.2,2.42,2,0.0872,0
4043,2029-01-25,67,Retired,Widowed,1,South,459,88,1.18,0.73,4.99,2.48,2,0.19790000000000002,0
4044,2029-01-26,68,Employed,Married,3,East,763,78,1.43,1.82,3.4,3.4,2,0.10305,0
4045,2029-01-27,38,Employed,Widowed,1,North,821,50,0.66,2.79,4.89,2.88,2,0.08629999999999999,0
4046,2029-01-28,34,Employed,Single,2,East,572,62,0.24,1.09,5.07,2.92,2,0.16645,0
4047,2029-01-29,55,Unemployed,Married,3,South,540,7,0.75,2.92,5.58,2.12,1,0.1587,0
4048,2029-01-30,64,Employed,Single,4,North,466,33,0.59,1.03,3.36,2.77,2,0.185,1
4049,2029-01-31,61,Employed,Married,1,North,868,24,0.56,2.43,6.33,2.92,1,0.08535000000000001,0
4050,2029-02-01,27,Employed,Married,0,West,626,112,0.94,-0.56,5.2,3.36,3,0.1701,0
4051,2029-02-02,61,Unemployed,Single,3,South,828,43,0.26,2.94,7.2,2.81,2,0.09460000000000002,0
4052,2029-02-03,33,Employed,Divorced,3,North,572,82,0.57,0.11,4.74,3.36,2,0.17459999999999998,0
4053,2029-02-04,38,Self-Employed,Single,4,West,675,42,1.3,3.19,4.89,2.91,2,0.1188,0
4054,2029-02-05,57,Employed,Married,1,North,674,49,1.09,0.83,4.75,3.63,2,0.14195000000000002,0
4055,2029-02-06,33,Unemployed,Widowed,0,South,633,12,0.08,3.88,6.88,2.99,1,0.13235000000000002,0
4056,2029-02-07,56,Retired,Divorced,4,East,302,45,0.77,2.1,6.03,2.74,2,0.22864999999999996,1
4057,2029-02-08,51,Employed,Widowed,1,East,542,75,0.14,3.02,3.9,2.63,2,0.1488,0
4058,2029-02-09,22,Employed,Single,0,North,350,78,1.44,1.81,9.01,2.48,2,0.23445,0
4059,2029-02-10,36,Employed,Single,0,West,649,86,0.37,0.48,4.04,3.16,2,0.14815,0
4060,2029-02-11,29,Employed,Single,2,West,473,52,1.4,1.06,4.21,3.98,2,0.1872,0
4061,2029-02-12,29,Employed,Married,0,West,415,62,1.25,2.47,6.45,3.39,2,0.19879999999999998,0
4062,2029-02-13,58,Self-Employed,Married,1,South,660,103,0.83,4.9,4.76,3.21,3,0.1048,1
4063,2029-02-14,31,Employed,Single,4,East,654,1,0.5,3.44,3.38,2.38,1,0.11399999999999999,0
4064,2029-02-15,42,Retired,Married,4,East,375,39,1.29,2.09,6.85,2.41,2,0.2146,0
4065,2029-02-16,53,Employed,Single,2,North,380,22,0.23,2.94,8.0,3.48,1,0.2106,0
4066,2029-02-17,56,Self-Employed,Single,1,East,528,58,0.27,2.22,3.46,3.23,2,0.15810000000000002,0
4067,2029-02-18,65,Employed,Married,0,West,371,68,0.34,1.77,6.84,2.68,2,0.21875,0
4068,2029-02-19,43,Employed,Married,2,South,702,33,0.9,2.06,4.26,2.14,2,0.1202,1
4069,2029-02-20,65,Employed,Married,3,West,517,73,0.47,1.43,1.88,2.9,2,0.16085,0
4070,2029-02-21,65,Employed,Single,1,West,751,26,1.48,2.07,5.98,2.55,1,0.11645,0
4071,2029-02-22,54,Employed,Married,2,East,666,54,0.29,2.36,2.19,2.74,2,0.11585000000000001,1
4072,2029-02-23,29,Unemployed,Single,4,South,889,105,1.21,1.93,3.9,2.36,3,0.07295,0
4073,2029-02-24,44,Retired,Single,2,South,859,3,0.14,1.52,4.59,3.4,1,0.088,0
4074,2029-02-25,28,Employed,Married,3,West,611,67,0.53,1.47,4.95,2.69,2,0.1523,0
4075,2029-02-26,27,Employed,Divorced,1,North,597,71,0.37,1.72,6.64,3.26,2,0.16175,1
4076,2029-02-27,56,Employed,Single,2,East,323,69,1.47,2.11,4.08,3.19,2,0.21355,0
4077,2029-02-28,38,Employed,Single,0,North,409,88,0.04,1.51,7.09,2.71,2,0.2131,0
4078,2029-03-01,23,Employed,Married,1,West,351,26,1.08,2.52,4.86,2.91,1,0.20635,0
4079,2029-03-02,48,Unemployed,Single,2,East,589,46,0.37,0.36,3.37,3.88,2,0.16100000000000003,0
4080,2029-03-03,26,Retired,Married,2,North,743,113,1.22,2.21,5.89,2.49,3,0.11660000000000001,0
4081,2029-03-04,64,Retired,Married,1,North,766,116,0.47,2.97,7.7,2.58,3,0.11229999999999998,0
4082,2029-03-05,64,Employed,Single,4,North,558,117,0.28,3.77,4.31,1.95,3,0.13935,0
4083,2029-03-06,41,Unemployed,Married,0,East,623,39,1.04,1.92,3.43,2.93,2,0.1372,1
4084,2029-03-07,48,Unemployed,Married,1,North,637,83,0.39,2.65,4.14,1.95,2,0.12995,0
4085,2029-03-08,60,Employed,Single,0,South,855,26,0.73,2.21,2.4,2.76,1,0.07115,0
4086,2029-03-09,21,Employed,Married,0,West,721,6,0.2,3.01,5.46,2.1,1,0.11195000000000001,0
4087,2029-03-10,56,Unemployed,Single,1,East,558,22,1.09,1.75,2.67,3.36,1,0.15134999999999998,0
4088,2029-03-11,41,Employed,Married,2,South,364,83,0.61,2.49,5.96,2.92,2,0.20889999999999997,1
4089,2029-03-12,63,Employed,Single,4,North,462,63,0.21,-0.17,4.6,1.33,2,0.2042,0
4090,2029-03-13,55,Employed,Married,0,West,463,112,1.11,2.98,6.04,2.52,3,0.17965,0
4091,2029-03-14,33,Self-Employed,Single,0,North,338,114,0.16,2.12,4.61,2.76,3,0.21234999999999998,0
4092,2029-03-15,69,Employed,Single,2,South,619,97,0.86,1.3,5.73,3.26,3,0.1559,0
4093,2029-03-16,30,Retired,Married,1,North,659,28,0.91,2.27,3.52,3.43,1,0.12515,0
4094,2029-03-17,64,Self-Employed,Single,4,East,568,60,1.4,3.41,5.42,3.2,2,0.14600000000000002,1
4095,2029-03-18,67,Self-Employed,Single,0,South,623,43,0.23,1.03,4.02,3.15,2,0.14905,0
4096,2029-03-19,30,Employed,Single,0,East,625,114,0.98,1.1,5.91,3.21,3,0.1573,1
4097,2029-03-20,66,Self-Employed,Single,1,West,886,68,0.57,0.36,4.78,3.32,2,0.09380000000000002,0
4098,2029-03-21,33,Employed,Divorced,2,East,556,26,0.6,1.1,6.65,3.01,1,0.17825000000000002,0
4099,2029-03-22,57,Employed,Married,3,East,499,11,0.75,1.04,4.62,2.89,1,0.18295,0
4100,2029-03-23,58,Employed,Single,2,North,737,16,0.35,1.8,3.88,3.09,1,0.11215,0
4101,2029-03-24,44,Employed,Married,0,North,403,36,0.69,2.04,5.2,3.58,2,0.19985,1
4102,2029-03-25,22,Self-Employed,Married,0,South,671,33,1.03,0.59,8.52,1.82,2,0.16394999999999998,1
4103,2029-03-26,42,Employed,Divorced,4,West,463,93,0.69,2.31,6.62,1.85,3,0.18925000000000003,1
4104,2029-03-27,37,Employed,Single,2,South,412,35,0.06,2.25,3.8,3.28,2,0.1885,0
4105,2029-03-28,56,Employed,Married,3,West,848,5,0.39,2.22,4.99,2.55,1,0.08574999999999999,0
4106,2029-03-29,34,Retired,Married,4,West,405,95,0.53,1.12,4.0,3.03,3,0.20255,0
4107,2029-03-30,30,Self-Employed,Married,3,East,663,31,0.53,3.92,3.69,2.98,2,0.1085,0
4108,2029-03-31,55,Self-Employed,Married,4,North,320,72,0.12,2.63,5.02,4.08,2,0.2138,0
4109,2029-04-01,45,Employed,Single,2,West,428,21,0.67,0.66,4.61,3.34,1,0.20444999999999997,0
4110,2029-04-02,23,Employed,Married,0,North,782,9,1.04,0.4,3.44,3.5,1,0.11270000000000001,0
4111,2029-04-03,67,Retired,Married,3,West,498,28,0.07,1.19,4.01,2.84,1,0.17865000000000003,0
4112,2029-04-04,58,Employed,Widowed,2,North,820,10,1.13,2.09,5.08,2.6,1,0.0945,0
4113,2029-04-05,37,Employed,Single,3,South,719,91,1.43,3.44,4.13,2.58,3,0.1015,0
4114,2029-04-06,32,Self-Employed,Married,2,North,525,65,0.01,1.32,4.98,3.61,2,0.17545,0
4115,2029-04-07,44,Employed,Divorced,4,East,508,55,0.29,0.45,3.95,3.26,2,0.18325000000000002,0
4116,2029-04-08,49,Unemployed,Married,2,West,544,84,0.82,2.29,5.7,3.04,2,0.16460000000000002,0
4117,2029-04-09,63,Employed,Divorced,4,East,587,94,0.33,1.53,3.97,3.86,3,0.1528,0
4118,2029-04-10,45,Employed,Married,0,West,365,57,1.15,2.11,5.95,2.93,2,0.2124,0
4119,2029-04-11,56,Employed,Single,4,East,452,104,0.47,1.83,4.56,2.61,3,0.1865,0
4120,2029-04-12,46,Employed,Married,1,West,790,51,0.44,1.73,1.78,2.83,2,0.08910000000000001,1
4121,2029-04-13,58,Unemployed,Single,0,North,734,60,0.0,3.02,4.6,3.54,2,0.1043,0
4122,2029-04-14,21,Self-Employed,Married,2,West,517,16,0.41,2.59,5.76,2.31,1,0.16865,0
4123,2029-04-15,40,Employed,Single,2,East,728,90,0.33,2.21,4.17,2.98,3,0.11175000000000002,0
4124,2029-04-16,48,Employed,Married,1,East,801,29,0.51,-0.16,4.71,3.8,1,0.1199,0
4125,2029-04-17,36,Self-Employed,Married,2,West,893,104,0.22,1.75,5.94,3.2,3,0.08395000000000001,0
4126,2029-04-18,67,Self-Employed,Married,0,West,520,71,0.89,2.86,7.28,2.9,2,0.1728,0
4127,2029-04-19,37,Employed,Single,0,South,734,36,0.36,1.02,6.73,3.96,2,0.13495000000000001,0
4128,2029-04-20,60,Employed,Widowed,4,South,579,4,1.25,1.77,5.16,3.17,1,0.15835,1
4129,2029-04-21,48,Employed,Single,3,North,391,25,0.43,1.94,5.84,2.19,1,0.20704999999999998,0
4130,2029-04-22,32,Self-Employed,Single,2,North,823,69,0.32,2.22,5.14,2.91,2,0.09275,0
4131,2029-04-23,47,Retired,Single,1,North,438,79,0.09,1.59,2.75,3.61,2,0.18334999999999999,0
4132,2029-04-24,62,Employed,Widowed,0,North,322,0,1.11,2.41,6.9,3.08,1,0.2249,1
4133,2029-04-25,67,Self-Employed,Widowed,0,North,716,8,0.76,2.38,6.97,3.78,1,0.12705,0
4134,2029-04-26,50,Employed,Married,0,West,647,84,0.17,1.08,2.49,2.46,2,0.13490000000000002,0
4135,2029-04-27,61,Employed,Divorced,3,South,536,70,0.33,1.21,4.43,2.96,2,0.17105,0
4136,2029-04-28,54,Employed,Single,3,West,482,106,1.5,2.17,7.3,3.18,3,0.18930000000000002,1
4137,2029-04-29,57,Unemployed,Widowed,2,South,807,63,1.21,3.46,5.33,2.38,2,0.0853,0
4138,2029-04-30,26,Employed,Single,1,South,497,78,0.52,3.0,3.5,3.0,2,0.15825,1
4139,2029-05-01,27,Employed,Single,3,East,422,23,0.81,1.43,6.83,3.21,1,0.20934999999999998,0
4140,2029-05-02,52,Employed,Single,4,East,845,4,0.62,1.19,5.17,2.37,1,0.0977,0
4141,2029-05-03,52,Employed,Married,3,South,680,50,0.05,1.62,6.94,2.26,2,0.14350000000000002,0
4142,2029-05-04,45,Employed,Married,0,West,814,37,1.17,3.53,5.13,3.59,2,0.08185,0
4143,2029-05-05,53,Unemployed,Single,1,South,305,118,1.08,1.98,1.77,3.06,3,0.20779999999999998,0
4144,2029-05-06,27,Employed,Widowed,2,North,603,28,0.61,2.18,7.71,1.83,1,0.161,0
4145,2029-05-07,32,Self-Employed,Married,3,West,491,45,1.27,1.17,3.34,2.66,2,0.17725000000000002,1
4146,2029-05-08,36,Employed,Single,0,West,675,51,0.8,2.02,4.34,3.04,2,0.12775,0
4147,2029-05-09,36,Employed,Married,4,South,824,45,0.1,0.48,6.8,1.86,2,0.1182,0
4148,2029-05-10,63,Employed,Married,4,North,335,74,0.39,0.61,8.42,2.54,2,0.24724999999999997,0
4149,2029-05-11,56,Employed,Married,2,South,369,67,0.69,2.08,4.9,2.84,2,0.20645,1
4150,2029-05-12,33,Employed,Married,2,North,588,58,0.16,2.23,5.54,2.84,2,0.1534,0
4151,2029-05-13,27,Employed,Married,3,West,404,9,0.86,1.58,3.22,2.47,1,0.1943,1
4152,2029-05-14,56,Self-Employed,Single,2,South,612,97,0.18,2.32,4.58,2.93,3,0.1417,0
4153,2029-05-15,67,Self-Employed,Married,0,North,354,3,0.3,0.71,6.65,2.8,1,0.23265000000000002,0
4154,2029-05-16,29,Employed,Widowed,0,East,406,51,1.34,1.65,5.46,2.9,2,0.2043,0
4155,2029-05-17,52,Employed,Single,0,West,606,73,1.5,1.36,7.6,3.15,2,0.1679,0
4156,2029-05-18,31,Employed,Divorced,3,West,335,96,0.83,1.91,2.91,2.07,3,0.2067,0
4157,2029-05-19,28,Employed,Married,3,East,432,109,0.93,1.7,2.84,3.36,3,0.18419999999999997,0
4158,2029-05-20,53,Employed,Single,2,North,324,17,1.2,4.26,3.97,3.26,1,0.19124999999999998,0
4159,2029-05-21,43,Unemployed,Widowed,3,West,336,75,1.04,1.05,4.05,3.24,2,0.22074999999999997,1
4160,2029-05-22,45,Employed,Married,0,North,318,50,0.27,2.0,6.44,2.91,2,0.22769999999999999,0
4161,2029-05-23,28,Employed,Single,1,East,334,22,0.62,4.79,4.38,2.9,1,0.18549999999999997,0
4162,2029-05-24,65,Employed,Single,0,South,662,107,0.8,2.61,3.23,2.94,3,0.11955,0
4163,2029-05-25,42,Employed,Single,1,West,717,24,0.54,1.96,5.6,3.04,1,0.12415000000000001,1
4164,2029-05-26,24,Self-Employed,Married,2,West,729,59,0.26,2.82,3.85,3.4,2,0.1038,0
4165,2029-05-27,60,Employed,Married,4,North,817,36,1.1,2.63,3.36,3.38,2,0.08125,0
4166,2029-05-28,23,Employed,Divorced,3,West,766,67,0.3,0.9,6.59,2.86,2,0.12745,0
4167,2029-05-29,49,Self-Employed,Single,3,South,498,76,0.39,0.45,6.94,3.29,2,0.20070000000000002,0
4168,2029-05-30,61,Employed,Single,0,East,845,17,0.43,2.1,6.47,3.24,1,0.09509999999999999,0
4169,2029-05-31,49,Unemployed,Single,0,West,867,28,0.24,1.52,3.75,3.35,1,0.0818,0
4170,2029-06-01,54,Self-Employed,Married,1,East,510,107,1.27,4.27,4.12,2.81,3,0.14540000000000003,0
4171,2029-06-02,54,Employed,Widowed,3,North,800,29,0.92,3.12,5.82,3.64,1,0.09290000000000001,0
4172,2029-06-03,48,Self-Employed,Married,2,South,540,111,1.25,3.12,6.11,3.4,3,0.15935,0
4173,2029-06-04,33,Employed,Single,0,West,469,118,0.74,-0.37,4.66,2.46,3,0.20475000000000002,1
4174,2029-06-05,35,Employed,Divorced,3,East,593,101,0.78,1.41,6.81,2.6,3,0.16670000000000001,0
4175,2029-06-06,43,Employed,Married,4,South,614,91,0.92,1.99,1.93,3.76,3,0.13125,0
4176,2029-06-07,64,Employed,Single,1,East,426,6,0.56,1.26,4.14,2.07,1,0.1966,0
4177,2029-06-08,46,Self-Employed,Married,0,North,767,87,0.74,1.37,8.32,2.99,2,0.13115000000000002,0
4178,2029-06-09,24,Unemployed,Single,0,South,666,40,0.82,1.74,4.98,4.05,2,0.136,0
4179,2029-06-10,46,Retired,Single,2,South,320,73,1.43,2.12,4.28,3.54,2,0.21519999999999997,1
4180,2029-06-11,60,Self-Employed,Single,0,North,615,36,1.32,4.71,5.71,3.51,2,0.1227,0
4181,2029-06-12,29,Employed,Married,3,North,389,26,0.19,1.33,3.57,2.4,1,0.20229999999999998,0
4182,2029-06-13,25,Employed,Married,3,West,703,20,0.06,2.85,1.5,3.4,1,0.09824999999999999,0
4183,2029-06-14,52,Employed,Single,3,North,817,99,1.02,3.46,9.5,3.77,3,0.10364999999999999,0
4184,2029-06-15,40,Employed,Single,4,North,750,42,0.07,1.0,3.71,2.85,2,0.11605,0
4185,2029-06-16,31,Employed,Married,4,East,449,50,0.09,4.01,5.33,3.0,2,0.1693,0
4186,2029-06-17,35,Retired,Widowed,0,South,745,92,0.24,2.24,5.26,3.51,3,0.11265,0
4187,2029-06-18,52,Employed,Married,4,East,379,70,0.53,-0.5,5.74,2.89,2,0.23395,0
4188,2029-06-19,48,Employed,Single,4,North,316,12,0.65,3.22,3.81,2.24,1,0.20284999999999997,0
4189,2029-06-20,42,Employed,Single,2,West,437,108,0.78,0.38,1.13,1.64,3,0.1876,0
4190,2029-06-21,61,Unemployed,Single,4,East,807,52,1.49,3.46,4.02,3.16,2,0.07874999999999999,0
4191,2029-06-22,37,Self-Employed,Single,1,East,851,86,0.58,2.97,5.05,2.75,2,0.07780000000000001,0
4192,2029-06-23,46,Self-Employed,Married,1,South,373,62,0.36,0.96,5.15,1.62,2,0.21789999999999998,0
4193,2029-06-24,64,Employed,Married,1,South,373,113,0.86,1.61,7.34,2.6,3,0.22234999999999996,0
4194,2029-06-25,27,Unemployed,Married,0,South,349,56,0.32,2.68,4.57,2.81,2,0.20379999999999998,0
4195,2029-06-26,62,Employed,Married,3,West,309,24,1.41,1.45,5.31,2.76,1,0.22979999999999998,1
4196,2029-06-27,46,Unemployed,Single,2,West,402,104,0.39,3.74,3.81,3.57,3,0.17615,0
4197,2029-06-28,45,Employed,Single,0,North,687,108,1.48,2.91,4.1,3.33,3,0.11464999999999999,0
4198,2029-06-29,30,Employed,Married,3,North,684,12,0.63,0.51,8.01,2.93,1,0.15894999999999998,1
4199,2029-06-30,65,Employed,Single,2,South,598,36,1.22,1.82,3.93,2.36,2,0.14695,0
4200,2029-07-01,39,Self-Employed,Single,2,East,638,29,0.97,2.52,4.43,3.35,1,0.13244999999999998,0
4201,2029-07-02,31,Employed,Single,2,South,688,89,1.4,1.22,6.63,3.73,2,0.14395,0
4202,2029-07-03,33,Unemployed,Single,1,North,773,11,0.94,3.09,7.86,3.87,1,0.11015000000000001,0
4203,2029-07-04,28,Employed,Single,1,East,441,64,0.87,2.61,6.22,2.86,2,0.18974999999999997,0
4204,2029-07-05,60,Employed,Married,1,North,469,17,0.98,2.72,6.22,3.3,1,0.18165,0
4205,2029-07-06,24,Employed,Divorced,2,West,312,84,1.18,1.68,3.12,2.68,2,0.2158,1
4206,2029-07-07,67,Employed,Single,2,South,748,116,1.35,0.98,5.77,2.59,3,0.12705,0
4207,2029-07-08,51,Employed,Single,1,South,473,117,0.4,3.22,4.54,3.36,3,0.16725,0
4208,2029-07-09,48,Employed,Married,2,East,431,61,0.3,3.76,5.71,2.37,2,0.17819999999999997,0
4209,2029-07-10,31,Self-Employed,Single,1,South,839,23,0.05,3.03,4.58,2.76,1,0.07785,0
4210,2029-07-11,63,Employed,Single,1,North,894,59,0.56,2.89,4.14,3.57,2,0.0633,0
4211,2029-07-12,21,Retired,Single,1,North,568,16,1.27,2.06,2.81,2.75,1,0.14645000000000002,1
4212,2029-07-13,69,Self-Employed,Single,3,West,550,105,0.1,1.29,4.87,2.48,3,0.16895000000000002,0
4213,2029-07-14,67,Unemployed,Married,2,North,669,59,0.81,2.74,5.26,4.0,2,0.12664999999999998,0
4214,2029-07-15,58,Employed,Married,0,East,825,8,1.04,1.37,1.87,3.28,1,0.0844,0
4215,2029-07-16,44,Employed,Single,1,North,891,51,1.26,3.0,4.08,2.18,2,0.06265000000000001,0
4216,2029-07-17,67,Employed,Single,0,West,805,103,0.88,2.27,4.6,3.17,3,0.09405,0
4217,2029-07-18,51,Self-Employed,Single,3,West,477,91,0.28,0.52,5.86,2.94,3,0.19985000000000003,0
4218,2029-07-19,61,Unemployed,Single,2,South,846,14,1.45,2.06,4.12,3.41,1,0.0835,0
4219,2029-07-20,66,Employed,Widowed,1,East,558,76,0.14,0.76,5.94,3.25,2,0.1776,0
4220,2029-07-21,46,Employed,Married,1,North,559,27,1.15,0.61,5.42,2.98,1,0.17625000000000002,0
4221,2029-07-22,69,Unemployed,Married,1,West,434,116,0.13,-0.22,6.3,3.13,3,0.22019999999999998,0
4222,2029-07-23,25,Employed,Married,0,North,760,80,0.22,0.65,4.21,3.16,2,0.11954999999999999,0
4223,2029-07-24,40,Self-Employed,Married,3,West,788,8,1.35,0.81,4.58,3.2,1,0.11280000000000001,0
4224,2029-07-25,61,Employed,Married,2,South,380,55,1.13,3.27,5.86,2.81,2,0.1966,0
4225,2029-07-26,31,Unemployed,Single,3,West,666,84,0.55,2.57,3.47,2.28,2,0.12015,0
4226,2029-07-27,53,Employed,Single,1,South,358,93,0.96,4.0,4.9,2.89,3,0.18999999999999997,0
4227,2029-07-28,58,Employed,Married,3,East,373,74,0.69,1.81,6.49,2.77,2,0.21609999999999996,0
4228,2029-07-29,47,Self-Employed,Single,0,North,538,93,0.1,0.71,4.0,2.97,3,0.1734,0
4229,2029-07-30,54,Retired,Widowed,4,North,428,35,1.08,1.99,5.49,3.55,2,0.19555,0
4230,2029-07-31,35,Employed,Married,4,South,711,55,1.14,1.58,5.0,3.73,2,0.12645,0
4231,2029-08-01,52,Employed,Widowed,2,East,614,88,1.32,2.42,7.2,3.36,2,0.1533,0
4232,2029-08-02,41,Self-Employed,Single,2,South,673,70,0.81,0.58,5.12,3.41,2,0.14655,0
4233,2029-08-03,66,Retired,Divorced,3,West,736,19,1.01,2.05,5.8,2.95,1,0.1195,0
4234,2029-08-04,25,Unemployed,Single,2,South,437,54,0.66,3.35,4.75,2.81,2,0.176,0
4235,2029-08-05,26,Retired,Widowed,0,East,754,117,0.48,3.36,4.22,3.37,3,0.094,0
4236,2029-08-06,58,Employed,Single,1,West,308,59,0.62,3.19,5.34,3.49,2,0.2128,1
4237,2029-08-07,42,Employed,Married,1,North,531,34,1.37,2.55,4.15,3.48,2,0.1575,0
4238,2029-08-08,38,Self-Employed,Married,3,North,696,73,0.25,2.94,6.55,2.93,2,0.12435000000000002,0
4239,2029-08-09,34,Unemployed,Married,1,North,873,98,0.37,1.96,6.76,3.04,3,0.09094999999999999,0
4240,2029-08-10,30,Employed,Married,3,East,617,0,0.91,2.42,5.11,3.97,1,0.1421,0
4241,2029-08-11,66,Employed,Widowed,2,East,806,77,0.17,1.87,4.34,1.79,2,0.0965,0
4242,2029-08-12,33,Unemployed,Married,2,East,821,44,1.34,1.45,5.34,3.49,2,0.10195,0
4243,2029-08-13,51,Employed,Married,0,East,386,68,0.07,2.26,3.09,2.83,2,0.19135,0
4244,2029-08-14,50,Employed,Single,1,East,617,39,1.13,3.7,3.86,2.83,2,0.12304999999999999,0
4245,2029-08-15,23,Employed,Married,0,West,632,107,0.56,2.28,3.36,2.86,3,0.131,0
4246,2029-08-16,50,Self-Employed,Married,4,South,659,37,0.08,2.48,3.89,2.07,2,0.12490000000000001,0
4247,2029-08-17,26,Unemployed,Married,0,North,540,119,1.26,2.78,4.08,2.9,3,0.1526,0
4248,2029-08-18,49,Employed,Single,3,East,355,118,0.96,2.32,3.07,3.64,3,0.19839999999999997,0
4249,2029-08-19,28,Self-Employed,Married,3,North,409,97,0.01,1.78,4.6,2.85,3,0.19795,0
4250,2029-08-20,64,Self-Employed,Single,0,East,348,23,0.4,2.78,4.71,2.92,1,0.20375000000000001,0
4251,2029-08-21,65,Employed,Single,2,North,315,3,0.53,1.27,5.86,2.55,1,0.23285,0
4252,2029-08-22,63,Self-Employed,Married,4,South,372,90,0.48,3.18,5.16,3.01,3,0.196,0
4253,2029-08-23,64,Employed,Single,0,North,501,68,0.75,3.26,7.12,1.72,2,0.17275000000000001,1
4254,2029-08-24,53,Employed,Single,2,North,392,106,0.79,1.95,5.88,2.6,3,0.2069,0
4255,2029-08-25,37,Employed,Married,0,East,332,12,0.6,1.34,8.51,3.19,1,0.24114999999999998,0
4256,2029-08-26,68,Employed,Single,1,West,899,103,0.5,4.13,3.28,2.34,3,0.04535,0
4257,2029-08-27,31,Employed,Single,3,West,718,20,0.76,1.3,6.5,2.38,1,0.135,0
4258,2029-08-28,33,Unemployed,Single,1,North,502,100,0.05,1.71,2.65,2.77,3,0.16565,1
4259,2029-08-29,31,Unemployed,Married,1,West,850,31,0.97,-0.01,6.59,3.25,2,0.11555000000000001,0
4260,2029-08-30,51,Unemployed,Married,4,South,611,37,0.91,3.38,5.58,3.51,2,0.13635,0
4261,2029-08-31,48,Employed,Married,2,South,768,94,0.42,0.56,4.66,3.0,3,0.12070000000000002,0
4262,2029-09-01,64,Employed,Single,3,West,693,31,0.27,2.49,5.32,2.84,2,0.12345,0
4263,2029-09-02,26,Employed,Single,1,West,510,78,0.11,2.3,4.26,3.2,2,0.1658,0
4264,2029-09-03,61,Employed,Single,3,South,870,118,0.88,1.92,4.12,2.89,3,0.0789,0
4265,2029-09-04,36,Employed,Married,2,West,455,56,0.85,1.46,5.66,3.37,2,0.19495,0
4266,2029-09-05,24,Self-Employed,Divorced,0,West,621,47,0.8,2.44,2.57,3.74,2,0.1282,0
4267,2029-09-06,55,Retired,Single,1,East,734,29,1.48,3.74,5.49,2.92,1,0.10155,0
4268,2029-09-07,68,Employed,Single,2,East,873,106,0.8,1.75,4.81,2.43,3,0.0833,0
4269,2029-09-08,46,Employed,Single,3,West,339,70,1.08,0.34,4.51,2.97,2,0.2294,0
4270,2029-09-09,32,Unemployed,Married,2,West,339,37,0.17,0.19,4.26,4.01,2,0.22965000000000002,0
4271,2029-09-10,31,Employed,Married,0,East,752,94,0.45,1.81,5.35,3.16,3,0.11565,0
4272,2029-09-11,57,Unemployed,Married,2,East,489,43,0.41,1.54,6.55,2.51,2,0.19010000000000002,1
4273,2029-09-12,45,Unemployed,Divorced,3,West,314,25,0.86,1.83,8.34,3.02,1,0.2399,0
4274,2029-09-13,38,Retired,Married,1,East,423,99,0.5,2.29,6.68,2.96,3,0.19974999999999998,0
4275,2029-09-14,39,Employed,Single,1,South,579,109,0.96,1.52,6.25,2.58,3,0.1663,0
4276,2029-09-15,43,Self-Employed,Single,4,North,347,106,1.04,4.76,3.82,3.63,3,0.17974999999999997,1
4277,2029-09-16,58,Employed,Married,3,South,488,89,0.05,2.38,4.1,3.31,2,0.1697,1
4278,2029-09-17,38,Self-Employed,Married,4,East,603,107,0.96,2.9,4.99,3.58,3,0.1402,0
4279,2029-09-18,46,Employed,Married,4,South,858,1,0.18,1.84,5.67,1.45,1,0.09045,0
4280,2029-09-19,26,Employed,Married,0,North,404,42,0.7,1.85,4.32,3.14,2,0.1971,0
4281,2029-09-20,24,Employed,Married,3,East,668,108,1.09,1.41,6.78,3.04,3,0.1478,0
4282,2029-09-21,64,Employed,Divorced,1,South,800,42,1.06,2.08,3.99,2.51,2,0.09415,0
4283,2029-09-22,49,Unemployed,Married,3,South,759,62,0.45,0.48,3.11,3.22,2,0.11599999999999999,0
4284,2029-09-23,54,Unemployed,Married,0,North,546,72,0.41,0.39,6.55,2.52,2,0.18735000000000002,0
4285,2029-09-24,37,Self-Employed,Single,3,East,563,57,0.66,1.38,5.35,2.2,2,0.1672,1
4286,2029-09-25,63,Employed,Married,3,West,505,116,0.28,1.05,4.57,3.36,3,0.1811,0
4287,2029-09-26,63,Unemployed,Divorced,4,East,806,47,1.46,1.38,2.94,2.92,2,0.0944,0
4288,2029-09-27,36,Employed,Single,3,North,829,4,0.52,1.66,6.48,2.18,1,0.10355,0
4289,2029-09-28,22,Unemployed,Married,4,North,663,90,1.38,1.71,8.57,3.72,3,0.15500000000000003,0
4290,2029-09-29,54,Retired,Married,4,North,639,75,1.36,2.81,5.74,3.03,2,0.13585000000000003,0
4291,2029-09-30,28,Employed,Single,2,North,706,34,0.55,2.77,4.05,2.6,2,0.11105,0
4292,2029-10-01,33,Unemployed,Married,0,West,752,92,0.38,1.97,5.36,2.18,3,0.1141,0
4293,2029-10-02,62,Employed,Single,4,East,877,15,1.16,3.99,5.84,2.45,1,0.06505,0
4294,2029-10-03,28,Employed,Widowed,3,East,449,82,0.34,1.53,5.75,2.18,2,0.19619999999999999,0
4295,2029-10-04,50,Employed,Married,4,South,492,48,0.78,2.83,3.78,3.86,2,0.16260000000000002,0
4296,2029-10-05,52,Employed,Single,4,West,446,59,0.17,2.51,4.24,4.0,2,0.1796,1
4297,2029-10-06,56,Unemployed,Single,4,West,705,106,0.58,1.78,3.88,3.61,3,0.12035000000000001,1
4298,2029-10-07,67,Employed,Married,1,South,482,116,0.12,1.87,5.55,2.17,3,0.18355,0
4299,2029-10-08,50,Employed,Single,1,South,405,50,0.43,1.56,4.9,3.27,2,0.20265,0
4300,2029-10-09,21,Self-Employed,Single,1,East,535,90,1.0,2.76,6.73,4.17,3,0.1673,1
4301,2029-10-10,63,Unemployed,Married,1,East,478,81,1.49,3.25,5.37,2.6,2,0.16985,0
4302,2029-10-11,59,Retired,Single,2,East,731,58,0.38,2.04,6.07,2.95,2,0.1222,0
4303,2029-10-12,37,Unemployed,Single,4,West,700,63,0.71,0.13,4.6,3.9,2,0.1417,0
4304,2029-10-13,40,Self-Employed,Married,2,West,824,104,0.67,2.55,2.29,3.17,3,0.07495,0
4305,2029-10-14,44,Employed,Divorced,3,South,839,12,0.28,1.82,7.02,3.33,1,0.10215,1
4306,2029-10-15,42,Employed,Married,0,North,622,93,0.92,0.94,5.19,2.66,3,0.15605,0
4307,2029-10-16,49,Employed,Married,2,North,560,25,1.09,2.08,5.62,2.27,1,0.1623,0
4308,2029-10-17,42,Employed,Single,1,North,698,69,0.22,1.65,6.23,3.24,2,0.13515,1
4309,2029-10-18,64,Self-Employed,Single,1,North,636,2,1.14,0.9,5.39,2.75,1,0.15395,0
4310,2029-10-19,29,Employed,Single,3,North,599,86,1.05,1.78,2.22,2.67,2,0.13855,0
4311,2029-10-20,57,Unemployed,Married,4,East,418,11,0.3,3.41,4.47,2.6,1,0.17875,1
4312,2029-10-21,30,Employed,Divorced,0,South,857,40,0.97,2.14,4.28,3.41,2,0.08075,0
4313,2029-10-22,56,Employed,Married,2,North,712,104,0.59,2.03,4.33,3.24,3,0.11835000000000001,0
4314,2029-10-23,57,Employed,Divorced,4,North,879,78,1.02,2.45,4.69,3.96,2,0.07420000000000002,0
4315,2029-10-24,48,Unemployed,Married,4,North,683,64,0.74,2.24,5.08,3.58,2,0.12725,0
4316,2029-10-25,48,Unemployed,Single,2,East,779,62,0.07,1.72,7.89,3.08,2,0.1225,1
4317,2029-10-26,62,Unemployed,Married,2,North,604,49,1.18,2.2,5.79,3.05,2,0.15095,0
4318,2029-10-27,63,Employed,Single,2,South,495,46,0.83,2.08,6.08,3.53,2,0.18085,0
4319,2029-10-28,41,Retired,Single,2,East,632,7,1.09,-0.15,4.3,3.07,1,0.15999999999999998,0
4320,2029-10-29,44,Employed,Married,1,East,319,30,0.19,2.53,7.23,3.62,2,0.2261,0
4321,2029-10-30,62,Employed,Married,4,West,732,10,1.08,2.04,5.2,3.09,1,0.11760000000000001,0
4322,2029-10-31,60,Retired,Married,4,West,725,16,0.62,2.54,4.98,3.33,1,0.11325,1
4323,2029-11-01,22,Employed,Married,1,East,528,26,1.2,1.98,2.32,3.75,1,0.1548,0
4324,2029-11-02,28,Self-Employed,Single,4,North,823,94,0.9,1.65,6.06,2.22,3,0.10305,0
4325,2029-11-03,68,Employed,Married,2,North,516,26,0.53,1.05,6.4,3.7,1,0.1875,0
4326,2029-11-04,47,Self-Employed,Married,0,North,890,77,0.3,2.16,6.35,3.74,2,0.08265,0
4327,2029-11-05,42,Retired,Single,4,North,674,114,1.22,2.16,2.89,2.89,3,0.11935,0
4328,2029-11-06,57,Employed,Married,0,West,335,86,0.84,3.35,6.41,3.06,2,0.2098,0
4329,2029-11-07,47,Self-Employed,Married,0,South,327,55,1.48,1.52,4.53,2.85,2,0.22069999999999998,0
4330,2029-11-08,49,Employed,Married,1,East,671,68,0.56,3.08,3.11,2.72,2,0.112,0
4331,2029-11-09,23,Self-Employed,Divorced,3,North,385,93,1.03,2.79,8.24,3.64,3,0.21204999999999996,0
4332,2029-11-10,64,Employed,Divorced,4,West,487,97,0.93,1.23,7.27,2.3,3,0.19729999999999998,0
4333,2029-11-11,33,Employed,Divorced,1,South,604,46,0.96,0.62,5.98,3.08,2,0.16770000000000002,1
4334,2029-11-12,65,Employed,Single,1,East,721,18,1.11,3.01,5.79,2.36,1,0.1136,0
4335,2029-11-13,30,Employed,Single,0,East,379,56,0.21,2.46,7.35,2.75,2,0.21239999999999998,0
4336,2029-11-14,56,Retired,Single,4,East,485,30,0.82,2.82,4.27,2.45,2,0.1669,0
4337,2029-11-15,29,Employed,Single,1,North,304,15,0.76,2.15,8.72,3.06,1,0.24109999999999998,0
4338,2029-11-16,47,Employed,Divorced,2,East,857,44,0.51,0.98,5.06,3.27,2,0.09625,0
4339,2029-11-17,54,Employed,Married,1,North,796,26,0.65,2.18,6.49,3.6,1,0.10665000000000001,0
4340,2029-11-18,21,Employed,Single,2,South,808,60,0.78,2.65,5.81,3.0,2,0.09555,0
4341,2029-11-19,52,Unemployed,Single,3,West,301,25,0.48,-0.23,3.49,3.99,1,0.2395,1
4342,2029-11-20,45,Retired,Single,2,West,516,102,0.44,2.48,5.03,2.79,3,0.16635,0
4343,2029-11-21,49,Employed,Married,2,West,836,28,1.11,2.83,7.23,3.39,1,0.09385000000000002,0
4344,2029-11-22,27,Unemployed,Married,0,East,556,112,0.1,2.93,3.84,3.7,3,0.1459,0
4345,2029-11-23,69,Self-Employed,Divorced,1,West,752,114,0.47,2.46,7.04,2.84,3,0.1176,0
4346,2029-11-24,23,Employed,Divorced,3,South,723,102,0.98,1.58,6.0,3.3,3,0.12845,0
4347,2029-11-25,40,Self-Employed,Single,1,North,623,43,0.31,1.93,3.04,1.76,2,0.13515,1
4348,2029-11-26,40,Employed,Single,2,West,798,108,0.86,0.52,5.0,3.58,3,0.1153,0
4349,2029-11-27,50,Self-Employed,Single,2,North,880,28,0.45,3.05,4.93,2.6,1,0.06915,0
4350,2029-11-28,55,Unemployed,Single,1,North,496,108,1.26,2.79,3.47,3.78,3,0.16044999999999998,0
4351,2029-11-29,55,Employed,Divorced,3,West,803,109,0.52,1.67,5.45,2.99,3,0.1048,0
4352,2029-11-30,69,Retired,Married,3,West,571,110,0.34,2.6,2.97,3.49,3,0.1411,0
4353,2029-12-01,59,Unemployed,Married,0,West,317,94,0.8,2.62,6.32,2.71,3,0.22114999999999999,1
4354,2029-12-02,47,Employed,Married,2,East,406,1,0.2,0.9,3.67,4.59,1,0.20285,0
4355,2029-12-03,46,Self-Employed,Single,2,West,828,5,1.2,4.04,4.53,3.1,1,0.07025,0
4356,2029-12-04,34,Employed,Single,0,East,424,8,1.02,1.16,5.0,4.18,1,0.20239999999999997,0
4357,2029-12-05,37,Retired,Married,1,South,782,14,1.16,-0.12,7.27,3.01,1,0.13705,0
4358,2029-12-06,38,Self-Employed,Married,2,North,893,83,0.6,2.4,3.1,2.84,2,0.06325000000000001,0
4359,2029-12-07,65,Employed,Single,1,South,303,111,1.25,2.34,4.25,3.35,3,0.2171,0
4360,2029-12-08,49,Employed,Married,3,West,650,57,0.74,1.61,5.23,3.62,2,0.14255,0
4361,2029-12-09,40,Self-Employed,Married,4,North,650,1,0.14,2.21,4.9,3.47,1,0.13490000000000002,0
4362,2029-12-10,47,Employed,Married,0,West,527,2,0.34,1.22,5.16,3.29,1,0.17685,0
4363,2029-12-11,38,Employed,Married,2,West,315,118,1.07,0.29,4.69,3.03,3,0.23679999999999998,0
4364,2029-12-12,24,Employed,Married,0,North,724,51,1.34,2.98,5.42,3.44,2,0.11130000000000001,0
4365,2029-12-13,21,Employed,Married,3,South,763,54,0.14,2.31,2.06,3.21,2,0.09145,0
4366,2029-12-14,21,Employed,Married,3,West,545,52,1.3,1.63,7.12,2.94,2,0.17805,0
4367,2029-12-15,46,Employed,Widowed,3,North,476,93,1.2,3.75,4.89,2.93,3,0.16295,0
4368,2029-12-16,65,Employed,Single,3,South,842,71,0.53,1.71,9.04,3.73,2,0.1126,0
4369,2029-12-17,40,Self-Employed,Married,4,East,808,39,1.03,2.59,4.49,2.35,2,0.08955,0
4370,2029-12-18,43,Employed,Single,1,South,861,84,0.28,1.02,6.55,3.45,2,0.1023,0
4371,2029-12-19,30,Employed,Single,1,South,863,38,1.22,-0.21,3.88,3.39,2,0.10075,0
4372,2029-12-20,31,Employed,Married,4,North,532,42,0.99,2.61,5.06,4.12,2,0.16119999999999998,0
4373,2029-12-21,61,Self-Employed,Divorced,1,South,337,117,0.66,2.58,3.49,1.42,3,0.20239999999999997,1
4374,2029-12-22,61,Employed,Single,3,East,790,12,1.3,3.91,4.52,2.23,1,0.08099999999999999,0
4375,2029-12-23,25,Employed,Single,1,East,743,103,0.21,0.88,3.9,2.56,3,0.11995,0
4376,2029-12-24,21,Employed,Single,0,West,319,104,1.27,0.32,5.74,2.69,3,0.24075,0
4377,2029-12-25,37,Unemployed,Married,1,East,855,111,0.04,1.39,7.48,3.48,3,0.10475,0
4378,2029-12-26,42,Unemployed,Single,0,West,410,36,1.13,2.55,5.68,2.34,2,0.1954,1
4379,2029-12-27,54,Unemployed,Single,2,East,786,54,0.86,-0.19,9.3,2.86,2,0.1469,0
4380,2029-12-28,65,Unemployed,Married,0,South,388,31,1.05,2.08,6.06,2.66,2,0.2075,0
4381,2029-12-29,61,Self-Employed,Single,0,West,618,13,0.62,1.54,3.6,2.86,1,0.1431,0
4382,2029-12-30,49,Employed,Married,3,East,417,64,1.3,1.6,8.64,3.7,2,0.21794999999999998,0
4383,2029-12-31,24,Self-Employed,Married,3,South,733,26,0.47,1.12,6.37,3.29,1,0.13240000000000002,1
4384,2030-01-01,25,Employed,Single,3,South,538,23,0.41,3.11,2.91,2.69,1,0.14395000000000002,0
4385,2030-01-02,31,Self-Employed,Married,0,West,371,114,0.45,0.41,4.97,2.31,3,0.223,1
4386,2030-01-03,41,Unemployed,Married,4,North,698,112,1.16,2.95,6.21,3.27,3,0.12204999999999999,0
4387,2030-01-04,55,Employed,Married,3,South,703,21,0.74,2.48,5.85,2.67,1,0.12369999999999999,0
4388,2030-01-05,32,Employed,Married,3,South,550,77,0.81,1.52,6.2,2.87,2,0.1733,0
4389,2030-01-06,46,Employed,Single,0,North,494,44,1.25,3.54,6.53,2.88,2,0.16875,0
4390,2030-01-07,39,Self-Employed,Married,2,West,871,7,1.25,0.11,4.1,3.56,1,0.09665,0
4391,2030-01-08,65,Self-Employed,Married,2,East,884,90,0.24,3.0,5.76,2.83,3,0.0728,0
4392,2030-01-09,27,Unemployed,Single,1,East,521,66,0.82,0.9,5.32,2.8,2,0.18235,0
4393,2030-01-10,67,Employed,Single,2,South,481,63,0.19,1.54,4.62,2.54,2,0.18245,0
4394,2030-01-11,27,Unemployed,Single,3,North,555,96,1.3,2.31,6.25,2.62,3,0.1644,0
4395,2030-01-12,46,Self-Employed,Single,4,South,387,114,1.26,3.05,5.3,3.46,3,0.19425,0
4396,2030-01-13,60,Unemployed,Married,1,West,791,46,1.27,1.04,6.68,3.0,2,0.12025,0
4397,2030-01-14,25,Employed,Single,4,South,635,20,1.06,2.57,5.47,2.9,1,0.1379,0
4398,2030-01-15,41,Employed,Single,4,East,837,31,0.7,1.56,4.52,2.34,2,0.09275,0
4399,2030-01-16,34,Self-Employed,Married,3,North,706,103,0.61,1.15,5.24,2.48,3,0.13319999999999999,0
4400,2030-01-17,24,Unemployed,Single,0,West,588,104,0.59,0.36,6.02,3.27,3,0.17450000000000002,0
4401,2030-01-18,43,Retired,Married,0,South,661,44,0.1,1.62,5.06,2.89,2,0.13885,0
4402,2030-01-19,62,Employed,Married,0,East,740,43,1.42,0.72,4.34,2.89,2,0.1245,0
4403,2030-01-20,40,Employed,Single,2,South,329,40,0.68,0.78,5.24,3.18,2,0.23114999999999997,0
4404,2030-01-21,35,Retired,Married,0,East,847,95,1.4,1.51,7.14,3.32,3,0.10385,0
4405,2030-01-22,65,Employed,Married,3,North,522,51,1.32,1.76,6.0,3.35,2,0.1769,0
4406,2030-01-23,49,Self-Employed,Single,2,West,423,87,1.24,1.45,5.55,2.86,2,0.20249999999999999,0
4407,2030-01-24,28,Employed,Single,0,South,514,10,0.88,2.07,4.72,2.94,1,0.1694,0
4408,2030-01-25,61,Employed,Married,4,West,417,100,0.15,3.69,5.33,3.26,3,0.1805,1
4409,2030-01-26,68,Unemployed,Divorced,3,North,526,114,0.49,1.33,3.57,1.88,3,0.16804999999999998,0
4410,2030-01-27,39,Unemployed,Married,3,East,743,84,0.91,1.11,4.73,3.08,2,0.1218,0
4411,2030-01-28,68,Employed,Single,1,North,848,17,0.02,1.06,5.8,3.36,1,0.1014,0
4412,2030-01-29,59,Employed,Married,3,North,736,10,0.06,-0.79,5.17,2.65,1,0.14475,0
4413,2030-01-30,66,Unemployed,Married,4,West,311,26,1.02,1.37,4.44,2.36,1,0.22574999999999998,0
4414,2030-01-31,48,Employed,Married,3,North,421,42,1.33,3.78,3.17,3.71,2,0.16779999999999998,1
4415,2030-02-01,66,Unemployed,Married,1,South,846,101,1.28,2.07,4.82,2.6,3,0.0869,0
4416,2030-02-02,47,Employed,Married,3,East,788,64,0.25,1.6,3.89,2.98,2,0.10145,0
4417,2030-02-03,24,Self-Employed,Married,3,North,550,53,1.37,2.53,4.96,3.16,2,0.15700000000000003,0
4418,2030-02-04,35,Retired,Married,1,South,878,28,1.04,1.57,5.42,2.55,1,0.0869,0
4419,2030-02-05,55,Self-Employed,Married,3,East,781,20,1.07,3.24,7.17,2.21,1,0.1032,0
4420,2030-02-06,57,Employed,Single,2,West,849,28,0.46,1.87,6.4,3.14,1,0.09605000000000001,0
4421,2030-02-07,21,Self-Employed,Married,3,East,579,8,1.07,3.4,5.36,2.3,1,0.14305,0
4422,2030-02-08,23,Employed,Divorced,0,West,636,60,1.06,2.26,8.14,3.34,2,0.15410000000000001,1
4423,2030-02-09,67,Employed,Single,0,East,467,61,0.89,2.53,5.61,2.93,2,0.18100000000000002,0
4424,2030-02-10,44,Retired,Married,2,North,627,70,0.54,1.85,3.93,4.07,2,0.13940000000000002,0
4425,2030-02-11,47,Unemployed,Single,3,West,545,101,1.22,2.97,4.68,3.07,3,0.15245,0
4426,2030-02-12,60,Self-Employed,Married,4,West,890,94,1.41,3.7,8.87,2.64,3,0.07984999999999999,1
4427,2030-02-13,56,Employed,Married,3,West,600,90,1.3,2.54,3.92,3.39,3,0.1392,0
4428,2030-02-14,54,Employed,Single,0,North,499,118,0.36,1.82,4.55,3.54,3,0.1748,0
4429,2030-02-15,49,Employed,Divorced,1,North,799,105,0.67,2.97,6.5,2.33,3,0.09805,0
4430,2030-02-16,44,Self-Employed,Single,2,East,312,95,0.51,1.53,3.68,3.22,3,0.22009999999999996,0
4431,2030-02-17,44,Unemployed,Married,1,East,665,4,1.06,3.42,6.54,3.17,1,0.12725,0
4432,2030-02-18,62,Employed,Married,4,North,396,96,1.25,1.49,6.75,3.48,3,0.21484999999999999,0
4433,2030-02-19,24,Unemployed,Single,3,North,370,14,0.32,1.93,5.43,2.49,1,0.21034999999999998,0
4434,2030-02-20,23,Employed,Single,4,West,656,56,1.42,2.87,7.49,3.36,2,0.13974999999999999,0
4435,2030-02-21,54,Employed,Single,1,East,843,4,1.02,-0.04,4.75,3.21,1,0.10840000000000001,0
4436,2030-02-22,69,Employed,Married,3,East,549,19,0.33,2.31,6.41,2.88,1,0.16670000000000001,0
4437,2030-02-23,43,Employed,Married,4,West,553,101,0.56,2.16,1.46,4.34,3,0.14245000000000002,0
4438,2030-02-24,43,Employed,Single,0,West,481,100,0.16,1.53,6.01,2.41,3,0.1895,0
4439,2030-02-25,65,Retired,Single,0,West,465,80,0.9,1.68,7.03,2.88,2,0.1971,0
4440,2030-02-26,25,Employed,Single,2,South,303,113,0.25,1.15,6.21,2.55,3,0.23879999999999998,0
4441,2030-02-27,51,Retired,Married,0,South,762,3,1.04,1.04,4.44,3.17,1,0.11630000000000001,0
4442,2030-02-28,61,Employed,Married,0,North,444,55,1.11,1.59,2.76,3.85,2,0.18189999999999998,0
4443,2030-03-01,26,Retired,Single,1,East,464,84,0.72,1.0,6.74,3.72,2,0.20270000000000002,1
4444,2030-03-02,57,Self-Employed,Married,0,West,643,118,0.14,2.51,3.76,1.69,3,0.12795,1
4445,2030-03-03,30,Retired,Single,0,West,404,33,0.92,1.28,3.96,3.79,2,0.201,0
4446,2030-03-04,60,Employed,Divorced,1,East,847,39,0.56,2.8,4.61,2.75,2,0.07830000000000001,0
4447,2030-03-05,27,Unemployed,Divorced,0,South,613,68,1.42,1.05,6.01,2.65,2,0.1613,0
4448,2030-03-06,59,Retired,Married,0,East,468,67,0.77,0.71,6.82,3.07,2,0.20500000000000002,0
4449,2030-03-07,58,Employed,Divorced,2,North,819,21,0.11,1.78,8.06,2.86,1,0.11275000000000002,0
4450,2030-03-08,41,Employed,Married,0,South,897,13,0.95,0.84,5.25,2.83,1,0.08860000000000001,0
4451,2030-03-09,40,Employed,Married,0,East,735,67,1.17,1.86,5.5,2.63,2,0.12015,0
4452,2030-03-10,23,Retired,Married,2,East,811,7,0.24,1.21,5.74,3.16,1,0.10885,0
4453,2030-03-11,42,Employed,Single,1,North,708,66,0.67,0.74,4.34,3.61,2,0.13230000000000003,0
4454,2030-03-12,67,Employed,Single,0,East,735,45,1.11,0.75,6.12,3.07,2,0.13435,0
4455,2030-03-13,24,Employed,Single,4,South,614,28,0.03,3.17,4.19,2.95,1,0.13075,0
4456,2030-03-14,48,Employed,Married,1,West,841,89,0.04,2.7,6.74,3.31,2,0.09145,0
4457,2030-03-15,32,Unemployed,Single,1,West,878,113,1.02,0.69,3.61,3.63,3,0.08665,0
4458,2030-03-16,58,Employed,Single,0,West,362,118,1.09,1.21,6.4,3.06,3,0.2244,1
4459,2030-03-17,56,Self-Employed,Married,2,South,331,93,1.27,3.49,6.43,2.92,3,0.20949999999999996,0
4460,2030-03-18,67,Retired,Single,1,East,898,11,0.6,1.97,2.76,3.32,1,0.0646,0
4461,2030-03-19,61,Employed,Married,2,East,510,78,0.58,1.66,5.59,2.66,2,0.17885,1
4462,2030-03-20,25,Self-Employed,Divorced,4,East,762,115,0.83,2.11,7.44,1.97,3,0.12060000000000001,0
4463,2030-03-21,33,Employed,Married,2,East,862,51,1.14,2.26,5.44,3.31,2,0.08410000000000001,0
4464,2030-03-22,43,Self-Employed,Married,3,West,874,57,0.96,1.99,5.21,2.79,2,0.08265,0
4465,2030-03-23,50,Employed,Married,2,South,379,104,0.49,1.2,4.36,2.74,3,0.21005,0
4466,2030-03-24,57,Unemployed,Married,1,North,642,1,0.52,0.01,5.87,2.05,1,0.16375,0
4467,2030-03-25,45,Employed,Single,2,South,531,0,1.14,1.98,4.59,2.63,1,0.1654,1
4468,2030-03-26,68,Employed,Divorced,2,East,428,110,0.8,0.15,5.83,2.82,3,0.21564999999999998,0
4469,2030-03-27,47,Self-Employed,Single,3,East,318,54,0.15,1.51,6.25,3.72,2,0.23164999999999997,0
4470,2030-03-28,34,Employed,Single,3,South,656,110,0.23,1.34,5.53,3.88,3,0.14525000000000002,1
4471,2030-03-29,68,Unemployed,Married,0,South,718,91,1.28,1.28,6.79,2.91,3,0.13665,0
4472,2030-03-30,67,Employed,Single,1,West,380,103,1.5,2.42,5.72,3.27,3,0.2044,0
4473,2030-03-31,56,Self-Employed,Single,0,East,417,98,0.5,1.79,4.57,2.43,3,0.19569999999999999,1
4474,2030-04-01,59,Employed,Single,3,South,793,33,0.58,2.47,2.4,3.06,2,0.08405,0
4475,2030-04-02,36,Self-Employed,Single,2,East,791,63,0.23,0.2,4.42,2.79,2,0.11735,0
4476,2030-04-03,42,Employed,Single,3,South,524,67,0.35,2.76,4.87,2.21,2,0.16075,0
4477,2030-04-04,41,Employed,Single,4,East,718,81,0.64,2.92,5.96,3.57,2,0.11610000000000001,0
4478,2030-04-05,41,Employed,Married,2,South,436,11,0.43,1.95,2.31,3.1,1,0.17804999999999999,0
4479,2030-04-06,28,Unemployed,Married,0,East,525,49,1.05,3.94,2.44,3.35,2,0.13655,0
4480,2030-04-07,69,Employed,Single,2,North,633,20,0.81,2.68,2.27,2.8,1,0.1213,0
4481,2030-04-08,36,Unemployed,Divorced,4,West,528,9,1.23,1.97,4.99,1.84,1,0.16825,0
4482,2030-04-09,51,Unemployed,Single,3,North,622,84,1.09,3.43,3.13,2.29,2,0.12085,0
4483,2030-04-10,62,Employed,Single,1,West,407,103,0.19,2.08,5.78,3.46,3,0.20134999999999997,0
4484,2030-04-11,30,Self-Employed,Single,1,West,744,88,0.19,1.08,4.53,2.88,2,0.12085000000000001,1
4485,2030-04-12,52,Employed,Married,1,South,306,113,1.34,2.81,2.77,3.3,3,0.20425,0
4486,2030-04-13,54,Employed,Married,3,North,427,80,1.23,3.51,6.66,2.79,2,0.18645,1
4487,2030-04-14,29,Unemployed,Married,1,West,652,114,0.7,0.47,5.09,3.05,3,0.15275,0
4488,2030-04-15,37,Self-Employed,Married,4,East,566,69,0.2,1.54,6.73,3.0,2,0.17175,0
4489,2030-04-16,31,Self-Employed,Married,3,South,513,13,1.35,1.49,5.17,2.54,1,0.1777,0
4490,2030-04-17,52,Employed,Married,1,South,546,100,0.35,0.72,7.44,3.13,3,0.1885,0
4491,2030-04-18,30,Employed,Divorced,0,East,894,39,0.05,1.72,6.07,3.77,2,0.08465,0
4492,2030-04-19,42,Employed,Single,3,East,673,103,1.39,1.22,3.07,2.75,3,0.12990000000000002,0
4493,2030-04-20,37,Unemployed,Single,3,West,720,81,1.21,2.42,4.33,2.17,2,0.11245000000000001,1
4494,2030-04-21,24,Employed,Married,2,East,340,29,1.04,2.49,4.14,3.36,1,0.20579999999999998,0
4495,2030-04-22,68,Unemployed,Married,1,South,647,72,0.05,2.14,1.74,2.31,2,0.12055,0
4496,2030-04-23,67,Employed,Single,0,East,860,13,0.79,2.21,6.46,2.51,1,0.0902,0
4497,2030-04-24,45,Employed,Single,4,North,442,109,0.98,3.5,5.78,2.86,3,0.1784,1
4498,2030-04-25,41,Employed,Married,3,South,440,51,1.14,4.02,7.3,3.32,2,0.18130000000000002,0
4499,2030-04-26,57,Employed,Married,4,East,864,109,0.71,2.61,2.69,3.24,3,0.06634999999999999,0
4500,2030-04-27,58,Employed,Single,4,South,406,16,1.43,1.49,3.42,2.84,1,0.19569999999999999,0
4501,2030-04-28,69,Unemployed,Divorced,4,West,332,61,0.37,2.28,3.66,2.34,2,0.2075,0
4502,2030-04-29,21,Unemployed,Married,2,North,499,97,0.1,2.03,7.37,4.34,3,0.1868,0
4503,2030-04-30,45,Employed,Married,4,West,418,109,0.5,2.68,7.26,3.09,3,0.19999999999999998,0
4504,2030-05-01,56,Employed,Married,1,North,528,21,0.99,1.12,3.17,3.41,1,0.16765000000000002,0
4505,2030-05-02,37,Employed,Divorced,1,East,484,52,1.11,2.75,5.69,3.24,2,0.17495,1
4506,2030-05-03,61,Unemployed,Single,0,South,514,31,1.11,2.08,6.08,3.75,2,0.17609999999999998,0
4507,2030-05-04,44,Employed,Single,0,East,429,75,0.17,1.92,4.93,2.47,2,0.19319999999999998,0
4508,2030-05-05,22,Retired,Married,4,West,571,54,1.33,1.96,8.11,3.18,2,0.17320000000000002,0
4509,2030-05-06,60,Employed,Married,4,South,307,79,0.42,3.35,1.42,2.84,2,0.19185,1
4510,2030-05-07,35,Employed,Single,2,East,702,21,0.31,4.74,2.19,2.46,1,0.08305,0
4511,2030-05-08,52,Retired,Widowed,4,East,878,37,0.92,2.12,5.29,3.65,2,0.08075,0
4512,2030-05-09,59,Employed,Married,4,South,668,49,0.32,1.27,3.3,2.53,2,0.1318,0
4513,2030-05-10,26,Self-Employed,Single,4,South,836,102,0.76,1.99,6.47,3.24,3,0.09845000000000001,0
4514,2030-05-11,21,Employed,Single,3,West,352,65,0.61,2.31,2.71,3.84,2,0.19745,0
4515,2030-05-12,67,Employed,Single,3,North,546,44,0.35,2.16,6.06,3.83,2,0.16720000000000002,0
4516,2030-05-13,43,Employed,Married,2,North,636,118,0.44,2.17,5.08,2.54,3,0.13970000000000002,0
4517,2030-05-14,59,Self-Employed,Widowed,2,South,580,7,0.64,1.82,7.84,3.49,1,0.17099999999999999,0
4518,2030-05-15,37,Unemployed,Married,1,North,332,107,0.52,3.35,3.87,3.3,3,0.19784999999999997,0
4519,2030-05-16,54,Employed,Widowed,2,West,847,64,0.57,1.73,7.52,2.41,2,0.10355000000000002,0
4520,2030-05-17,61,Retired,Married,1,North,642,104,1.1,2.8,6.27,2.07,3,0.13785000000000003,1
4521,2030-05-18,49,Employed,Married,4,South,538,39,0.25,0.49,3.64,3.0,2,0.1738,1
4522,2030-05-19,29,Employed,Married,2,West,791,104,0.94,1.43,3.69,3.6,3,0.1014,0
4523,2030-05-20,33,Employed,Married,2,South,476,4,1.02,2.29,6.74,4.45,1,0.18680000000000002,1
4524,2030-05-21,26,Employed,Married,2,West,343,44,1.2,1.97,5.3,2.7,2,0.21605,1
4525,2030-05-22,26,Employed,Single,1,West,603,45,1.27,3.22,4.86,3.09,2,0.13635,0
4526,2030-05-23,40,Retired,Married,1,South,568,35,0.24,2.27,7.71,2.48,2,0.16885,0
4527,2030-05-24,23,Employed,Single,0,East,699,16,0.21,3.32,6.27,3.79,1,0.1184,0
4528,2030-05-25,37,Employed,Married,1,South,730,40,0.92,2.49,3.8,3.16,2,0.1066,0
4529,2030-05-26,69,Employed,Married,1,West,720,29,1.14,1.18,4.23,3.22,1,0.12435000000000002,0
4530,2030-05-27,32,Unemployed,Single,3,South,430,51,0.41,1.81,5.7,3.06,2,0.1979,0
4531,2030-05-28,68,Unemployed,Single,2,South,709,78,0.79,1.87,5.4,2.58,2,0.12605,0
4532,2030-05-29,67,Employed,Married,1,West,524,19,1.16,3.28,6.14,3.46,1,0.16190000000000002,0
4533,2030-05-30,65,Employed,Married,2,North,442,35,1.15,1.75,6.3,3.51,2,0.19849999999999998,0
4534,2030-05-31,21,Employed,Single,2,West,877,65,0.98,1.86,7.38,3.64,2,0.09405000000000001,0
4535,2030-06-01,37,Employed,Married,3,South,839,44,0.12,1.6,4.42,3.53,2,0.09135,0
4536,2030-06-02,23,Employed,Single,2,West,424,3,0.08,2.12,8.62,2.52,1,0.21089999999999998,0
4537,2030-06-03,46,Employed,Single,1,West,511,49,0.58,2.65,6.43,2.9,2,0.1729,0
4538,2030-06-04,35,Employed,Single,2,North,727,87,0.04,2.7,5.44,3.22,2,0.11345,0
4539,2030-06-05,56,Employed,Single,0,East,736,111,1.36,1.69,4.79,2.69,3,0.11805,1
4540,2030-06-06,52,Employed,Married,0,South,891,54,0.03,-0.0,5.6,2.43,2,0.10025,0
4541,2030-06-07,52,Retired,Widowed,3,South,537,58,0.04,2.28,2.34,2.86,2,0.14965,0
4542,2030-06-08,24,Retired,Married,1,North,627,41,0.25,2.1,4.86,3.08,2,0.14155,0
4543,2030-06-09,38,Self-Employed,Married,3,West,418,1,0.94,2.15,7.0,4.67,1,0.204,0
4544,2030-06-10,69,Employed,Single,0,East,345,45,0.81,2.01,4.4,3.65,2,0.21065,0
4545,2030-06-11,39,Employed,Married,1,South,383,1,0.99,2.31,2.15,2.64,1,0.1869,0
4546,2030-06-12,63,Employed,Single,2,East,651,49,1.34,-0.02,3.03,2.64,2,0.1476,0
4547,2030-06-13,55,Unemployed,Married,1,East,312,0,0.68,2.15,4.54,2.47,1,0.21819999999999998,0
4548,2030-06-14,60,Employed,Divorced,4,West,471,12,0.07,1.01,5.5,3.38,1,0.19465,0
4549,2030-06-15,34,Unemployed,Single,1,West,533,69,1.15,3.18,3.75,2.81,2,0.1487,0
4550,2030-06-16,53,Retired,Married,2,West,480,21,1.22,2.12,2.96,2.93,1,0.1686,1
4551,2030-06-17,34,Employed,Single,4,South,350,16,0.07,1.28,3.91,2.76,1,0.21424999999999997,0
4552,2030-06-18,54,Self-Employed,Single,3,East,694,58,0.36,0.82,7.9,4.15,2,0.1528,0
4553,2030-06-19,24,Employed,Single,1,East,728,112,1.16,1.14,8.95,3.65,3,0.14634999999999998,1
4554,2030-06-20,44,Employed,Single,3,South,573,85,0.56,1.36,5.79,2.5,2,0.16710000000000003,1
4555,2030-06-21,49,Employed,Single,1,North,506,106,0.71,2.04,5.41,2.43,3,0.17515,0
4556,2030-06-22,39,Employed,Single,0,West,447,69,1.23,0.81,6.69,3.6,2,0.2086,0
4557,2030-06-23,26,Unemployed,Married,0,South,599,115,0.14,2.24,2.95,2.52,3,0.1376,0
4558,2030-06-24,53,Employed,Single,2,West,752,2,1.02,3.0,4.17,3.66,1,0.09784999999999999,1
4559,2030-06-25,69,Employed,Married,0,East,848,109,0.32,3.1,1.86,3.36,3,0.06130000000000001,0
4560,2030-06-26,60,Self-Employed,Divorced,4,South,682,69,0.09,1.62,5.7,2.54,2,0.1368,0
4561,2030-06-27,39,Self-Employed,Married,4,North,833,80,0.99,1.97,4.93,3.33,2,0.0917,0
4562,2030-06-28,21,Employed,Single,1,West,532,98,0.18,1.34,3.82,3.2,3,0.1677,0
4563,2030-06-29,25,Unemployed,Single,3,East,428,48,1.12,0.79,7.92,2.21,2,0.21969999999999998,0
4564,2030-06-30,47,Self-Employed,Divorced,4,East,869,114,0.3,1.46,6.86,3.0,3,0.09745000000000001,0
4565,2030-07-01,36,Employed,Married,1,North,536,49,0.07,0.19,4.95,2.82,2,0.18385,0
4566,2030-07-02,26,Employed,Married,3,North,881,100,0.15,0.02,3.8,3.18,3,0.09355,0
4567,2030-07-03,60,Employed,Single,0,West,874,110,1.26,2.3,5.47,2.92,3,0.08085,0
4568,2030-07-04,33,Unemployed,Married,1,East,784,34,0.56,2.25,5.16,3.19,2,0.1023,0
4569,2030-07-05,68,Self-Employed,Single,3,North,540,22,0.45,3.22,4.23,2.69,1,0.14895,0
4570,2030-07-06,55,Unemployed,Divorced,2,South,522,71,0.74,3.44,3.53,2.94,2,0.14775,0
4571,2030-07-07,39,Employed,Divorced,2,North,398,6,0.95,2.18,5.36,2.34,1,0.2005,0
4572,2030-07-08,32,Employed,Single,4,South,856,49,0.06,1.06,5.34,2.8,2,0.0971,0
4573,2030-07-09,36,Employed,Married,3,East,572,9,1.35,1.05,3.38,2.79,1,0.15839999999999999,0
4574,2030-07-10,63,Employed,Single,2,West,698,89,1.44,0.96,2.06,2.28,2,0.1212,0
4575,2030-07-11,30,Self-Employed,Married,4,East,816,54,0.63,2.25,4.49,3.03,2,0.09095,0
4576,2030-07-12,45,Unemployed,Divorced,1,East,729,73,0.62,1.25,2.85,3.81,2,0.11450000000000002,0
4577,2030-07-13,40,Employed,Married,1,East,822,18,1.32,0.59,3.81,2.65,1,0.10264999999999999,0
4578,2030-07-14,51,Employed,Single,3,East,647,22,0.64,2.42,4.17,3.58,1,0.12990000000000002,0
4579,2030-07-15,24,Employed,Single,3,West,850,94,1.28,2.86,5.68,3.14,3,0.08230000000000001,0
4580,2030-07-16,64,Employed,Married,3,North,750,63,0.04,1.25,4.16,2.02,2,0.11579999999999999,0
4581,2030-07-17,43,Employed,Married,3,West,341,32,0.73,1.97,5.41,4.23,2,0.2171,0
4582,2030-07-18,22,Employed,Married,2,West,393,65,1.43,3.46,3.65,2.54,2,0.1804,0
4583,2030-07-19,42,Employed,Single,2,West,785,91,0.38,2.93,5.49,3.01,3,0.0969,0
4584,2030-07-20,57,Employed,Single,4,West,816,95,0.4,1.08,4.51,3.19,3,0.10275000000000001,0
4585,2030-07-21,28,Employed,Widowed,2,North,863,96,0.95,3.55,5.44,2.98,3,0.07095000000000001,0
4586,2030-07-22,27,Employed,Married,1,East,449,8,1.39,2.72,6.95,3.41,1,0.19030000000000002,0
4587,2030-07-23,34,Self-Employed,Married,4,North,798,28,0.3,3.63,4.72,3.61,1,0.0828,0
4588,2030-07-24,23,Employed,Married,2,North,670,78,1.38,1.82,4.77,2.55,2,0.13315,0
4589,2030-07-25,36,Retired,Married,3,East,784,17,0.99,1.15,5.67,2.89,1,0.11585000000000001,0
4590,2030-07-26,39,Employed,Single,2,North,682,81,1.49,1.96,5.79,2.66,2,0.13385,0
4591,2030-07-27,38,Employed,Single,0,West,491,117,1.1,0.59,1.43,2.66,3,0.1735,0
4592,2030-07-28,36,Employed,Married,4,West,520,70,1.0,2.83,3.28,3.06,2,0.15309999999999999,0
4593,2030-07-29,28,Employed,Married,2,East,346,77,1.22,1.45,5.36,3.5,2,0.22079999999999997,0
4594,2030-07-30,53,Unemployed,Married,2,East,426,28,0.26,2.39,7.46,2.19,1,0.20189999999999997,1
4595,2030-07-31,69,Employed,Divorced,1,East,306,113,1.42,4.16,2.78,2.92,3,0.19079999999999997,0
4596,2030-08-01,32,Retired,Single,3,West,415,115,0.25,1.51,4.14,2.58,3,0.19684999999999997,1
4597,2030-08-02,31,Unemployed,Single,3,East,863,82,0.04,2.0,5.37,3.31,2,0.08610000000000001,0
4598,2030-08-03,25,Employed,Widowed,1,North,665,60,1.05,1.53,3.54,3.27,2,0.13115,0
4599,2030-08-04,47,Employed,Married,1,North,345,4,0.28,1.85,5.81,3.49,1,0.2193,0
4600,2030-08-05,32,Self-Employed,Married,0,South,692,104,1.14,1.77,6.08,2.37,3,0.1347,0
4601,2030-08-06,37,Employed,Married,4,South,322,113,1.19,3.0,5.66,3.17,3,0.2128,0
4602,2030-08-07,26,Self-Employed,Married,3,East,430,108,0.36,2.89,5.3,2.96,3,0.1851,1
4603,2030-08-08,53,Employed,Single,1,South,426,68,0.13,1.77,3.48,2.17,2,0.18819999999999998,0
4604,2030-08-09,25,Employed,Married,1,West,744,55,0.75,2.12,4.56,2.24,2,0.1106,0
4605,2030-08-10,48,Employed,Married,4,West,608,117,1.34,1.67,6.9,2.77,3,0.1608,0
4606,2030-08-11,34,Employed,Married,1,North,732,51,1.27,3.42,5.55,3.0,2,0.10555,0
4607,2030-08-12,25,Unemployed,Married,0,North,772,14,0.18,-0.55,1.49,3.61,1,0.11495000000000001,0
4608,2030-08-13,53,Employed,Single,4,South,347,89,1.45,1.22,6.23,2.85,2,0.22719999999999996,0
4609,2030-08-14,68,Unemployed,Single,0,South,381,87,0.4,2.43,5.61,3.18,2,0.20350000000000001,0
4610,2030-08-15,61,Employed,Single,2,West,408,82,0.52,2.84,4.49,3.04,2,0.18705,1
4611,2030-08-16,39,Employed,Single,3,North,562,19,0.22,3.27,4.69,2.54,1,0.14525000000000002,0
4612,2030-08-17,42,Employed,Widowed,1,South,330,106,0.57,2.0,4.08,2.76,3,0.21289999999999998,0
4613,2030-08-18,25,Employed,Married,4,West,657,72,0.95,1.41,5.11,3.01,2,0.1422,0
4614,2030-08-19,22,Employed,Married,0,North,867,116,0.76,1.97,5.01,2.38,3,0.08360000000000001,0
4615,2030-08-20,50,Employed,Married,3,West,779,117,1.24,2.97,4.63,3.29,3,0.0937,0
4616,2030-08-21,67,Unemployed,Single,3,West,488,91,0.96,1.39,5.39,3.72,3,0.18605,0
4617,2030-08-22,59,Employed,Widowed,1,North,304,15,0.4,1.94,4.81,3.8,1,0.22365,0
4618,2030-08-23,24,Employed,Single,3,West,585,74,0.84,1.7,6.5,3.35,2,0.16425,0
4619,2030-08-24,53,Unemployed,Single,1,South,693,97,0.1,3.25,6.25,3.17,3,0.1205,0
4620,2030-08-25,33,Unemployed,Married,2,West,754,24,0.87,0.84,2.98,2.07,1,0.113,0
4621,2030-08-26,40,Employed,Divorced,1,South,725,103,0.58,-0.52,5.56,2.49,3,0.14675000000000002,0
4622,2030-08-27,27,Employed,Divorced,0,East,326,118,0.15,1.88,4.58,2.31,3,0.2176,0
4623,2030-08-28,35,Unemployed,Single,3,East,426,56,0.46,2.62,3.55,2.76,2,0.18005,0
4624,2030-08-29,43,Self-Employed,Divorced,3,East,434,20,1.35,1.49,5.5,3.38,1,0.1991,0
4625,2030-08-30,34,Employed,Single,3,West,834,4,0.88,0.16,5.61,3.13,1,0.11295000000000001,0
4626,2030-08-31,43,Employed,Single,1,East,630,74,1.35,2.65,9.14,3.19,2,0.1567,0
4627,2030-09-01,39,Unemployed,Married,4,East,691,106,0.62,1.56,1.67,3.24,3,0.11499999999999999,0
4628,2030-09-02,49,Employed,Divorced,1,West,307,8,1.47,2.23,4.3,2.63,1,0.21744999999999998,0
4629,2030-09-03,40,Retired,Married,0,North,560,10,0.54,1.71,8.77,2.89,1,0.18175000000000002,0
4630,2030-09-04,49,Employed,Married,1,West,498,100,1.14,-0.21,3.87,3.11,3,0.19195,0
4631,2030-09-05,44,Unemployed,Married,3,South,897,104,0.46,2.32,5.55,3.56,3,0.0753,0
4632,2030-09-06,38,Employed,Married,2,West,685,64,0.16,2.57,5.31,2.93,2,0.12459999999999999,0
4633,2030-09-07,30,Employed,Divorced,0,North,771,62,1.25,1.81,5.13,2.88,2,0.10980000000000001,0
4634,2030-09-08,61,Unemployed,Married,2,East,478,25,1.14,0.87,4.15,2.31,1,0.18755,0
4635,2030-09-09,28,Employed,Widowed,0,West,749,73,1.23,3.84,4.27,2.59,2,0.0907,0
4636,2030-09-10,46,Employed,Widowed,0,East,539,103,0.45,2.39,5.48,3.11,3,0.16375,0
4637,2030-09-11,49,Employed,Single,3,South,823,18,1.06,0.63,4.72,2.92,1,0.10655,0
4638,2030-09-12,30,Employed,Married,1,North,482,15,0.33,4.3,5.46,2.27,1,0.1588,1
4639,2030-09-13,37,Employed,Married,3,East,657,108,0.02,1.39,5.72,2.26,3,0.14545000000000002,0
4640,2030-09-14,22,Self-Employed,Single,3,East,675,55,1.3,3.33,6.48,2.46,2,0.12535000000000002,0
4641,2030-09-15,26,Employed,Married,3,East,837,100,0.79,2.66,6.6,2.86,3,0.09215000000000001,0
4642,2030-09-16,25,Employed,Single,2,East,381,113,1.48,2.36,5.26,3.49,3,0.20245,1
4643,2030-09-17,48,Employed,Married,0,West,657,104,0.58,3.39,3.32,3.13,3,0.11345,0
4644,2030-09-18,61,Self-Employed,Divorced,4,North,484,67,1.44,0.18,6.91,2.52,2,0.20675,1
4645,2030-09-19,25,Unemployed,Single,1,North,587,77,0.92,2.57,5.52,2.64,2,0.15014999999999998,0
4646,2030-09-20,38,Employed,Married,3,East,361,29,0.77,1.66,6.27,3.24,1,0.21949999999999997,0
4647,2030-09-21,46,Employed,Divorced,0,North,806,6,0.45,4.41,5.72,3.17,1,0.07799999999999999,0
4648,2030-09-22,40,Retired,Married,1,East,761,11,1.24,0.07,4.7,2.66,1,0.12755,0
4649,2030-09-23,61,Employed,Single,4,South,329,23,1.24,2.31,4.54,1.85,1,0.21234999999999998,0
4650,2030-09-24,69,Unemployed,Married,4,South,330,102,0.63,2.38,7.44,3.15,3,0.2259,1
4651,2030-09-25,47,Unemployed,Married,3,South,592,106,1.09,1.4,5.19,2.83,3,0.15895,0
4652,2030-09-26,69,Unemployed,Married,4,North,472,21,0.67,1.74,4.98,3.87,1,0.1845,0
4653,2030-09-27,32,Employed,Married,4,East,427,46,1.11,1.54,3.85,2.83,2,0.1921,0
4654,2030-09-28,27,Unemployed,Married,1,West,385,29,1.49,1.03,4.64,2.99,1,0.21164999999999995,1
4655,2030-09-29,23,Unemployed,Married,1,West,614,59,0.39,1.07,6.51,2.89,2,0.16335,0
4656,2030-09-30,30,Self-Employed,Married,3,South,327,38,0.95,1.84,5.15,3.22,2,0.2206,0
4657,2030-10-01,54,Employed,Single,0,South,421,19,0.57,2.68,7.03,3.2,1,0.1981,0
4658,2030-10-02,45,Employed,Married,3,North,550,25,0.82,1.34,5.58,2.44,1,0.17200000000000001,0
4659,2030-10-03,55,Employed,Married,2,West,872,48,1.31,-0.34,5.23,2.33,2,0.10655,0
4660,2030-10-04,36,Employed,Married,4,North,702,68,0.52,1.91,4.4,3.55,2,0.12240000000000001,0
4661,2030-10-05,22,Self-Employed,Single,0,South,742,103,0.11,2.28,5.16,2.77,3,0.1125,0
4662,2030-10-06,44,Employed,Single,1,East,571,41,1.2,1.76,3.8,3.27,2,0.15365,0
4663,2030-10-07,30,Employed,Single,2,East,412,5,0.83,2.04,6.02,2.83,1,0.2017,0
4664,2030-10-08,58,Employed,Single,2,East,693,52,0.67,2.92,4.99,2.07,2,0.1175,0
4665,2030-10-09,42,Self-Employed,Married,4,South,318,33,0.27,1.93,4.71,3.7,2,0.21974999999999997,0
4666,2030-10-10,46,Retired,Single,1,North,764,68,0.14,2.82,4.68,3.39,2,0.0992,0
4667,2030-10-11,63,Employed,Married,0,East,490,9,0.42,2.31,6.1,3.27,1,0.1799,0
4668,2030-10-12,59,Employed,Single,1,West,792,27,1.08,1.06,4.13,2.52,1,0.10705,0
4669,2030-10-13,47,Employed,Single,4,West,462,2,0.62,3.12,6.6,3.36,1,0.18130000000000002,0
4670,2030-10-14,49,Self-Employed,Married,2,South,594,76,0.86,0.65,4.42,3.14,2,0.16210000000000002,1
4671,2030-10-15,67,Unemployed,Single,4,West,878,47,0.12,-0.09,6.01,2.64,2,0.10645000000000002,1
4672,2030-10-16,58,Retired,Divorced,3,West,372,110,0.18,2.1,4.36,2.86,3,0.2028,0
4673,2030-10-17,40,Employed,Single,2,South,861,65,0.02,2.6,4.19,2.96,2,0.0747,0
4674,2030-10-18,47,Retired,Married,4,North,608,34,1.01,2.53,7.28,2.71,2,0.15410000000000001,0
4675,2030-10-19,61,Employed,Married,0,East,601,51,0.4,0.79,6.06,3.16,2,0.16715000000000002,1
4676,2030-10-20,40,Self-Employed,Married,0,South,607,113,1.45,2.15,5.19,3.43,3,0.1477,0
4677,2030-10-21,64,Employed,Single,0,West,423,61,0.46,0.34,2.84,2.77,2,0.20004999999999998,0
4678,2030-10-22,39,Unemployed,Married,3,East,560,51,0.55,2.35,5.66,2.95,2,0.1598,0
4679,2030-10-23,40,Employed,Married,1,East,494,115,0.7,2.09,6.55,2.94,3,0.18335,1
4680,2030-10-24,55,Self-Employed,Widowed,0,East,650,46,0.48,2.54,5.3,3.42,2,0.1336,0
4681,2030-10-25,67,Unemployed,Divorced,3,South,788,53,1.23,2.79,5.05,3.09,2,0.09535,0
4682,2030-10-26,22,Employed,Single,0,East,499,27,1.31,2.53,5.31,3.52,1,0.17149999999999999,1
4683,2030-10-27,50,Employed,Widowed,3,North,807,100,0.02,0.67,5.67,2.67,3,0.11489999999999999,0
4684,2030-10-28,54,Unemployed,Single,0,West,879,22,0.98,1.49,4.15,2.99,1,0.0811,0
4685,2030-10-29,42,Employed,Single,1,South,745,106,1.03,0.86,4.99,3.29,3,0.1251,1
4686,2030-10-30,23,Employed,Married,4,South,379,86,1.44,-0.54,5.21,3.35,2,0.23169999999999996,0
4687,2030-10-31,26,Employed,Single,0,East,768,34,0.56,2.74,6.44,2.81,2,0.1078,0
4688,2030-11-01,35,Self-Employed,Single,4,West,741,104,0.29,2.64,1.8,2.98,3,0.09234999999999999,1
4689,2030-11-02,47,Employed,Single,0,East,571,102,0.78,1.07,6.48,2.59,3,0.17395000000000002,0
4690,2030-11-03,30,Employed,Married,1,East,642,118,0.67,1.22,2.71,2.03,3,0.13585000000000003,1
4691,2030-11-04,29,Employed,Married,4,South,423,31,1.19,1.97,4.03,2.84,2,0.18969999999999998,1
4692,2030-11-05,53,Employed,Married,3,North,522,1,1.36,1.45,5.0,2.85,1,0.175,0
4693,2030-11-06,52,Unemployed,Single,0,West,789,110,0.13,3.1,6.09,2.79,3,0.09720000000000001,0
4694,2030-11-07,68,Retired,Married,0,West,596,107,1.27,1.61,6.67,2.46,3,0.16325,0
4695,2030-11-08,26,Self-Employed,Divorced,3,West,418,111,1.36,1.16,4.01,3.28,3,0.19895,0
4696,2030-11-09,61,Employed,Married,1,West,375,15,1.39,2.43,5.91,3.35,1,0.2065,0
4697,2030-11-10,56,Retired,Single,2,North,557,15,1.15,1.09,3.73,2.97,1,0.1635,0
4698,2030-11-11,22,Employed,Widowed,0,South,831,50,1.11,2.71,3.31,2.59,2,0.0767,0
4699,2030-11-12,49,Employed,Married,3,North,650,66,0.02,1.94,7.36,2.71,2,0.1499,0
4700,2030-11-13,24,Retired,Single,2,East,576,91,1.38,2.91,7.29,2.99,3,0.15835,0
4701,2030-11-14,21,Unemployed,Single,0,South,554,92,0.53,3.0,4.54,3.43,3,0.1492,1
4702,2030-11-15,39,Unemployed,Single,4,North,563,53,0.06,0.7,2.89,2.34,2,0.1617,0
4703,2030-11-16,46,Unemployed,Married,3,West,328,19,0.62,2.07,3.33,2.72,1,0.20894999999999997,0
4704,2030-11-17,45,Employed,Single,4,West,766,99,1.1,1.95,6.67,3.07,3,0.11735,0
4705,2030-11-18,30,Employed,Married,1,South,334,32,0.66,1.89,5.63,3.38,2,0.22074999999999997,0
4706,2030-11-19,35,Self-Employed,Single,2,North,593,85,1.14,3.16,3.4,2.34,2,0.13215,0
4707,2030-11-20,42,Employed,Divorced,3,South,502,7,0.76,1.98,5.27,2.63,1,0.17604999999999998,0
4708,2030-11-21,68,Employed,Single,0,West,367,119,0.45,0.61,3.84,1.84,3,0.21635,0
4709,2030-11-22,41,Unemployed,Divorced,0,North,430,110,0.3,1.54,2.68,3.65,3,0.1855,0
4710,2030-11-23,42,Unemployed,Divorced,2,West,410,23,0.63,1.3,3.42,2.45,1,0.1966,0
4711,2030-11-24,56,Employed,Single,4,South,823,52,0.05,1.59,6.62,3.25,2,0.10644999999999999,0
4712,2030-11-25,54,Unemployed,Married,4,South,587,63,0.63,1.99,2.49,3.71,2,0.14079999999999998,0
4713,2030-11-26,50,Unemployed,Single,3,South,342,57,0.1,1.3,4.8,3.7,2,0.2205,0
4714,2030-11-27,45,Self-Employed,Divorced,3,South,593,117,1.32,2.61,3.35,2.1,3,0.1374,0
4715,2030-11-28,65,Employed,Married,4,South,584,36,0.86,3.52,6.78,3.51,2,0.1477,0
4716,2030-11-29,48,Employed,Single,3,East,863,83,0.97,2.18,4.72,3.41,2,0.08105000000000001,0
4717,2030-11-30,21,Employed,Single,4,South,318,11,0.43,2.79,6.54,3.48,1,0.2203,0
4718,2030-12-01,69,Employed,Single,2,South,806,83,0.34,1.01,3.91,1.9,2,0.10295,1
4719,2030-12-02,65,Employed,Divorced,3,West,846,83,1.06,2.86,5.32,2.7,2,0.08150000000000002,0
4720,2030-12-03,24,Employed,Married,4,South,347,3,1.01,3.37,4.01,2.15,1,0.19459999999999997,0
4721,2030-12-04,27,Employed,Divorced,3,North,518,93,0.18,3.22,2.96,2.76,3,0.1481,0
4722,2030-12-05,69,Retired,Single,0,South,487,30,0.36,1.42,3.73,3.4,2,0.1777,0
4723,2030-12-06,29,Employed,Single,0,East,330,85,1.42,3.24,4.36,3.98,2,0.20189999999999997,1
4724,2030-12-07,56,Unemployed,Widowed,1,South,558,78,0.46,3.76,3.05,3.43,2,0.13315,1
4725,2030-12-08,39,Self-Employed,Single,4,West,643,37,0.04,1.44,6.19,3.2,2,0.1508,0
4726,2030-12-09,21,Employed,Divorced,1,North,607,36,0.1,2.7,3.72,2.74,2,0.13485,0
4727,2030-12-10,30,Retired,Single,4,North,370,91,1.16,1.42,6.56,2.72,3,0.22109999999999996,1
4728,2030-12-11,56,Self-Employed,Single,3,South,606,74,1.14,0.64,3.86,3.21,2,0.15639999999999998,1
4729,2030-12-12,29,Employed,Married,4,South,867,13,0.57,1.79,4.46,2.94,1,0.08265,0
4730,2030-12-13,65,Unemployed,Widowed,0,South,398,74,0.23,1.44,3.77,3.29,2,0.19995,1
4731,2030-12-14,66,Employed,Widowed,3,South,320,72,0.75,1.86,4.98,2.93,2,0.2213,1
4732,2030-12-15,62,Self-Employed,Single,0,West,864,23,0.5,-0.58,3.79,3.73,1,0.10375000000000001,0
4733,2030-12-16,52,Employed,Single,3,West,305,9,0.56,2.38,3.66,3.5,1,0.21325,0
4734,2030-12-17,52,Unemployed,Married,4,North,530,37,0.39,1.77,7.23,2.58,2,0.18095,0
4735,2030-12-18,26,Employed,Married,4,South,381,42,0.09,2.75,6.78,3.38,2,0.20615,0
4736,2030-12-19,68,Self-Employed,Married,0,West,516,104,1.19,1.54,7.95,3.13,3,0.19035000000000002,0
4737,2030-12-20,58,Employed,Single,2,West,634,36,0.93,3.73,4.82,2.64,2,0.1233,0
4738,2030-12-21,37,Self-Employed,Widowed,4,North,858,41,1.25,1.56,2.18,4.04,2,0.0758,0
4739,2030-12-22,30,Unemployed,Married,2,North,893,31,0.75,2.11,4.89,3.15,2,0.07510000000000001,0
4740,2030-12-23,47,Employed,Married,3,East,852,83,1.48,1.02,3.87,3.18,2,0.09115000000000001,1
4741,2030-12-24,55,Self-Employed,Married,2,West,758,13,1.44,2.1,4.3,3.4,1,0.106,0
4742,2030-12-25,41,Employed,Married,0,North,386,101,0.41,2.27,4.94,3.28,3,0.2005,0
4743,2030-12-26,45,Unemployed,Widowed,1,West,814,3,0.58,1.43,7.58,3.49,1,0.11510000000000001,0
4744,2030-12-27,48,Employed,Married,1,West,812,23,1.13,2.76,5.15,2.39,1,0.09015000000000001,1
4745,2030-12-28,67,Unemployed,Divorced,0,South,886,95,1.16,1.44,8.1,3.7,3,0.0996,0
4746,2030-12-29,35,Unemployed,Widowed,1,South,777,118,1.37,3.13,3.99,3.2,3,0.08940000000000001,0
4747,2030-12-30,24,Employed,Married,0,South,797,116,0.98,0.63,7.22,3.12,3,0.12555,0
4748,2030-12-31,49,Employed,Married,4,South,748,9,0.71,1.93,5.25,2.63,1,0.11495,0
4749,2031-01-01,29,Employed,Single,2,West,887,117,0.57,4.63,1.89,2.55,3,0.0364,0
4750,2031-01-02,47,Unemployed,Single,1,East,559,106,0.63,-0.39,5.27,2.54,3,0.1855,0
4751,2031-01-03,46,Employed,Single,4,East,836,15,1.28,2.95,6.05,2.76,1,0.08675,0
4752,2031-01-04,39,Employed,Single,1,East,499,38,1.47,2.32,2.57,3.03,2,0.1599,0
4753,2031-01-05,48,Unemployed,Single,3,West,762,95,0.08,1.69,4.58,2.32,3,0.11050000000000001,0
4754,2031-01-06,37,Employed,Single,0,East,393,17,0.87,3.1,4.23,3.88,1,0.1869,0
4755,2031-01-07,63,Self-Employed,Single,0,West,651,24,0.78,2.43,6.45,3.25,1,0.1402,1
4756,2031-01-08,61,Employed,Married,4,North,407,6,0.56,1.7,4.34,2.47,1,0.19795,1
4757,2031-01-09,62,Employed,Single,3,East,654,55,1.28,1.26,4.42,3.49,2,0.141,0
4758,2031-01-10,40,Unemployed,Single,2,West,768,116,0.86,1.58,3.69,2.75,3,0.10565000000000001,0
4759,2031-01-11,65,Employed,Married,3,North,394,46,0.47,1.75,3.57,2.61,2,0.19685,0
4760,2031-01-12,60,Employed,Married,3,South,390,114,0.67,1.82,3.53,3.65,3,0.19695,0
4761,2031-01-13,59,Unemployed,Married,2,North,343,81,0.54,1.2,3.21,2.67,2,0.2133,1
4762,2031-01-14,69,Employed,Married,2,North,755,110,0.65,2.15,3.13,3.03,3,0.10039999999999999,0
4763,2031-01-15,43,Retired,Married,3,East,683,81,0.11,1.35,7.24,3.45,2,0.14695,0
4764,2031-01-16,67,Retired,Married,1,South,322,2,0.17,2.14,7.09,3.59,1,0.22854999999999998,0
4765,2031-01-17,52,Employed,Married,1,South,322,0,0.94,3.91,6.72,3.13,1,0.20899999999999996,0
4766,2031-01-18,67,Employed,Widowed,3,East,533,32,1.03,2.85,5.11,2.14,2,0.1588,0
4767,2031-01-19,53,Unemployed,Married,1,North,610,70,0.95,1.96,4.36,2.47,2,0.1447,1
4768,2031-01-20,66,Employed,Married,2,West,716,73,1.14,0.82,5.78,3.72,2,0.1367,1
4769,2031-01-21,25,Employed,Married,2,East,632,107,1.42,2.14,7.21,3.43,3,0.15165,0
4770,2031-01-22,63,Unemployed,Single,1,North,874,58,1.29,3.79,5.34,3.33,2,0.0653,0
4771,2031-01-23,68,Employed,Married,2,West,402,71,0.63,0.99,4.41,2.64,2,0.20665,1
4772,2031-01-24,54,Unemployed,Widowed,0,East,799,117,0.33,-0.19,5.88,2.5,3,0.12655,0
4773,2031-01-25,60,Employed,Married,2,East,782,31,0.47,2.32,10.03,2.29,2,0.12645,0
4774,2031-01-26,31,Employed,Divorced,3,South,488,86,0.88,3.54,3.81,2.74,2,0.15665,0
4775,2031-01-27,23,Employed,Married,4,South,759,16,1.28,3.21,3.44,3.19,1,0.09034999999999999,0
4776,2031-01-28,53,Retired,Widowed,1,South,488,77,1.05,3.66,6.84,3.73,2,0.1706,0
4777,2031-01-29,31,Self-Employed,Married,1,West,650,16,0.81,0.71,6.55,2.95,1,0.15815,0
4778,2031-01-30,36,Unemployed,Single,2,East,880,88,0.9,1.6,3.44,2.99,2,0.0762,0
4779,2031-01-31,38,Employed,Married,2,South,413,20,0.79,2.37,5.46,3.47,1,0.19535,0
4780,2031-02-01,50,Employed,Single,4,South,403,54,1.46,-0.31,4.49,2.76,2,0.2198,0
4781,2031-02-02,68,Employed,Single,4,East,807,5,1.22,1.97,3.13,2.93,1,0.0892,0
4782,2031-02-03,30,Employed,Married,3,West,644,83,1.17,1.47,3.21,3.04,2,0.13535,0
4783,2031-02-04,38,Self-Employed,Single,0,South,320,48,0.78,1.75,4.14,2.74,2,0.21819999999999998,0
4784,2031-02-05,58,Self-Employed,Married,3,North,686,83,0.5,2.27,5.24,3.24,2,0.127,0
4785,2031-02-06,39,Employed,Single,1,West,508,25,0.03,1.66,6.06,3.06,1,0.1817,0
4786,2031-02-07,56,Retired,Single,2,South,782,31,0.07,0.91,4.4,3.1,2,0.1124,1
4787,2031-02-08,33,Employed,Widowed,3,North,772,71,0.05,2.71,4.6,2.51,2,0.0979,1
4788,2031-02-09,66,Retired,Single,2,South,692,108,1.47,0.9,5.87,3.41,3,0.14235,0
4789,2031-02-10,23,Employed,Married,2,West,815,111,0.17,1.89,4.54,3.84,3,0.09505,0
4790,2031-02-11,30,Employed,Married,3,East,487,43,0.21,1.17,4.61,3.37,2,0.18460000000000001,1
4791,2031-02-12,58,Employed,Married,3,East,645,58,0.73,2.68,6.75,2.62,2,0.1407,0
4792,2031-02-13,21,Employed,Divorced,4,West,651,28,0.72,0.43,4.43,2.22,1,0.1501,0
4793,2031-02-14,47,Self-Employed,Married,0,South,840,16,1.38,1.9,4.08,2.94,1,0.0864,0
4794,2031-02-15,66,Employed,Married,4,West,897,17,0.11,2.31,4.1,3.3,1,0.06815,0
4795,2031-02-16,28,Employed,Divorced,0,North,346,39,1.44,2.28,4.75,2.66,2,0.20944999999999997,0
4796,2031-02-17,66,Unemployed,Single,3,South,376,62,0.32,3.07,6.91,2.84,2,0.20484999999999998,0
4797,2031-02-18,62,Self-Employed,Married,0,West,642,81,1.46,2.83,5.65,3.56,2,0.13445000000000001,1
4798,2031-02-19,37,Unemployed,Widowed,1,East,490,74,0.81,2.45,4.81,2.21,2,0.17205,0
4799,2031-02-20,29,Employed,Married,4,West,842,44,0.98,0.01,4.84,3.16,2,0.1086,0
4800,2031-02-21,26,Self-Employed,Married,4,South,335,75,0.47,2.58,6.16,2.47,2,0.21625,1
4801,2031-02-22,63,Self-Employed,Married,4,West,723,78,0.92,3.21,4.83,3.42,2,0.1063,0
4802,2031-02-23,45,Employed,Married,2,East,650,89,1.07,1.22,4.81,3.38,2,0.14435,0
4803,2031-02-24,59,Employed,Divorced,2,North,487,2,0.02,3.16,5.5,2.98,1,0.16915,0
4804,2031-02-25,69,Employed,Single,3,West,826,2,0.05,2.9,3.93,3.15,1,0.07915,0
4805,2031-02-26,48,Employed,Single,3,West,633,37,1.48,1.3,7.93,2.54,2,0.1634,0
4806,2031-02-27,53,Employed,Married,2,North,782,98,0.69,1.47,7.83,3.42,3,0.12395,0
4807,2031-02-28,57,Employed,Married,4,West,515,72,1.4,1.04,5.13,3.2,2,0.18150000000000002,1
4808,2031-03-01,29,Self-Employed,Single,2,East,457,106,1.09,3.06,4.82,2.98,3,0.17425,0
4809,2031-03-02,38,Self-Employed,Single,0,North,540,39,0.56,1.32,3.67,2.61,2,0.16515000000000002,0
4810,2031-03-03,41,Retired,Single,4,East,595,67,0.23,1.33,5.12,3.05,2,0.15855,0
4811,2031-03-04,22,Unemployed,Widowed,2,East,761,53,1.47,1.77,3.51,2.81,2,0.1046,0
4812,2031-03-05,63,Employed,Married,3,East,344,119,0.88,0.87,4.77,3.4,3,0.22414999999999996,0
4813,2031-03-06,58,Unemployed,Married,2,South,794,19,0.29,2.49,6.12,3.82,1,0.1022,0
4814,2031-03-07,60,Unemployed,Single,1,North,474,14,1.02,1.7,6.56,3.33,1,0.1923,0
4815,2031-03-08,56,Employed,Single,2,South,645,92,0.14,3.1,7.19,2.82,3,0.13870000000000002,0
4816,2031-03-09,63,Self-Employed,Single,4,South,355,4,1.3,2.85,5.69,3.73,1,0.20619999999999997,0
4817,2031-03-10,57,Retired,Single,2,West,865,38,0.14,3.63,3.68,2.8,2,0.06085,0
4818,2031-03-11,35,Employed,Divorced,3,North,640,39,0.35,0.43,7.21,3.14,2,0.16675,1
4819,2031-03-12,48,Retired,Widowed,0,West,407,6,0.14,0.72,6.44,2.79,1,0.21825,0
4820,2031-03-13,38,Employed,Single,1,South,513,71,0.16,2.0,4.39,3.01,2,0.16870000000000002,0
4821,2031-03-14,54,Employed,Single,4,West,798,95,0.79,2.12,3.51,2.13,3,0.09185,1
4822,2031-03-15,42,Employed,Single,3,East,696,99,1.03,1.71,5.29,2.4,3,0.13035000000000002,1
4823,2031-03-16,31,Self-Employed,Married,1,South,849,32,1.18,3.64,6.96,2.97,2,0.08115,0
4824,2031-03-17,33,Unemployed,Single,2,East,796,117,1.04,1.6,4.36,3.15,3,0.1018,0
4825,2031-03-18,24,Retired,Single,1,North,472,36,0.55,2.47,5.23,2.93,2,0.17845,0
4826,2031-03-19,42,Employed,Single,0,West,404,31,0.84,2.34,5.9,3.43,2,0.2001,1
4827,2031-03-20,27,Employed,Married,1,South,851,42,1.39,1.39,2.83,1.94,2,0.08249999999999999,1
4828,2031-03-21,63,Unemployed,Married,1,North,778,62,0.58,2.47,4.08,3.24,2,0.09620000000000001,0
4829,2031-03-22,44,Self-Employed,Married,2,East,698,35,0.38,2.0,7.44,3.66,2,0.1377,1
4830,2031-03-23,24,Employed,Single,2,West,733,97,0.78,3.24,2.11,3.39,3,0.0899,0
4831,2031-03-24,48,Employed,Divorced,4,West,493,48,0.45,3.16,6.81,3.33,2,0.1742,0
4832,2031-03-25,35,Unemployed,Widowed,2,South,765,24,0.39,-0.52,6.79,3.5,1,0.14290000000000003,0
4833,2031-03-26,21,Unemployed,Single,1,West,640,107,1.17,0.46,5.64,2.4,3,0.15860000000000002,0
4834,2031-03-27,23,Employed,Single,0,West,358,95,1.34,1.85,5.22,2.39,3,0.21309999999999998,1
4835,2031-03-28,34,Employed,Married,2,East,837,65,0.75,2.86,2.54,2.84,2,0.06985000000000001,0
4836,2031-03-29,58,Retired,Single,4,East,777,8,1.17,2.12,5.73,2.95,1,0.10819999999999999,0
4837,2031-03-30,21,Self-Employed,Married,4,East,402,101,0.28,2.41,4.35,3.09,3,0.19215,0
4838,2031-03-31,58,Employed,Married,1,North,832,92,0.82,4.79,6.82,2.4,3,0.0732,0
4839,2031-04-01,58,Employed,Married,2,North,891,101,0.95,1.38,5.51,2.87,3,0.086,0
4840,2031-04-02,41,Unemployed,Single,2,West,621,17,0.74,2.44,2.68,3.48,1,0.12875000000000003,0
4841,2031-04-03,68,Employed,Married,4,North,848,21,0.18,2.16,3.85,2.82,1,0.08065,0
4842,2031-04-04,49,Employed,Widowed,2,South,313,98,1.1,2.86,2.66,2.2,3,0.20145,0
4843,2031-04-05,25,Employed,Single,1,East,755,14,1.26,2.95,3.0,2.21,1,0.09175,0
4844,2031-04-06,69,Employed,Married,0,North,520,6,0.95,2.56,6.29,3.5,1,0.17085,0
4845,2031-04-07,30,Self-Employed,Single,1,West,690,12,0.25,3.4,4.63,3.74,1,0.11165,0
4846,2031-04-08,48,Employed,Single,2,East,472,105,0.11,3.34,3.91,2.61,3,0.16315000000000002,0
4847,2031-04-09,41,Self-Employed,Married,1,North,380,35,0.45,2.41,4.96,3.43,2,0.2007,0
4848,2031-04-10,27,Employed,Single,3,East,635,15,0.06,1.89,4.43,3.31,1,0.13949999999999999,0
4849,2031-04-11,23,Employed,Single,3,North,524,40,1.26,2.29,5.24,2.29,2,0.1673,0
4850,2031-04-12,65,Employed,Single,2,West,334,20,1.05,0.34,8.19,3.25,1,0.24905,0
4851,2031-04-13,67,Retired,Married,2,North,487,27,0.85,1.47,4.97,3.35,1,0.1834,0
4852,2031-04-14,40,Unemployed,Married,0,North,523,73,1.33,1.03,6.68,2.86,2,0.18735,0
4853,2031-04-15,39,Employed,Single,1,North,793,82,0.17,2.89,2.14,2.8,2,0.07855,0
4854,2031-04-16,55,Unemployed,Married,0,East,610,16,1.07,3.35,4.43,3.11,1,0.13115,0
4855,2031-04-17,24,Self-Employed,Single,2,North,820,64,0.22,2.66,3.13,2.61,2,0.07905000000000001,0
4856,2031-04-18,25,Retired,Married,2,North,880,12,0.09,1.87,5.36,3.58,1,0.08310000000000001,0
4857,2031-04-19,21,Employed,Married,4,North,839,35,0.2,1.26,6.16,2.99,2,0.10345,0
4858,2031-04-20,24,Self-Employed,Married,0,East,668,110,1.43,2.88,6.31,2.78,3,0.13075,0
4859,2031-04-21,32,Employed,Widowed,2,West,774,57,0.66,3.05,4.8,2.93,2,0.095,0
4860,2031-04-22,47,Employed,Divorced,3,West,330,105,0.07,1.9,6.82,3.5,3,0.22759999999999997,0
4861,2031-04-23,62,Retired,Single,4,West,531,19,0.88,2.06,5.48,2.93,1,0.16905,0
4862,2031-04-24,43,Employed,Divorced,1,North,796,104,0.3,1.65,5.86,2.77,3,0.10880000000000001,0
4863,2031-04-25,45,Employed,Single,4,East,865,103,0.01,2.42,4.29,2.21,3,0.07600000000000001,0
4864,2031-04-26,41,Employed,Widowed,1,West,474,51,1.14,1.61,4.2,3.09,2,0.1814,0
4865,2031-04-27,44,Unemployed,Single,3,West,597,5,0.23,1.92,4.54,2.86,1,0.14925,0
4866,2031-04-28,45,Self-Employed,Single,1,West,664,22,1.41,0.83,6.93,2.4,1,0.15535000000000002,1
4867,2031-04-29,65,Employed,Single,0,South,385,41,0.89,2.26,4.29,3.22,2,0.19759999999999997,0
4868,2031-04-30,66,Retired,Single,1,East,876,23,0.13,3.75,2.7,2.45,1,0.052000000000000005,0
4869,2031-05-01,52,Employed,Married,1,South,388,115,0.33,2.35,4.69,2.68,3,0.19795000000000001,1
4870,2031-05-02,52,Employed,Divorced,4,North,353,112,0.92,3.04,4.11,3.23,3,0.19689999999999996,0
4871,2031-05-03,25,Retired,Married,3,West,660,4,0.51,2.76,6.57,3.23,1,0.13525,0
4872,2031-05-04,56,Employed,Married,1,North,775,31,0.8,1.88,5.24,3.04,2,0.10865000000000001,0
4873,2031-05-05,66,Employed,Married,0,East,528,45,1.2,1.99,5.69,2.86,2,0.17155,0
4874,2031-05-06,62,Employed,Single,4,North,833,16,1.19,1.45,6.63,2.76,1,0.1054,0
4875,2031-05-07,69,Unemployed,Single,3,North,672,74,1.05,2.98,5.47,2.56,2,0.12455,0
4876,2031-05-08,62,Employed,Single,3,West,768,26,1.33,2.47,3.54,2.86,1,0.096,0
4877,2031-05-09,59,Retired,Single,2,East,719,67,0.3,3.0,5.58,3.53,2,0.11315,0
4878,2031-05-10,36,Unemployed,Single,0,North,831,22,0.27,2.11,6.82,2.45,1,0.10025000000000002,0
4879,2031-05-11,53,Employed,Single,4,South,699,86,1.2,0.21,5.0,1.71,2,0.14315,0
4880,2031-05-12,69,Unemployed,Single,4,West,483,112,0.48,1.28,5.12,2.63,3,0.18705,0
4881,2031-05-13,41,Employed,Single,0,South,861,33,0.77,3.0,4.23,3.76,2,0.0709,0
4882,2031-05-14,29,Employed,Divorced,3,West,389,20,1.12,1.8,5.31,2.8,1,0.20629999999999998,0
4883,2031-05-15,26,Unemployed,Single,1,North,682,21,0.59,3.06,5.69,3.01,1,0.12235,0
4884,2031-05-16,65,Retired,Married,0,West,668,64,0.2,3.41,6.75,3.04,2,0.12764999999999999,0
4885,2031-05-17,55,Employed,Married,4,North,373,31,1.02,2.93,7.63,2.66,2,0.21059999999999998,0
4886,2031-05-18,59,Employed,Married,0,South,568,61,1.23,2.89,5.77,3.68,2,0.15295,1
4887,2031-05-19,42,Employed,Single,3,North,314,27,0.02,-0.69,7.27,2.88,1,0.25975,0
4888,2031-05-20,61,Employed,Single,2,West,628,81,0.84,1.77,5.52,3.54,2,0.1479,0
4889,2031-05-21,25,Employed,Single,2,West,691,6,0.7,1.99,5.93,3.03,1,0.132,0
4890,2031-05-22,62,Employed,Single,1,West,733,53,0.39,2.89,8.87,3.05,2,0.12719999999999998,0
4891,2031-05-23,43,Self-Employed,Single,1,South,643,101,0.24,2.11,4.87,2.48,3,0.1375,0
4892,2031-05-24,37,Employed,Married,3,East,494,69,0.28,0.5,3.33,3.51,2,0.18315,1
4893,2031-05-25,32,Employed,Married,1,South,335,13,1.09,0.53,8.33,2.91,1,0.2476,1
4894,2031-05-26,43,Unemployed,Married,2,North,504,93,0.8,1.52,6.02,3.07,3,0.1839,0
4895,2031-05-27,36,Unemployed,Married,3,North,356,54,1.47,4.69,3.27,3.85,2,0.17544999999999997,0
4896,2031-05-28,23,Employed,Single,3,South,409,57,0.36,2.28,4.78,3.14,2,0.19385,1
4897,2031-05-29,50,Employed,Married,3,South,795,43,1.44,2.51,5.7,3.09,2,0.09965,0
4898,2031-05-30,42,Self-Employed,Single,0,North,524,45,0.77,0.53,3.9,3.49,2,0.17820000000000003,0
4899,2031-05-31,29,Employed,Married,1,North,685,13,0.22,3.1,3.16,3.33,1,0.10855,0
4900,2031-06-01,49,Employed,Married,4,North,363,43,0.22,1.68,6.24,2.77,2,0.21865,0
4901,2031-06-02,67,Unemployed,Married,2,East,651,40,0.91,3.5,2.24,2.71,2,0.10844999999999999,0
4902,2031-06-03,57,Employed,Single,1,East,762,72,1.25,0.76,4.23,3.22,2,0.11805,1
4903,2031-06-04,43,Employed,Married,2,South,619,94,1.12,1.91,4.19,2.72,3,0.1421,0
4904,2031-06-05,33,Employed,Single,1,South,656,1,0.98,1.49,3.51,3.02,1,0.13365,0
4905,2031-06-06,52,Employed,Single,4,East,392,81,0.26,2.64,4.48,2.37,2,0.193,0
4906,2031-06-07,66,Employed,Single,2,West,599,4,0.16,2.98,4.7,3.84,1,0.13895000000000002,0
4907,2031-06-08,67,Retired,Single,4,East,793,89,0.0,1.37,0.45,2.68,2,0.0853,0
4908,2031-06-09,68,Employed,Married,2,South,894,86,0.15,2.81,5.42,3.3,2,0.07050000000000001,0
4909,2031-06-10,43,Employed,Married,0,East,688,11,1.15,3.42,6.24,3.32,1,0.12,0
4910,2031-06-11,65,Employed,Single,0,West,733,77,1.34,2.98,7.2,3.87,2,0.11795,0
4911,2031-06-12,37,Retired,Divorced,2,South,401,76,0.36,1.43,4.92,3.16,2,0.20504999999999998,0
4912,2031-06-13,60,Employed,Widowed,2,North,677,98,1.19,1.58,1.77,2.8,3,0.1188,1
4913,2031-06-14,41,Employed,Widowed,4,South,882,46,0.3,1.79,6.26,2.98,2,0.0879,0
4914,2031-06-15,22,Unemployed,Married,3,East,637,78,0.37,2.95,5.11,2.57,2,0.1318,0
4915,2031-06-16,57,Employed,Single,2,East,791,34,0.34,2.43,6.13,3.66,2,0.1036,0
4916,2031-06-17,26,Employed,Single,1,West,359,115,0.08,0.74,5.16,2.84,3,0.22364999999999996,0
4917,2031-06-18,64,Employed,Married,1,East,808,18,0.29,1.98,5.83,3.88,1,0.10235,0
4918,2031-06-19,38,Employed,Married,1,West,691,78,0.56,3.64,3.64,2.67,2,0.10405,0
4919,2031-06-20,50,Employed,Married,0,South,418,62,0.61,2.99,3.27,4.29,2,0.17695,0
4920,2031-06-21,42,Self-Employed,Widowed,4,East,770,114,0.46,1.4,4.81,2.66,3,0.11255000000000001,1
4921,2031-06-22,53,Employed,Married,0,South,627,7,0.77,0.46,4.95,2.63,1,0.1584,0
4922,2031-06-23,50,Self-Employed,Single,1,North,320,22,0.57,1.5,3.79,2.68,1,0.21894999999999998,0
4923,2031-06-24,37,Employed,Single,2,North,396,12,1.46,2.0,3.82,2.67,1,0.1951,0
4924,2031-06-25,63,Employed,Single,1,West,812,22,1.21,1.59,3.76,3.19,1,0.09489999999999998,0
4925,2031-06-26,52,Employed,Married,2,East,649,30,1.4,1.02,6.75,2.59,2,0.1563,0
4926,2031-06-27,62,Retired,Married,4,South,431,29,0.84,2.59,3.56,2.43,1,0.17914999999999998,0
4927,2031-06-28,34,Employed,Married,3,South,845,41,1.02,-0.39,5.77,2.55,2,0.1165,0
4928,2031-06-29,30,Self-Employed,Married,2,East,898,1,0.25,3.12,3.81,4.01,1,0.05835,0
4929,2031-06-30,67,Employed,Divorced,0,South,331,10,1.13,2.75,5.68,2.44,1,0.21314999999999998,1
4930,2031-07-01,56,Employed,Married,1,East,558,24,0.35,2.43,7.05,3.09,1,0.16645,0
4931,2031-07-02,54,Employed,Married,1,East,775,28,0.22,2.6,6.67,2.54,1,0.1086,0
4932,2031-07-03,29,Employed,Single,1,North,332,21,0.06,1.72,4.56,3.23,1,0.2176,1
4933,2031-07-04,62,Employed,Divorced,2,East,687,18,0.71,1.97,5.41,3.08,1,0.1306,0
4934,2031-07-05,48,Employed,Married,4,South,860,72,0.43,3.47,4.34,3.83,2,0.067,0
4935,2031-07-06,31,Unemployed,Single,2,East,755,40,1.48,1.85,6.41,2.78,2,0.11979999999999999,0
4936,2031-07-07,34,Employed,Single,0,North,893,37,0.37,2.38,4.89,3.21,2,0.0724,0
4937,2031-07-08,59,Self-Employed,Divorced,1,North,443,28,1.3,2.53,7.04,3.52,1,0.19415000000000002,1
4938,2031-07-09,67,Employed,Single,2,West,523,73,0.47,2.11,3.57,2.82,2,0.161,0
4939,2031-07-10,39,Employed,Married,1,South,516,21,1.12,1.79,3.8,3.11,1,0.16710000000000003,1
4940,2031-07-11,35,Self-Employed,Single,0,East,455,87,0.99,0.25,5.95,2.25,2,0.20850000000000002,1
4941,2031-07-12,48,Employed,Married,3,South,819,7,0.84,2.82,5.65,3.22,1,0.09030000000000002,0
4942,2031-07-13,44,Employed,Married,3,South,335,46,0.63,3.08,7.74,3.09,2,0.21914999999999998,1
4943,2031-07-14,28,Unemployed,Single,3,East,308,5,1.01,2.07,4.61,2.62,1,0.22035,0
4944,2031-07-15,63,Unemployed,Married,1,North,339,6,0.61,3.24,4.17,2.38,1,0.1987,1
4945,2031-07-16,29,Employed,Widowed,2,South,768,83,0.82,2.38,4.14,2.86,2,0.0999,0
4946,2031-07-17,67,Employed,Married,1,West,478,80,0.88,0.04,4.57,2.41,2,0.19795000000000001,0
4947,2031-07-18,53,Unemployed,Divorced,4,South,800,35,0.4,0.95,5.54,3.05,2,0.11320000000000001,0
4948,2031-07-19,53,Employed,Married,2,North,672,7,0.51,1.51,2.53,3.31,1,0.12455,1
4949,2031-07-20,39,Self-Employed,Single,0,West,367,76,0.03,1.39,3.15,2.12,2,0.20509999999999998,0
4950,2031-07-21,23,Employed,Married,3,West,723,87,1.28,2.07,5.34,2.58,2,0.12025000000000001,0
4951,2031-07-22,30,Employed,Married,2,West,814,45,1.13,1.08,5.56,3.8,2,0.10849999999999999,0
4952,2031-07-23,60,Self-Employed,Single,2,West,663,113,0.28,3.7,4.52,3.31,3,0.11485000000000001,0
4953,2031-07-24,67,Employed,Single,3,East,750,63,0.54,-0.15,5.68,2.29,2,0.1374,0
4954,2031-07-25,62,Employed,Single,0,East,815,30,0.63,1.92,2.72,2.75,2,0.08565,0
4955,2031-07-26,21,Employed,Married,1,East,628,22,0.5,1.25,3.88,2.1,1,0.1449,0
4956,2031-07-27,49,Unemployed,Married,1,West,669,60,1.2,0.7,3.85,3.57,2,0.14,0
4957,2031-07-28,54,Self-Employed,Single,2,North,896,80,1.09,2.59,3.68,2.99,2,0.0635,0
4958,2031-07-29,33,Employed,Married,3,South,686,49,1.15,0.99,6.25,3.07,2,0.14485,1
4959,2031-07-30,21,Employed,Divorced,4,West,846,45,1.36,2.04,6.43,3.6,2,0.09525,0
4960,2031-07-31,54,Unemployed,Single,0,North,413,87,0.89,1.05,1.63,2.88,2,0.18939999999999999,0
4961,2031-08-01,49,Unemployed,Married,1,South,870,42,0.92,0.1,2.03,3.14,2,0.08665,0
4962,2031-08-02,68,Self-Employed,Widowed,0,West,337,9,1.08,1.78,5.19,3.54,1,0.21889999999999998,0
4963,2031-08-03,67,Employed,Widowed,0,South,844,94,1.02,2.31,4.1,2.59,3,0.0814,0
4964,2031-08-04,33,Unemployed,Single,0,East,676,108,1.3,1.4,4.8,2.38,3,0.136,0
4965,2031-08-05,68,Self-Employed,Single,3,East,698,19,1.16,3.32,5.48,3.9,1,0.1147,1
4966,2031-08-06,69,Employed,Single,3,East,502,15,0.18,2.3,7.66,2.63,1,0.18480000000000002,0
4967,2031-08-07,49,Employed,Married,3,North,501,77,1.39,2.72,4.89,1.82,2,0.167,1
4968,2031-08-08,59,Employed,Married,2,East,399,2,1.02,1.34,6.29,2.64,1,0.2133,0
4969,2031-08-09,44,Self-Employed,Married,3,North,697,29,0.19,1.37,4.35,2.66,1,0.1288,0
4970,2031-08-10,46,Employed,Single,2,East,749,17,1.16,1.66,5.69,4.01,1,0.11960000000000001,0
4971,2031-08-11,37,Self-Employed,Single,1,East,417,58,0.54,1.65,6.06,3.28,2,0.20455,0
4972,2031-08-12,27,Retired,Married,1,East,720,69,1.21,1.54,4.23,2.89,2,0.12075,0
4973,2031-08-13,33,Unemployed,Married,1,North,542,83,1.43,0.89,3.98,2.66,2,0.1705,0
4974,2031-08-14,25,Retired,Married,1,South,840,34,0.38,2.79,4.28,3.34,2,0.07850000000000001,0
4975,2031-08-15,46,Retired,Married,1,North,526,18,1.29,0.53,6.3,3.53,1,0.18969999999999998,0
4976,2031-08-16,69,Employed,Single,3,West,800,25,1.16,2.63,6.09,3.25,1,0.09915,0
4977,2031-08-17,23,Self-Employed,Single,4,West,512,34,1.01,2.83,1.26,3.46,2,0.145,0
4978,2031-08-18,27,Employed,Single,3,North,412,75,0.58,1.71,4.37,3.78,2,0.19674999999999998,0
4979,2031-08-19,69,Unemployed,Single,4,North,672,71,0.16,4.54,5.65,3.05,2,0.10985,0
4980,2031-08-20,59,Employed,Single,3,South,598,56,0.73,2.01,7.34,2.75,2,0.16210000000000002,1
4981,2031-08-21,21,Retired,Single,1,North,318,100,0.16,1.71,4.85,2.79,3,0.22265,0
4982,2031-08-22,69,Self-Employed,Single,0,East,310,48,0.75,1.75,5.56,3.63,2,0.22779999999999997,0
4983,2031-08-23,37,Unemployed,Single,4,South,307,9,1.23,3.09,5.15,3.36,1,0.21309999999999998,0
4984,2031-08-24,63,Employed,Married,0,North,452,84,1.5,1.73,4.22,3.07,2,0.18580000000000002,0
4985,2031-08-25,45,Employed,Single,1,North,849,112,0.3,2.64,2.98,2.73,3,0.07125000000000001,0
4986,2031-08-26,23,Unemployed,Married,4,West,434,104,0.31,0.65,3.12,2.6,3,0.1956,0
4987,2031-08-27,35,Employed,Married,0,South,672,108,1.22,2.15,6.18,3.0,3,0.13640000000000002,1
4988,2031-08-28,49,Unemployed,Married,3,West,760,105,0.7,2.99,5.18,2.5,3,0.10099999999999999,0
4989,2031-08-29,63,Employed,Widowed,1,North,534,28,1.37,1.96,3.89,2.89,1,0.16135,0
4990,2031-08-30,52,Self-Employed,Single,3,South,554,94,1.15,1.24,2.86,3.6,3,0.15839999999999999,0
4991,2031-08-31,46,Employed,Married,3,East,885,103,1.1,1.71,6.16,2.93,3,0.08745,0
4992,2031-09-01,36,Self-Employed,Widowed,1,North,627,70,0.15,0.58,3.51,2.88,2,0.15000000000000002,0
4993,2031-09-02,45,Self-Employed,Divorced,4,North,661,97,0.05,2.91,6.01,3.07,3,0.13069999999999998,0
4994,2031-09-03,48,Employed,Single,2,West,673,97,0.48,3.22,4.8,3.48,3,0.11855,0
4995,2031-09-04,29,Employed,Single,2,East,508,93,0.33,1.87,4.94,3.9,3,0.174,0
4996,2031-09-05,21,Employed,Single,1,North,566,67,1.07,3.51,7.63,2.42,2,0.15655,0
4997,2031-09-06,49,Self-Employed,Married,2,West,853,104,0.68,2.74,1.85,3.6,3,0.0636,0
4998,2031-09-07,42,Employed,Married,0,West,805,93,0.78,2.02,3.68,3.4,3,0.09195,0
4999,2031-09-08,36,Unemployed,Single,4,North,863,88,1.22,3.35,7.4,2.38,2,0.08274999999999999,0
5000,2031-09-09,61,Employed,Married,3,South,720,77,0.72,2.71,6.4,2.51,2,0.1199,0
